fonds	fichier	octets	sha256	recupere_le
LEGI	Freemium_legi_global_20250713-140000.tar.gz	1171027316	f862b4a2238e11ec3c48ec70f3b1c68bac0bb1985907841666b98608653d4eca	2026-08-22T18:34:57Z
LEGI	LEGI_20250712-211706.tar.gz	961478	3431992de9da3d8358be410273ff4874f46fc191cc62d4e92319856547ef7adb	2026-08-22T18:34:57Z
LEGI	LEGI_20250713-205013.tar.gz	929133	dc091d7a66e7a04a6aef1975f8d73de7d70f07edb8f47b256bb0eeffa4d26d90	2026-08-22T18:34:57Z
LEGI	LEGI_20250715-205701.tar.gz	2821066	4caa02707c885b43e3054e9d323addbfb81af3fd4533eacc052212519e35dd1a	2026-08-22T18:34:58Z
LEGI	LEGI_20250716-211907.tar.gz	2151630	d322f5ec2260ca24096ee36cb52bb3893825590fdadb4bd066c84f401a40146f	2026-08-22T18:34:59Z
LEGI	LEGI_20250717-220632.tar.gz	8845602	abd9e51a9d9608de572e9b2ee6d4f88fc7484ce589fb21f2d085077cf1f226db	2026-08-22T18:35:01Z
LEGI	LEGI_20250718-215845.tar.gz	5338416	897006df82a1fbcd4624d769e1f2ef5d86c5ed8e2a2b081252a1be59ef516e29	2026-08-22T18:35:02Z
LEGI	LEGI_20250719-212042.tar.gz	1883574	b4a580612d9746c755f55a2232ab7033f8395598cc7c2b13f486b5333c651ab8	2026-08-22T18:35:02Z
LEGI	LEGI_20250720-205545.tar.gz	896755	0358e0527685d6584edecfddbb2dd46fdcfe637675cafd5c9fb4c40dab8dde8d	2026-08-22T18:35:03Z
LEGI	LEGI_20250721-212334.tar.gz	4409397	e2a5e1c7f3f418f7a2eceecdac4d748b11c9392e9853985d7b0f641f714ef149	2026-08-22T18:35:04Z
LEGI	LEGI_20250722-211916.tar.gz	1791663	e1e73d0d8d36df6727d3248e9115a528dcbded8720f0008ff8221b241a158295	2026-08-22T18:35:04Z
LEGI	LEGI_20250723-215323.tar.gz	4045929	36189845d961c59f06b29848b1fdbef30c1756d0f2844b76bd0b3ac16ec611d1	2026-08-22T18:35:05Z
LEGI	LEGI_20250724-212607.tar.gz	2361632	820dc26541ead1b5b3cea1afe0bb14ce4932b8aa40c8de43ac464c957b624b58	2026-08-22T18:35:06Z
LEGI	LEGI_20250725-221340.tar.gz	7224247	462d6c805bc6e1b21d2d0634d21bc7b85841107abda6fabac6a38a1f0ac4613a	2026-08-22T18:35:08Z
LEGI	LEGI_20250726-210909.tar.gz	1235022	2ae4720d4067b41fe2b94a807b183db946796f585d8ea7eb45666322bca078a4	2026-08-22T18:35:08Z
LEGI	LEGI_20250727-211228.tar.gz	2503003	9ca913716b32e77f010c05069304d398e6ac23e39a891457c2187b32fa365024	2026-08-22T18:35:08Z
LEGI	LEGI_20250728-212443.tar.gz	2927879	52d3063f120b14ede7a0b18c2fdb3446bedcd844e1b7fc791e1933d9dd39a79f	2026-08-22T18:35:09Z
LEGI	LEGI_20250729-212953.tar.gz	4856678	5069283e8e79c22e6724c90a2f4381c3593389f7320cd779fcd16b8479103747	2026-08-22T18:35:10Z
LEGI	LEGI_20250730-215254.tar.gz	5387671	e625ad4f98a8654d78d6d360819c1f996582b9e8ed39e4ac2326dc34804ce8d8	2026-08-22T18:35:12Z
LEGI	LEGI_20250731-220719.tar.gz	6692883	eba13f67971511e32ec15ee154732ba85203869f9dd08e06e735b08a51016a1d	2026-08-22T18:35:13Z
LEGI	LEGI_20250801-220941.tar.gz	9543014	d0312f066059acb6a57e57e9fc75231dc9afa26344a60c9ef961f61b3a932033	2026-08-22T18:35:15Z
LEGI	LEGI_20250802-212918.tar.gz	1941677	f11de439569406114d90e73f052e940dd71499dd9bec5d25bb641b36d92c8639	2026-08-22T18:35:15Z
LEGI	LEGI_20250803-205301.tar.gz	1972848	98b6885c8ec2cad4f4d7e8776883cb037b288227f24b0c501a4afc02f7ec75b6	2026-08-22T18:35:16Z
LEGI	LEGI_20250804-215726.tar.gz	9535251	99652f08601ea1b630e88f3839479c67123b6400cd0125b48b1a1037e02dde4f	2026-08-22T18:35:18Z
LEGI	LEGI_20250805-212821.tar.gz	4772591	484bcb6826ca5bb4d5ca6776ef2de52b0beb7609d7bbf487dbe216ade7b56f7d	2026-08-22T18:35:19Z
LEGI	LEGI_20250806-213327.tar.gz	4966855	a11b2265fd1f80bfde1381a4626506cb05a1669ba93504c69fe43babcc9757da	2026-08-22T18:35:20Z
LEGI	LEGI_20250808-135605.tar.gz	6561998	4f7270fdd1f452330399268af46ed770bdda4fd3f39304ecbe5daa90a83132ed	2026-08-22T18:35:22Z
LEGI	LEGI_20250808-210042.tar.gz	2928892	508b6c8d0ef7e94f29406ae06116f04cda39b6dc8ad5ce7f41993e3c8f9a1c06	2026-08-22T18:35:22Z
LEGI	LEGI_20250809-210416.tar.gz	726881	17469e491c8005884d6b914ecf3690c34390ec47b3a8c028f6ab7fe6bed95222	2026-08-22T18:35:23Z
LEGI	LEGI_20250810-203735.tar.gz	1143820	b14154b1d2a63d93837a8fae833013267943f3e1e8b2ab549e6f531fcf9f7037	2026-08-22T18:35:23Z
LEGI	LEGI_20250811-210141.tar.gz	4347277	085efc116fd55bda59d968bcb4bb823d634c08e78a467a00e17627ce352bba88	2026-08-22T18:35:24Z
LEGI	LEGI_20250812-214714.tar.gz	6162137	fd6c8aa138921cd177ca473cb8390bf7a3153727d179e282010b4c111b77c056	2026-08-22T18:35:25Z
LEGI	LEGI_20250813-220317.tar.gz	12549287	9491909ae26122128095a09e297692c4513f6fb483c25fa524572372a1e74a1b	2026-08-22T18:35:28Z
LEGI	LEGI_20250814-212734.tar.gz	2981697	4735df8c3ede1632e331eedc152361e6414cca9acaca26f82fba6dbc5d4879f7	2026-08-22T18:35:28Z
LEGI	LEGI_20250815-211727.tar.gz	840388	2a5172231be31898ccfda50bbbcd924e9f0ed73d1336181fc9b391a0084ec281	2026-08-22T18:35:29Z
LEGI	LEGI_20250817-202957.tar.gz	616397	43e17584a190e6f3115989df3204aa212a6aeaae37fca1a9fba11e70eeac8495	2026-08-22T18:35:29Z
LEGI	LEGI_20250818-211522.tar.gz	4239232	bf433c4e81f848cdfc0710c363600e406d9368891e92020174299cb901d48946	2026-08-22T18:35:30Z
LEGI	LEGI_20250819-205203.tar.gz	707775	47fb4ba55875e0578a8ef600a3972e057d47617f3ee9617c39a474b325f81e65	2026-08-22T18:35:30Z
LEGI	LEGI_20250820-210516.tar.gz	4263704	6eeefabf2497ca267e51122da664ebfc0c59a86a1ce178dca3459e60cdb9ee7f	2026-08-22T18:35:31Z
LEGI	LEGI_20250821-212230.tar.gz	2812344	33d9582032dcbf4ce4b77a3d5bc84fca88726c13f7d6971a596d88b136d16206	2026-08-22T18:35:32Z
LEGI	LEGI_20250822-212413.tar.gz	4033638	b218fae3e77b900efbf00bd50692d575c1e58a3ee5bf392f7939f8feca897649	2026-08-22T18:35:32Z
LEGI	LEGI_20250823-205734.tar.gz	367947	dcfa5658a9748f792f76e3ca9bd624de512c46e53663a7cdc20ef92ca40ed331	2026-08-22T18:35:33Z
LEGI	LEGI_20250824-203705.tar.gz	303624	eec02dcbd6b08a6e8d5046d370da89e0b95066c656eeffecbfc1d394da34dba9	2026-08-22T18:35:33Z
LEGI	LEGI_20250825-211704.tar.gz	6259248	442919dbfe90af1373f98dce4dd6ea2270d54f58a9c473754f441a22151a8943	2026-08-22T18:35:34Z
LEGI	LEGI_20250826-205450.tar.gz	1762587	d19c2ca15ecc895ee91a1b5e8e2a51b88676edc48dfa852a6344ed976775d10a	2026-08-22T18:35:35Z
LEGI	LEGI_20250827-210900.tar.gz	6217135	9d97d3d1ed7378dd3b702542a6ed63b0c333266094e2122a7ad7aa6b396b4837	2026-08-22T18:35:36Z
LEGI	LEGI_20250828-211529.tar.gz	6428117	4d201e3e51ae41284665faf75aefb8fc07a74ce450557f37b9318535a342a694	2026-08-22T18:35:37Z
LEGI	LEGI_20250829-210649.tar.gz	1995582	217e65ebc5326ec4cecdd1acdadae6e0a593c4c4dfbcef9a72307ead13d3902b	2026-08-22T18:35:38Z
LEGI	LEGI_20250830-204430.tar.gz	706081	71e41be676420dfce2dffdb32988bdc3ed414000040c03057df186246c1dfe88	2026-08-22T18:35:38Z
LEGI	LEGI_20250831-211703.tar.gz	6029763	d3cfdb05f3da8bd258eb478c4f913777319a6d42eb21956b9ad34213fda97609	2026-08-22T18:35:40Z
LEGI	LEGI_20250901-211619.tar.gz	3743314	939d286de1bf4c071665a120344c1b5c5c3c0ba3d88cc27ffd480d70034524d6	2026-08-22T18:35:41Z
LEGI	LEGI_20250902-210944.tar.gz	1409499	15c8e31150efe08564c9f9d2a41212b28009e11204f6f883d753dde748857f86	2026-08-22T18:35:41Z
LEGI	LEGI_20250903-212439.tar.gz	2262570	e8cbe391f608150602fa3608ad0d0ffc9075ecae17a78d75af4bc236ee1f2f7b	2026-08-22T18:35:42Z
LEGI	LEGI_20250904-212538.tar.gz	2702099	61a4888524ce43164f3897a59184e0f0e2b89fd68b17c7cfef5d6e65cf5d06d7	2026-08-22T18:35:42Z
LEGI	LEGI_20250905-213035.tar.gz	4370779	2cbde55e8ca4d6c4e8892c1e0d9dec98f8534e290a0d955e17dd87887ce32e98	2026-08-22T18:35:43Z
LEGI	LEGI_20250906-214029.tar.gz	6480724	cdf089282418fb6722caa5867aeb6dffe5812068b0927d3cdc014a386f4cb71b	2026-08-22T18:35:45Z
LEGI	LEGI_20250907-212524.tar.gz	3808304	d82648d6a0fd11d3bbe3e6f186424889879fefdfb610ba1111874c0e0e217a32	2026-08-22T18:35:46Z
LEGI	LEGI_20250908-213456.tar.gz	11086057	731f7f38d7919b015b1b8f7ce8cb42cc9b9ca048defccec665eace534538cf6c	2026-08-22T18:35:48Z
LEGI	LEGI_20250909-220116.tar.gz	10597981	86414d420d3f02f08c12fff5c04f3bb914d9e2c7c8d1d684f4d7df2de1c96469	2026-08-22T18:35:50Z
LEGI	LEGI_20250910-214153.tar.gz	4426286	a826003f4dcbc5c4aebde6772d6676bf02db95fe1fee86e014dc89381e8637c3	2026-08-22T18:35:51Z
LEGI	LEGI_20250911-214911.tar.gz	6021799	aa572c42ee3e2bf784f55bcc42f49671efa43f03f4afaf2794ae34dca7a950e5	2026-08-22T18:35:53Z
LEGI	LEGI_20250912-212714.tar.gz	4489540	c0a499b1a6491e38e30dec2f7d9230c82f376d251631ddadfad87caa03c9bbf2	2026-08-22T18:35:54Z
LEGI	LEGI_20250913-204655.tar.gz	405665	5a96d1c1e6961eea268e4cb5a432caa11081294232ecb8f58a42ca9942906e54	2026-08-22T18:35:54Z
LEGI	LEGI_20250914-204613.tar.gz	607827	cf7946f696e72be4e5ebc8d43f1e61f610f93bafd9e51993ba4f650be3c9a072	2026-08-22T18:35:54Z
LEGI	LEGI_20250915-205430.tar.gz	2045734	bf57835d82c6eb49a1702582c56e6c84f96b8fe7e34b8804c0c942081c5dd7cb	2026-08-22T18:35:55Z
LEGI	LEGI_20250916-210611.tar.gz	1871971	f2a0cbe2c35aa40556d601f1aee27c27e1356532520a76eec75cd08ec11cf4b9	2026-08-22T18:35:55Z
LEGI	LEGI_20250917-210515.tar.gz	1816921	cd376c559d45812e482b14f5bc5e245a0c372fcafdf7ba5f791ffffccffffc75	2026-08-22T18:35:56Z
LEGI	LEGI_20250918-210801.tar.gz	1683687	709ae6653b652eb8f0bb725aa96669bc584ab62f27ec29a4c0e99a794f5ff0b1	2026-08-22T18:35:56Z
LEGI	LEGI_20250919-212001.tar.gz	2177301	d789a5cae49cc21dbc574ffe7b7f42881d659f58a2e724805f04b02f4bfba3c4	2026-08-22T18:35:57Z
LEGI	LEGI_20250920-210431.tar.gz	1356359	b4f4a5ccba3ac0cf689182258fd620db8a73ca514f6661204efeef2286c6ba03	2026-08-22T18:35:57Z
LEGI	LEGI_20250921-203233.tar.gz	374651	ef79593ded7f20ab34010017e7c94ac97319d44e54991cca2478cdda69f84d42	2026-08-22T18:35:57Z
LEGI	LEGI_20250922-205012.tar.gz	1122711	78fb0f2c82b92ab962e46804b9382b25c1f44cc691c3c8b1166d67e06b86924b	2026-08-22T18:35:58Z
LEGI	LEGI_20250923-211012.tar.gz	2157473	0a84826b58b8d6036b93be0d6ada3064b532b7634cdcc96ed4386eea060d7ad1	2026-08-22T18:35:58Z
LEGI	LEGI_20250924-211352.tar.gz	3087113	248ef6fb4daae609f19bc7bd911177b90bb2ce2bb3696c5332e92fb277aef0a4	2026-08-22T18:35:59Z
LEGI	LEGI_20250925-212238.tar.gz	4458759	bb83a953519ac0b3ffc8e7d1930dbe3c5a8e628a33331749691a260c741afe4d	2026-08-22T18:36:00Z
LEGI	LEGI_20250926-212301.tar.gz	3482443	b9c9a594666078a05e45cda052e428ce5be6c08e970ff166a06d7b675dbeda7d	2026-08-22T18:36:01Z
LEGI	LEGI_20250927-211520.tar.gz	1111536	8d2f941cc7ca0a8a7623ca2e4839c341f1de81af30f88756a992fb28514faee7	2026-08-22T18:36:01Z
LEGI	LEGI_20250928-203545.tar.gz	487231	9dd9175a5b8e607d3cc1a29bccc9bcbdef16ec23c42d3c2bb540a86d44ec3f9f	2026-08-22T18:36:02Z
LEGI	LEGI_20250929-211717.tar.gz	4156831	e7c08b874eca049e5019d1630de38ea8153babccca8837574e11d3ae1623d29d	2026-08-22T18:36:02Z
LEGI	LEGI_20250930-214355.tar.gz	10813396	757a23ad62904e3a6d015bbbf7bed74010e60a0fe9b0bfbd92568da4f8e083c3	2026-08-22T18:36:04Z
LEGI	LEGI_20251001-212247.tar.gz	2753854	7d361681785a2a5fd3dcb42e3e825f2f51754615941d127efd58c087b4ccde1d	2026-08-22T18:36:05Z
LEGI	LEGI_20251002-213135.tar.gz	3312728	4a4641512e19aed493efd1027cab5076be545849f83600aac7d419ea6154272e	2026-08-22T18:36:06Z
LEGI	LEGI_20251003-212356.tar.gz	2338312	696a3522ac3d6799b685cd51e5d8fe5919b131a529ea953168e233d614823b9a	2026-08-22T18:36:07Z
LEGI	LEGI_20251004-210909.tar.gz	2642629	6537af0acff4499d06e26010808f11080f745f9364a903d599916ce8a7e09602	2026-08-22T18:36:07Z
LEGI	LEGI_20251005-204454.tar.gz	916527	6c5137092d83a41ea855344fae6a098ef09c92516653897588168dc6f0a73b26	2026-08-22T18:36:08Z
LEGI	LEGI_20251006-211801.tar.gz	3355114	b07cb0182507b61d1532e5ec34e1bab2f08c6bcb00ec6e99e7f969fd797c048c	2026-08-22T18:36:08Z
LEGI	LEGI_20251007-212923.tar.gz	5165623	23b5da49b786192021a439da69583a9c5cdffc704e0de052f4b74cdf86b634e1	2026-08-22T18:36:10Z
LEGI	LEGI_20251008-211500.tar.gz	5710788	75b0cb3c36bd63cb36b3c610e18576ad1c3d3129b4cf1ceb300125543e743489	2026-08-22T18:36:11Z
LEGI	LEGI_20251009-211254.tar.gz	2887382	24d38bc94075a9ccd8921977f67d52cf38fea3fba00f5b6d0503817d1b30f6a1	2026-08-22T18:36:12Z
LEGI	LEGI_20251010-211727.tar.gz	2021226	4165694cbcbefa8fce3b4aec55c23288a8da79b08af65238ae4c6e5dac276b4c	2026-08-22T18:36:12Z
LEGI	LEGI_20251011-211336.tar.gz	823665	7bf710cd1cbaa2c215300ce3e0feb945557a80ded4add725633836ac24617b66	2026-08-22T18:36:12Z
LEGI	LEGI_20251012-203250.tar.gz	603881	8f850bd30acfcafd541e3b0ad508d912789be71c8744b7837d2aef0ad74effd9	2026-08-22T18:36:13Z
LEGI	LEGI_20251013-205930.tar.gz	2281850	fb8da18d607f73c6ecae0a03e4d68a0a5334c2ee95e0634aeb874fe71e72778c	2026-08-22T18:36:13Z
LEGI	LEGI_20251014-210215.tar.gz	3100331	ed310c51ae0f400dba198b4c6bc9a9a285ee77516ee0b295032551aac361d955	2026-08-22T18:36:14Z
LEGI	LEGI_20251015-215624.tar.gz	4358023	441b1da9b0b302e893c745961b47d95c661dfb3c98807924658fcd5a4aa0284a	2026-08-22T18:36:15Z
LEGI	LEGI_20251016-211834.tar.gz	1885120	0c7dc5dae12724bc6610d941f1e144b235a075844d19f3ca2fff967270a4c363	2026-08-22T18:36:15Z
LEGI	LEGI_20251017-205649.tar.gz	2462855	d33a7adebf91a9f734ce28130daa7d2b434bb3cebdcd1c267074763d73868110	2026-08-22T18:36:16Z
LEGI	LEGI_20251018-210850.tar.gz	1199706	86d368ffd8a63d7dd885646679ea175bcad9926d962ae489d763be3db57ffe59	2026-08-22T18:36:16Z
LEGI	LEGI_20251019-202250.tar.gz	347222	0ee06c91a5b17ceae614a1ad58820771073d7c5228b1815ec51d56f13e5397f1	2026-08-22T18:36:17Z
LEGI	LEGI_20251020-203554.tar.gz	962806	6c7c7b9ee2cf2a7dc13986c769fe2fe9463d526a5c4e0e03921ecae026223076	2026-08-22T18:36:17Z
LEGI	LEGI_20251021-211313.tar.gz	1085913	18bcd3ddf98e05669ba30ba28bd34d6fc651b751211f0ad7cc61ebad9150e296	2026-08-22T18:36:17Z
LEGI	LEGI_20251022-210403.tar.gz	2364289	6f5d4dc61a6dabe917ed5c0152e58c78a14b80d32912965c8b129e5d61fdce1b	2026-08-22T18:36:18Z
LEGI	LEGI_20251023-211436.tar.gz	4422009	585b576e04374c8af63f841838fdd571b9888cd85317c60ef090847965eb9b53	2026-08-22T18:36:19Z
LEGI	LEGI_20251024-205512.tar.gz	1064345	28bb99a1afac5f7b8bea045a4408cfdba24c044ed59e038efbc7ab4b4b4bd1e8	2026-08-22T18:36:19Z
LEGI	LEGI_20251025-210652.tar.gz	1062262	7d0f3da8bca1fd18435103f1eb2f6f63a88af34085e777999dacad0677715ec3	2026-08-22T18:36:20Z
LEGI	LEGI_20251026-203558.tar.gz	534502	83fe458d3d544715ec906c6f46aec5d0052bb5ccf2dffe428e33160d9e49c3a3	2026-08-22T18:36:20Z
LEGI	LEGI_20251027-211613.tar.gz	2863838	3fdab86dcd8d6318fde2dabeceaa2ddcb92f53ad3d8cc035a93b936237bc1de8	2026-08-22T18:36:21Z
LEGI	LEGI_20251028-213036.tar.gz	6857773	3b69e1bbd0080eea56721c9e5832e4579b45b8522755b33ee248ec0216da9db9	2026-08-22T18:36:22Z
LEGI	LEGI_20251029-215609.tar.gz	6537606	c274672111c927512e856f70de3b9a6daaec873a709d7d326b0fa45308ef63f1	2026-08-22T18:36:23Z
LEGI	LEGI_20251030-215845.tar.gz	3817761	85588faf4a17e05a552920a0fb1f25eb8397208a82e0e1ce3d7c5692e8560680	2026-08-22T18:36:24Z
LEGI	LEGI_20251031-213327.tar.gz	3492095	e076cd7970a854f214d74e5e009280ae298b30b9703a9e70f43e1fc3b304ae32	2026-08-22T18:36:25Z
LEGI	LEGI_20251101-211853.tar.gz	2184600	6c68ea1e66f7f195e9a596f939ec737ec07f526ea789b16a563979622a94df9a	2026-08-22T18:36:25Z
LEGI	LEGI_20251103-213357.tar.gz	4763013	f793cc7735cf878e755cf0185fb57ea85fe843a0cdd74e92f0b35e6d1423f9b7	2026-08-22T18:36:27Z
LEGI	LEGI_20251104-212237.tar.gz	4610511	50f9cf10b2245638de8bd56e156243e987df75a8674b9a6c3f60d4216263d4e2	2026-08-22T18:36:28Z
LEGI	LEGI_20251105-213346.tar.gz	3710871	17906865a9be180d217c8eef84bc6f4e98fce1fe1d24267f24060aa126d24910	2026-08-22T18:36:28Z
LEGI	LEGI_20251106-212731.tar.gz	3499452	26212d2657507ab87306251f90b62ed288147be60bd77b74ebbb639ba9cc2627	2026-08-22T18:36:29Z
LEGI	LEGI_20251107-213531.tar.gz	3757429	2ecc4ddff19c7f34f713c53378c29eb45c3138de8338c6477e9c3d8d67d7d518	2026-08-22T18:36:30Z
LEGI	LEGI_20251108-212002.tar.gz	1320889	4ef92d6d0f98891cdbc0e42a00f8bc7e65fde1d2ac90c3f3043f78020cafb1e0	2026-08-22T18:36:30Z
LEGI	LEGI_20251109-203846.tar.gz	449942	712aefbbc47f6a3ab7c4af3b835da168dce16a24c52363d08c9ba84339ed6467	2026-08-22T18:36:31Z
LEGI	LEGI_20251110-211525.tar.gz	3787417	91db041cf088b5ff5af963113e03f3339c0450c76d8cfe361174303149462e85	2026-08-22T18:36:32Z
LEGI	LEGI_20251111-211258.tar.gz	968109	a40f4482852a3d640c091b18e1bf07a4e5aaa50c9e87b03adcb60ff103f53982	2026-08-22T18:36:32Z
LEGI	LEGI_20251112-205214.tar.gz	2289731	9b395f777d03610254d794886655035c48aab2f362a55d7f62482fd89d56f45e	2026-08-22T18:36:33Z
LEGI	LEGI_20251113-212834.tar.gz	3760069	0a28e8215cb69214aa7cc4fbc2123bb6a6118026b1cd01f541ba1714ffe9af62	2026-08-22T18:36:34Z
LEGI	LEGI_20251114-210758.tar.gz	2088506	0104ff097482f7458475c73457181a0edab25376941173fc7beec33ae6827814	2026-08-22T18:36:34Z
LEGI	LEGI_20251115-210104.tar.gz	517282	370e06e61d9c0d1a74d18e9883a75de14efbc362570f167707c7f4e62f2e27cf	2026-08-22T18:36:34Z
LEGI	LEGI_20251116-205140.tar.gz	965451	ae45c72ca78d1ad7f953cf60578f162b046b42fe6de375e9c4deb85429911271	2026-08-22T18:36:35Z
LEGI	LEGI_20251117-210231.tar.gz	2389333	376f82d606f7b8047cf931115ad509f04829629d16a06ab3d6c3e4a12c1d6669	2026-08-22T18:36:35Z
LEGI	LEGI_20251118-212555.tar.gz	4553552	30ea35af48eb7dbf486cfeacda5bce2ff11dcf51a1a1c15ae55bd0353bb6b973	2026-08-22T18:36:36Z
LEGI	LEGI_20251119-212941.tar.gz	3971614	0f7def5bbdf3da599ce59386a9d7ab879154fa97bd03ffa50088bd030fbaa58e	2026-08-22T18:36:37Z
LEGI	LEGI_20251120-214647.tar.gz	2779909	c7726cbbef1b8eb83a5f889bc8a8bb6884da1d27bec735132d35c72959b53e0b	2026-08-22T18:36:38Z
LEGI	LEGI_20251121-221742.tar.gz	17660916	cee37a21a38ff69aadcc1a3c2d988e95a7f97b3b4387a763525c028a64d45341	2026-08-22T18:36:41Z
LEGI	LEGI_20251122-211850.tar.gz	979938	7176bb0f66910ae617e8fee25633466e48c477c1ab17078f1b9a3bf971010451	2026-08-22T18:36:42Z
LEGI	LEGI_20251123-205750.tar.gz	738760	7b55e34c022231dcae681ec5608123f34c60fba9bb0975ae31a352b1e3c19185	2026-08-22T18:36:42Z
LEGI	LEGI_20251124-213422.tar.gz	10042175	f80e9c73d872c31b6d1aae1560a11700bb4641bbcceca7d8bd00f5811d8fc293	2026-08-22T18:36:44Z
LEGI	LEGI_20251125-211507.tar.gz	3043168	0ddca2547f0b508d3549c2834150d408e0a267fc8ad409fe5533a57d721a2381	2026-08-22T18:36:45Z
LEGI	LEGI_20251126-230052.tar.gz	19629562	1329108ef7095288374fac5caa29fe524f216cdddf8f4a8d282aee7305451bc5	2026-08-22T18:36:49Z
LEGI	LEGI_20251127-221105.tar.gz	8429815	ea6cca3a604114326a51b4130cff70fbf4b8d1b9ff733d8d773c80c75e809524	2026-08-22T18:36:50Z
LEGI	LEGI_20251128-214432.tar.gz	7649598	81b7292af7603003dd37d22b81121b34a0c43152694b1a8667f32e4cfa2673f1	2026-08-22T18:36:52Z
LEGI	LEGI_20251129-212340.tar.gz	1596065	21efe6e8c6395f840b5ebe500531cc2cf6fc4b0cb660180ac10dbb0fe7bf4f89	2026-08-22T18:36:52Z
LEGI	LEGI_20251130-205735.tar.gz	2551026	35d232bfa7537a400792d4689f59c428b1d2e6b0445b371ac7d4cd42fdacfc5f	2026-08-22T18:36:53Z
LEGI	LEGI_20251201-212627.tar.gz	3464480	e54f4d43f1b34619397e3793a7f7f5e1475cedd095fbb928ab1c72da427d7abf	2026-08-22T18:36:54Z
LEGI	LEGI_20251202-212251.tar.gz	2297383	37df0302215d5529fb71739f73bf092b299dc9b37cd522d4e68742d57dedaee5	2026-08-22T18:36:54Z
LEGI	LEGI_20251203-213427.tar.gz	2807890	5e707dcde5b478eee548323d87e746050304e96f64717d6903ba8afe8d35999a	2026-08-22T18:36:55Z
LEGI	LEGI_20251204-212936.tar.gz	4584879	1aeb250dea810623c4e5fed59b55e119cb3c9ca2736b09ab702f2a8d941dc857	2026-08-22T18:36:56Z
LEGI	LEGI_20251205-211816.tar.gz	1749478	a3b5a7ec250b8dde527fdb1c0d08dd347b3097b5708abc9ca6a969a80be11ccf	2026-08-22T18:36:56Z
LEGI	LEGI_20251206-211429.tar.gz	2967172	803d9c95157428d5db277a583f59a3fce1914d4d27c310983f533596ffdac1de	2026-08-22T18:36:57Z
LEGI	LEGI_20251207-204719.tar.gz	679045	cf13048eca9e02c55578820f68e9a79a6e3fef8afe0397cd625ee5f5352f43db	2026-08-22T18:36:58Z
LEGI	LEGI_20251208-211633.tar.gz	5105081	31be67e59f9a6b210f20dab7714ec0dbffc768db7fcf4c45af3863fd918b1229	2026-08-22T18:36:59Z
LEGI	LEGI_20251209-213053.tar.gz	4406437	3e44e0819c01d1adf0d49593031b117244a7b0216434d744e69da9d7f532ad65	2026-08-22T18:37:00Z
LEGI	LEGI_20251210-215256.tar.gz	6040357	780b0424a32937d0d09064b4bd9da713e9851397f4b5b0bcfbd6f9bb72c1be54	2026-08-22T18:37:01Z
LEGI	LEGI_20251211-214107.tar.gz	6558420	e3cb5b7e9b0c6f515b89a8382be2ae9ee01aae2c39b7aabe58e9d98bb7921d5d	2026-08-22T18:37:03Z
LEGI	LEGI_20251212-215441.tar.gz	4991810	791f0f9b06fc0a0cae413480386c53ec48d7e866d72a36f7e929b3c1e556ed84	2026-08-22T18:37:04Z
LEGI	LEGI_20251213-211956.tar.gz	1199682	43bd9240369e17e4e89665456ab4ce490c29044f1169ef820b03c245ab6265d8	2026-08-22T18:37:04Z
LEGI	LEGI_20251214-210933.tar.gz	1397210	ef21426ccbcabfce5598117a0bb8e175b0b8543bfb2eec5f59f719484b0f2de6	2026-08-22T18:37:05Z
LEGI	LEGI_20251215-210751.tar.gz	3452183	f7e066ffdf36ca6724edc0ae0aba2361f24e6f0038215c4ea9c27ec4f5605a14	2026-08-22T18:37:06Z
LEGI	LEGI_20251216-213609.tar.gz	2634964	ea10ec6132268ecbf4302a004a48fc4316011bcecdb333afe1941bf0e8154bc8	2026-08-22T18:37:06Z
LEGI	LEGI_20251217-213805.tar.gz	5328249	42fd77ce4ea3a0332814218e8c5c4b2566d77ce9463f07fb13a888703209b470	2026-08-22T18:37:07Z
LEGI	LEGI_20251218-215251.tar.gz	7026893	68f97377f375cff8828784115e814d891d5939f8eb59bcce3127591eccc09058	2026-08-22T18:37:09Z
LEGI	LEGI_20251219-221759.tar.gz	7160951	93106194fdf1124349776e712c4c05eae53d76b79d29641f22b9e9c35ef34cfe	2026-08-22T18:37:11Z
LEGI	LEGI_20251220-214622.tar.gz	7750953	4302d404843586d4e0206c1f571f0082f12f4077bf624b790bd050b4038c9830	2026-08-22T18:37:12Z
LEGI	LEGI_20251221-213030.tar.gz	1822109	43a94dc24f3669b9524c33c34b3642dcb5c0f9c20007f6d3b2d5dade4ebbe93e	2026-08-22T18:37:13Z
LEGI	LEGI_20251222-215837.tar.gz	9014960	6089070c278e9a97fbdf83cf690244f7ac9a14cd0f05414e17b6811e6e1ba308	2026-08-22T18:37:15Z
LEGI	LEGI_20251223-224143.tar.gz	21536468	8028419f440b988ae1bb3f9e5915c54d0ccf480aa7f2711779398de10036403f	2026-08-22T18:37:19Z
LEGI	LEGI_20251224-220555.tar.gz	5599774	73cd8f94d4cd60a9284328c214e5309f7805e3348dcf8a09f4f9064c00b36770	2026-08-22T18:37:20Z
LEGI	LEGI_20251226-221838.tar.gz	7880435	8bce24df59da77b896e869ae77f8d23dbec909b3a797257928a448db48072525	2026-08-22T18:37:22Z
LEGI	LEGI_20251227-211607.tar.gz	4034886	1a174713eba71d724c7e1e841ccc5c30b6e1143e0ae49cc8e5f27757907372ef	2026-08-22T18:37:23Z
LEGI	LEGI_20251228-211630.tar.gz	3716573	8381ee905aa9c3c73251df869fdf6f25156246cd9038e38ef6f7d0f2808675e9	2026-08-22T18:37:24Z
LEGI	LEGI_20251229-225156.tar.gz	28027918	35d0ee300f3db9d51e20a900555a06d5d935f20c3579608014f311eaedf19fa0	2026-08-22T18:37:30Z
LEGI	LEGI_20251230-230019.tar.gz	22067409	8400470e837aedf1be95ef5803ed1e68acfd668443679b610de96baefba1c12c	2026-08-22T18:37:34Z
LEGI	LEGI_20251231-230401.tar.gz	31965192	5cb90b468f874b1636ed99d5430967783f5dd78d26ef128316f71fb821c4d4ef	2026-08-22T18:37:40Z
LEGI	LEGI_20260101-211537.tar.gz	2431414	880ba43132374cf47d37119d336738e72d9d7b0ec5b2ab0e45d1776df21b9a6a	2026-08-22T18:37:41Z
LEGI	LEGI_20260102-215048.tar.gz	23723217	e7b326914835151d27abccf55454e2733e663e31ba360ea8e8adb942205d53a1	2026-08-22T18:37:46Z
LEGI	LEGI_20260103-210526.tar.gz	856508	eac12dd84f7f27a327d7574fb58a7d42ceb5d6a0a7c75e4f61ea437ab4fcbbb2	2026-08-22T18:37:46Z
LEGI	LEGI_20260104-202823.tar.gz	439955	72fb079dfca9050ad56a8441ac27c37a957d242a362eb6295d522ba4548545b4	2026-08-22T18:37:46Z
LEGI	LEGI_20260105-213447.tar.gz	7663582	f1751c16e5fa2e5d806b7c9b17a07c1ed93889715dade767e5dc32415b9d8b8e	2026-08-22T18:37:48Z
LEGI	LEGI_20260106-222302.tar.gz	12477123	5fc452cd768a75c7ec2f6d628fc5c66e0ede2d73a87bd65831fbb4d448ed1647	2026-08-22T18:37:50Z
LEGI	LEGI_20260107-222303.tar.gz	10964998	fdea3e73e35133c19287010c942e8c5f5ffbe581454305692cee0997ef391bf6	2026-08-22T18:37:53Z
LEGI	LEGI_20260108-220205.tar.gz	8307962	0f2307143c043a5cfa60bd8ad9c87941c77ca2f8e7513dd77aa862b46b4c230f	2026-08-22T18:37:55Z
LEGI	LEGI_20260109-215114.tar.gz	8046978	07a75f148617bed117847dde7921ee0c042d5c3481dc3f23f81104a2898e5953	2026-08-22T18:37:57Z
LEGI	LEGI_20260110-211203.tar.gz	548465	7d41baa455e557c2ef86d1fb8c8b646e17eb45ed2a312d15a34db65d80f7a7a0	2026-08-22T18:37:57Z
LEGI	LEGI_20260111-204923.tar.gz	914987	ead668b730f384ee832540aa2f6af676836da34448f66d5eb2f5364272366654	2026-08-22T18:37:57Z
LEGI	LEGI_20260112-212754.tar.gz	5642825	aa9739e4ca0627aca59d27a195a1b82dd8932a428653246d68282116aa9052eb	2026-08-22T18:37:59Z
LEGI	LEGI_20260113-211022.tar.gz	1606795	fb3004a37b5fa4c6d380308b9ecde1ebca46b818751485579e758efd32dae4bb	2026-08-22T18:37:59Z
LEGI	LEGI_20260114-215319.tar.gz	9934299	facb7a6aa63a7faaaf8ce98ecec255f77f73edfd4782a79bca8cf082e6617697	2026-08-22T18:38:01Z
LEGI	LEGI_20260115-213622.tar.gz	2798301	c48585149e0f545b1e137e3025f81d49e5301d44b56de79c155699170e581cbe	2026-08-22T18:38:02Z
LEGI	LEGI_20260116-213855.tar.gz	4675645	d90436c89d4948fc8e7fdee41bc7e9b44c5d308e4022680957b803a83376ed2c	2026-08-22T18:38:03Z
LEGI	LEGI_20260117-211336.tar.gz	647267	6107043fae1fba72eae55d3f7ade283a2343c9f727ce9163e55e529c18bf852e	2026-08-22T18:38:04Z
LEGI	LEGI_20260118-205025.tar.gz	1368041	233134c10219036dc9c609863f2a5a9eadd9d36d30e2f9d4cc9863678330dafc	2026-08-22T18:38:04Z
LEGI	LEGI_20260119-211610.tar.gz	4798903	395ef728dd4c853717874d1e0aecd2b207ea34d3ef8c78e9b9ad109694215552	2026-08-22T18:38:05Z
LEGI	LEGI_20260120-213113.tar.gz	3108607	c29723d2f162c78890fe442eab4da93599a03d62ae967c32d5933df74ec472d2	2026-08-22T18:38:06Z
LEGI	LEGI_20260121-220031.tar.gz	2866888	d07b543e02501fc5f582c948601ffc41ebea9466c0a707f66215da0919ccb4d8	2026-08-22T18:38:07Z
LEGI	LEGI_20260122-211654.tar.gz	1366671	b7ced3d67ace6064c31cd96fbbbbe705f78a6b3566f27c2d5020cd117ff54f3e	2026-08-22T18:38:07Z
LEGI	LEGI_20260123-213816.tar.gz	3938828	38e6ecfb4e3456b3fb7f0476f313dea69ab5e8078dbbd6f5a2e4e37280f468c7	2026-08-22T18:38:08Z
LEGI	LEGI_20260124-205802.tar.gz	972510	7736d8038fff3613081974c737973c97e65793f087a9610e3ea7ac191f0fe1fc	2026-08-22T18:38:08Z
LEGI	LEGI_20260125-205420.tar.gz	600645	5d8e4f9d8b20af254c2b19e483f6b3c36df8a51b6d3370c1864d458ae83322e2	2026-08-22T18:38:09Z
LEGI	LEGI_20260126-211407.tar.gz	2730427	e22f07a867a3a8073695c115d1e2bc0bd2807fa25bc739c30d69f3dc72c53270	2026-08-22T18:38:09Z
LEGI	LEGI_20260127-212213.tar.gz	3738839	caba6f95b060edb639a1df1baf3a7d08bbe14c5e307d39f9da4333085fb8b754	2026-08-22T18:38:10Z
LEGI	LEGI_20260128-213705.tar.gz	3271331	6604ce4dab7915fd542d9eb7bac5bffa815eb3007c1236fd3c1f172adfe12749	2026-08-22T18:38:11Z
LEGI	LEGI_20260129-214549.tar.gz	3944115	3ce171d45278a893bcbca7ed861570f04a18d35396be970d132af0a12d9c2cb8	2026-08-22T18:38:12Z
LEGI	LEGI_20260130-215723.tar.gz	3843473	36b4630a1402f77c5a62f67aa64d94f37022f19bb294d033d1d40990fc554b23	2026-08-22T18:38:14Z
LEGI	LEGI_20260131-212734.tar.gz	1703640	fa2c20a1c21498d63df7bc16397026ee9041db3f165dbcd6c41c8d6e72bec4e6	2026-08-22T18:38:15Z
LEGI	LEGI_20260201-204802.tar.gz	441078	111987af0b0e25fc5e785725d2fce058de366996670bfe665ceeed411c9b4087	2026-08-22T18:38:15Z
LEGI	LEGI_20260202-213906.tar.gz	4573386	8c2e119ec78b10bd476eb0de48566d6816f9ef595a42af0e69d4ce96cc9abfe3	2026-08-22T18:38:18Z
LEGI	LEGI_20260203-212644.tar.gz	4139835	b5ce102aeae1d43d48a8b07d30f88be0b64e17513dbc3e0f15c799fd0ade764e	2026-08-22T18:38:19Z
LEGI	LEGI_20260204-213125.tar.gz	2240814	cd39a8114ae8d96649410b6496f586d787c4fe3de3dddd8baffed5e66e8c1c19	2026-08-22T18:38:20Z
LEGI	LEGI_20260205-212615.tar.gz	1745254	ab0b793a2be5e3877d47fcfec1faa5e083a297598c22a845eab74f43536359d1	2026-08-22T18:38:20Z
LEGI	LEGI_20260206-213731.tar.gz	3316513	1fea8183436193e15a8666d396b22118a2ee5172fd07e274db7eea3393c3231d	2026-08-22T18:38:21Z
LEGI	LEGI_20260207-213045.tar.gz	1736664	1a20f824cd74ec307ed0c5a0102d8b4f8924a22c78baa6a411c9ae208c089daf	2026-08-22T18:38:21Z
LEGI	LEGI_20260208-205817.tar.gz	2500101	3738d54cffcbadbbc3b2e0f2e2c40ba649681820aa6bf2240803504518146f34	2026-08-22T18:38:22Z
LEGI	LEGI_20260209-211306.tar.gz	4096386	e2f4c776bff53d536de0c2e483b9e8168793e847a0b79323085c7005224c4b36	2026-08-22T18:38:23Z
LEGI	LEGI_20260210-211914.tar.gz	3363212	42010a01397edc41b210acb9c0b0ac8ff7a0f4315a334360ec509a401dae5d84	2026-08-22T18:38:24Z
LEGI	LEGI_20260211-213014.tar.gz	2443472	6e52612b55d00be7c56075c72985927216f6dfa6f2c37c5c334961d56dec19dd	2026-08-22T18:38:25Z
LEGI	LEGI_20260212-213618.tar.gz	2690228	47f5ce91dc9c4f69138d07d723c68093def795aebdb0640f816d865f8e411ddd	2026-08-22T18:38:25Z
LEGI	LEGI_20260213-215711.tar.gz	4104113	7373764c21d5fc2fb5592cdf75583c0613d9b3c599862b126ed992b0ce8e9f63	2026-08-22T18:38:26Z
LEGI	LEGI_20260214-212536.tar.gz	3202678	ff5b6142a0aff1a811b01eec2d4fab387c4d2ee30ad49d7017cae537e1a867c8	2026-08-22T18:38:27Z
LEGI	LEGI_20260215-210455.tar.gz	1271842	9412ce9f5ae2a429a73c68f70f7f19aa06356cc1614198fc6471364c36f767d8	2026-08-22T18:38:27Z
LEGI	LEGI_20260216-213927.tar.gz	9781508	388a9bf7ec21a37ee1c647307370f6d31422f320744159a5ac21a3981e27f9f7	2026-08-22T18:38:29Z
LEGI	LEGI_20260217-213718.tar.gz	3006765	70bffe5de4ccc7ec37da1072574131aed68d9fa69ae778905a42ad70482c6628	2026-08-22T18:38:30Z
LEGI	LEGI_20260218-215419.tar.gz	3286284	93bdc81e61eac28b7891e569058b5f4747e54a3f9f16545bfb71b3f707ef19ad	2026-08-22T18:38:31Z
LEGI	LEGI_20260219-212232.tar.gz	2014416	f8470f67fd5e8d630d8a5ff5270eff81d71ff4ac35dbb9e2fee6cc5d100316a4	2026-08-22T18:38:31Z
LEGI	LEGI_20260220-221620.tar.gz	16348913	905562211e0be45e18ac76bca57cbeeed24d5d9d948b1331336a7c074b7e3369	2026-08-22T18:38:34Z
LEGI	LEGI_20260221-213634.tar.gz	2993262	2eaf5220c845cd463cbdfb6d489f0d09b555d22978e04582b5043854d3be05f4	2026-08-22T18:38:35Z
LEGI	LEGI_20260222-204229.tar.gz	719255	4cdf5c9f0b05345aebbc31cd36878edb7aa071b0e013bf5803ff3472d745a078	2026-08-22T18:38:36Z
LEGI	LEGI_20260223-224003.tar.gz	43561156	0fc3e170d18f3058a64c4de69ea787289c99355841234646bf5339d0d64df82c	2026-08-22T18:38:45Z
LEGI	LEGI_20260224-221302.tar.gz	28061057	cae563839f6be8a51f9568e7b982990ce99ce67b3f009fc6da401388802384c2	2026-08-22T18:38:50Z
LEGI	LEGI_20260225-112946.tar.gz	17679	f71380767b4d28b7e1ca501692c7394dff6a04576e104bed569ea448268f42a9	2026-08-22T18:38:50Z
LEGI	LEGI_20260225-222454.tar.gz	13792090	9132bc7151494b7f1de42a53cd12ba0d19ddaee9adcd279297d9b2a5e665b5df	2026-08-22T18:38:53Z
LEGI	LEGI_20260226-220114.tar.gz	10706448	6760f59423134959f9b9e654d15b25e2d5e45a92bf4c0d66e4681972c12b0090	2026-08-22T18:38:55Z
LEGI	LEGI_20260227-215222.tar.gz	8586327	18d768c28a21d927f7c113b87414294a70cbe8d7cfe113182ee4390a378bcaad	2026-08-22T18:38:57Z
LEGI	LEGI_20260228-212019.tar.gz	3464399	f4763f3e6bf6495cf186683c499b9ca2dc61a9d0b7badaa32f1efc26e49e47a3	2026-08-22T18:38:58Z
LEGI	LEGI_20260301-133421.tar.gz	8088	d0484f3b1b25990bde36cf8c9f238e97b5bf47d51e51d3f9ce0c0558698aa0f2	2026-08-22T18:38:58Z
LEGI	LEGI_20260301-205101.tar.gz	879794	1bc8fdc2327a26bd1bd5d589d305c416dc2f6cc498c43fd7c011d4a677f6a367	2026-08-22T18:38:58Z
LEGI	LEGI_20260302-213830.tar.gz	5354636	092af2e47bc92eff2bca915f92fe5aa87aeaec042cd8857d1f638ea1459f130f	2026-08-22T18:38:59Z
LEGI	LEGI_20260303-213235.tar.gz	2775027	6335ca9902c2509817d2d538d6bdbc9fc5910383cb832b28b774c646ac14eeb7	2026-08-22T18:39:00Z
LEGI	LEGI_20260304-214724.tar.gz	8155395	29ba7103e5f624a82b11e187893219f230117d0c5681f2482e6bd1cfbab549c5	2026-08-22T18:39:02Z
LEGI	LEGI_20260305-214718.tar.gz	4181299	90e2609e8258ff0ab88dadf6909fb7c4f112a28629b6560b60ca52f24f8fa1aa	2026-08-22T18:39:02Z
LEGI	LEGI_20260306-214123.tar.gz	4205881	72222dd1a0c289700d68f16dee151d36a2613cc96764e6fd35031bc4e92f2e53	2026-08-22T18:39:03Z
LEGI	LEGI_20260307-212207.tar.gz	1084809	8541a1bbb0631bdfc631d532618cbbfd53f6c5865f23272b44c59e5fefd65f46	2026-08-22T18:39:04Z
LEGI	LEGI_20260308-204843.tar.gz	1077611	8b68fde2ff6a48f9b6e71f13fd8caef2bd184d3aa0c20e59c3fd1659715137c9	2026-08-22T18:39:04Z
LEGI	LEGI_20260309-211112.tar.gz	2601292	8ba3a17b131537283df3702781d6d11eb74cc262a26c250f1ad6bcc21e2809f1	2026-08-22T18:39:05Z
LEGI	LEGI_20260310-213318.tar.gz	2841382	940ae5f2fbd123fb186539138c00c730c071295e18e2930d5a221f8495164c73	2026-08-22T18:39:05Z
LEGI	LEGI_20260311-215438.tar.gz	4025360	bb60cd3519033367f2e4b740cffca35dfe95634631d7ddc59defe9aa175449bf	2026-08-22T18:39:06Z
LEGI	LEGI_20260312-070417.tar.gz	8701	25c09406fd71bbecc89fb9e1f3bd1a0e138fd7cd1ed4b04eecb8aee5a4801de6	2026-08-22T18:39:07Z
LEGI	LEGI_20260312-214147.tar.gz	3145874	16b30e2283aabba7d3bcd4a3592a02323f5bdc08cca902ec100fedd9211c6810	2026-08-22T18:39:07Z
LEGI	LEGI_20260313-214659.tar.gz	4759991	c527cdc34878ac7281ccf806ad1caba9cf1615b602c523a2f85cbefe80585484	2026-08-22T18:39:09Z
LEGI	LEGI_20260314-212106.tar.gz	1877964	f3f0de7cad31b80f31367f24e0584a81b0b8ab282ba0bb7d335383a25bd70394	2026-08-22T18:39:09Z
LEGI	LEGI_20260315-211140.tar.gz	582462	057721868ce502f7606da860f623e58ce9a2d41cf12eeedd3f09ce042aeac6ea	2026-08-22T18:39:09Z
LEGI	LEGI_20260316-213019.tar.gz	4918634	ede1c78feee4b6c03af10d9443b7c0096ea5e7e2b1b8d66d91e1777d4599fc19	2026-08-22T18:39:10Z
LEGI	LEGI_20260317-212200.tar.gz	1446847	f3388f62120996723b30848950986c9944a307fd5c2d4e803841dce842166341	2026-08-22T18:39:11Z
LEGI	LEGI_20260318-213412.tar.gz	2281639	b9188e732ab0586393b1a716a93bb57a1d3069ab13b63dbc3f5fce65137d1e7e	2026-08-22T18:39:11Z
LEGI	LEGI_20260319-213022.tar.gz	2344237	326b74de78818babd721058697faaf45a376e13d904a1904fe2a804eabe01456	2026-08-22T18:39:12Z
LEGI	LEGI_20260320-213900.tar.gz	2724906	930e724fa5cd2a5a8a063e9c648baefaee2068930b02086e220ed46709693c52	2026-08-22T18:39:13Z
LEGI	LEGI_20260321-211750.tar.gz	1326199	e7b11e6ad3a42052c8c4d2a5926c111559f6e7c5269f62ec8a57e6963e32dca5	2026-08-22T18:39:13Z
LEGI	LEGI_20260322-210426.tar.gz	390441	7fa6eda2c46c104f7e00d82671179edb8a5b4651cad3f478e51d3c136e3170ba	2026-08-22T18:39:13Z
LEGI	LEGI_20260323-211443.tar.gz	2842529	e983c64c1414372fc586629e709b5b2eb701537c2810565907ee5b71571759f2	2026-08-22T18:39:14Z
LEGI	LEGI_20260324-211026.tar.gz	2443653	7b3847322edb87770473eff8c10ec1a4f01ee5a9337bf19faa71fbbf4f170b25	2026-08-22T18:39:15Z
LEGI	LEGI_20260325-214514.tar.gz	4138680	b8417683d22edc6fccb372c14624f7cb5ddcc7a70167a55f4c350107888ae3da	2026-08-22T18:39:16Z
LEGI	LEGI_20260326-221059.tar.gz	7412881	ba798f42d659658b624b6305648d21e751c5b4c127bef9692d18a9f857d88395	2026-08-22T18:39:17Z
LEGI	LEGI_20260327-214904.tar.gz	3554023	c5950cb4cc3f97e6a18982c5cc0757f3ee308d762b6b134252ee025c7d98aa44	2026-08-22T18:39:18Z
LEGI	LEGI_20260328-211035.tar.gz	1327401	50c6890f2e5a9af984f050cf5b154dff1a1a016e38b6dab2b1a0f064d2f61538	2026-08-22T18:39:18Z
LEGI	LEGI_20260329-205537.tar.gz	627641	9958b713213466e6e0e81a79e92984bf2a3408d8b0dbbe06282e4f763dcba853	2026-08-22T18:39:19Z
LEGI	LEGI_20260330-213449.tar.gz	5969250	abb0a41f607f2a9d3cd228c88b2fd7ef6f480085166fe97c51edf3d1441da8a0	2026-08-22T18:39:20Z
LEGI	LEGI_20260331-215650.tar.gz	6663913	8fcd238da37496ce61143dd6ef89fb7a3960cc66471b2efbdd4b902aeb2d3c86	2026-08-22T18:39:21Z
LEGI	LEGI_20260401-215458.tar.gz	3187208	e646e0986beceafb49d86506f84fb55ca3c7fe843e436928f03aa89afb71506b	2026-08-22T18:39:22Z
LEGI	LEGI_20260402-215758.tar.gz	4192725	98a9b8da1fbe7f3f0e8c544818140264b3fc5a16299ec6b7a799b66146e32b0d	2026-08-22T18:39:23Z
LEGI	LEGI_20260403-221345.tar.gz	3546150	0867ca5014a26c0e717320f73ab9a7bad5151e315bad926691ac5445adefa259	2026-08-22T18:39:24Z
LEGI	LEGI_20260404-213031.tar.gz	2059592	74979b94770572b6afc7de96012bc12c67c6602307784f4b37b920947fe645af	2026-08-22T18:39:24Z
LEGI	LEGI_20260405-205014.tar.gz	531237	e03823e7ef2d3945604cad1f5505e2dd7df9bb2189ad46d7d5b0ab0fa22399a2	2026-08-22T18:39:25Z
LEGI	LEGI_20260407-213340.tar.gz	2876748	ea19072ef52f382ca897d53bedfde133007a61c26c948b033ba39726d596d0a5	2026-08-22T18:39:25Z
LEGI	LEGI_20260408-214134.tar.gz	3213515	d36483cc5aeef2ba29413d60abb6969dc9a5a6f240c70cb4b6dae2356a8d33c7	2026-08-22T18:39:26Z
LEGI	LEGI_20260409-215606.tar.gz	6970934	9410b7b221e19095516d34400ff066744cfefbc275dab05270b5979daeeaadcc	2026-08-22T18:39:28Z
LEGI	LEGI_20260410-214608.tar.gz	3677135	a6bd85dd17d96d8866e22b8c1c64762bfe2de6f42f51f43cedf1f36b0ace1f18	2026-08-22T18:39:28Z
LEGI	LEGI_20260411-220252.tar.gz	4626828	1353d9ea4f8f409ae8b569f0a5d0f1b9b29a95e98ffd5a9900df897aa26cc07c	2026-08-22T18:39:29Z
LEGI	LEGI_20260412-210058.tar.gz	1228027	6026a67d84dc84633f51c9c7ca61656cc0cfd66066bc049252046397fc6ea3a3	2026-08-22T18:39:30Z
LEGI	LEGI_20260413-220055.tar.gz	12539123	7eb277abe92d1c7c1574c28cd21f7aba1730cdc997625494e3956f4a26bf4bb2	2026-08-22T18:39:32Z
LEGI	LEGI_20260414-215312.tar.gz	5197243	3795330daa4e516cac032b9f18210ff32401654721f1cad030ba4697435dce73	2026-08-22T18:39:34Z
LEGI	LEGI_20260415-215728.tar.gz	4224604	482edd461677d7c9840036d840d3e92a2b0073b5e9f959c21d1d4906592d48bf	2026-08-22T18:39:35Z
LEGI	LEGI_20260416-214438.tar.gz	4158018	e700385691ead4fbb1705db37bcbe4807f073b0898c50e722f90de88903b9f53	2026-08-22T18:39:35Z
LEGI	LEGI_20260417-211846.tar.gz	1659213	ef1058c2010778480ee2c879d3ce154ab263d2846ff618bbf5065a13a5f3d8f7	2026-08-22T18:39:36Z
LEGI	LEGI_20260418-210500.tar.gz	872555	eac82606a36f5b36c256054e0bae2543696ba9999ce0a9e2225d7ace565ff37a	2026-08-22T18:39:36Z
LEGI	LEGI_20260419-210937.tar.gz	1119844	2fdd8752ea6dbf2979857a9e37145477cd475cb84d782ff2225cc4e69623e8ad	2026-08-22T18:39:37Z
LEGI	LEGI_20260420-214116.tar.gz	7859334	51d99530233f9a8529b9783d5324f5ee4fdea0dae8f662509d1f3822277e53ac	2026-08-22T18:39:38Z
LEGI	LEGI_20260421-212406.tar.gz	2743320	7e36da19e56a22796b3bfa4d260d39f240f94ed45d90a35bfbe4a525c5a19af2	2026-08-22T18:39:39Z
LEGI	LEGI_20260422-214145.tar.gz	5532459	e24da399e4be7bf8c603216de02fc9017e2f3130f75d0d4eb649606d8cd86fb3	2026-08-22T18:39:40Z
LEGI	LEGI_20260423-213844.tar.gz	3448356	91f86d4dbeea61dcdee0d527f468ddf7e8fbbd7e91157744d2e129b0071cbc43	2026-08-22T18:39:41Z
LEGI	LEGI_20260424-215737.tar.gz	7456997	8cc1d4b5798ed42b5ae4e4282c9fa4d9705fa1ce218b6f7e4fde2526fcaa287c	2026-08-22T18:39:43Z
LEGI	LEGI_20260425-212738.tar.gz	2710602	ed2a1952468e1d04a5f029135ee062bc30a211a6045880dccd5d5dd0985ebe9f	2026-08-22T18:39:43Z
LEGI	LEGI_20260426-205404.tar.gz	755389	b7b455d8b6c2f89bbe783a4fce2f65c09b98b2958b3b73bf56ee4b743d3e42d0	2026-08-22T18:39:43Z
LEGI	LEGI_20260427-212938.tar.gz	9006604	5143fe08b80c7d73b716e4834c2f222c9bc8aa8e267660c69a7fa0142333c14f	2026-08-22T18:39:45Z
LEGI	LEGI_20260428-213918.tar.gz	2759816	e512846c2de470d17ce1e3a374f2c4bbf0d0d19c796031847f458b7883595072	2026-08-22T18:39:46Z
LEGI	LEGI_20260429-214715.tar.gz	7316468	780f2899436d69784619ddbfbfee9cac801d411e76a4db018f1db73a909db52e	2026-08-22T18:39:48Z
LEGI	LEGI_20260430-220503.tar.gz	10134373	371bd2cd75e2bee33a9fd8a389c66f3ccd22fee551e908f5697f4d8ea0362134	2026-08-22T18:39:50Z
LEGI	LEGI_20260501-201005.tar.gz	36558	abb9cef7f8f91551d6ef5a1b21d086810be513747eea0a7e27daa292132cab57	2026-08-22T18:39:50Z
LEGI	LEGI_20260502-212309.tar.gz	2413501	76a17308c98bf4af76a656d37452b357a9fcdc95437e7d7c6720ec0eff094030	2026-08-22T18:39:50Z
LEGI	LEGI_20260503-204824.tar.gz	380226	80fc3ac4cecfc363a07598e3313dc7ad0abf37afe0eaccb0975fcf942cd50f1d	2026-08-22T18:39:50Z
LEGI	LEGI_20260504-212959.tar.gz	4167518	96ad44dd9c41026aaeb2d48dfeb776b0df947daad5a475d6470559188af155ed	2026-08-22T18:39:51Z
LEGI	LEGI_20260505-215314.tar.gz	5777339	794930944522cd972462cd4385d4ba6bb2f10c0f8491d80be2a02ab44d572eda	2026-08-22T18:39:53Z
LEGI	LEGI_20260506-212453.tar.gz	1754590	733c9e99a89eb736e2bd42db34ed9fc4d4ec3b899640daac3a3b42ad01c95025	2026-08-22T18:39:53Z
LEGI	LEGI_20260507-213433.tar.gz	2099200	9ce0f025d5db0ca1dc2c15a9bc5738dce2f36ddb8c5cd92ab055685cd84d1829	2026-08-22T18:39:54Z
LEGI	LEGI_20260508-213543.tar.gz	1376606	0343d04303716b683665e67f5b8763f0dd8b32283d68d93c59a2e6ba93297b3e	2026-08-22T18:39:54Z
LEGI	LEGI_20260510-213758.tar.gz	2759932	755f5e28d064ccc6f4fcd039be2279e1ce505d504e66c203e743e832cdbddf85	2026-08-22T18:39:55Z
LEGI	LEGI_20260511-123922.tar.gz	17946	ecdb950bb8cf45979b3daef6f0c750a85b40c39620c4ab8e353db8add1690e15	2026-08-22T18:39:55Z
LEGI	LEGI_20260511-222130.tar.gz	7913101	773d2e9abf20176f31443a2e5ccdbce208d1aadd1f54261acea38e88d1a729d7	2026-08-22T18:39:57Z
LEGI	LEGI_20260512-214003.tar.gz	2748391	15c761bddbdd120019c6e8dc640d42676a9ba2fa3ce776a8d64bc47569313713	2026-08-22T18:39:58Z
LEGI	LEGI_20260513-221833.tar.gz	6817560	bfd011e0fa43a7c56b6e93e131f303b9d38da923c1aa4ef2b09a5f0ff5225d14	2026-08-22T18:39:59Z
LEGI	LEGI_20260514-212031.tar.gz	1602744	2acb2b9e8ff25a26b84fa116482beb9931e00cafa3e7c2722beb0b17b580ec86	2026-08-22T18:40:00Z
LEGI	LEGI_20260515-205921.tar.gz	1653732	a2b1a4ce71f9063fc676445d4381ccbfd4bc9642c1040ab5e2da9c32dde38d2e	2026-08-22T18:40:00Z
LEGI	LEGI_20260516-211905.tar.gz	1389271	38f8c8731ee1df4bcd6f571d3bcc56aef7fd6f58c8a81bc80fca8d0a561531c3	2026-08-22T18:40:01Z
LEGI	LEGI_20260517-204556.tar.gz	643153	631f81eb8a9403d27b85ae1c61e4b0094d57d9747b861dcd7098da2b4268c3db	2026-08-22T18:40:01Z
LEGI	LEGI_20260518-211450.tar.gz	2498743	a6483b68d47e8ecd956330670ae166fd76c7aef4a228ccdd00724a852becd1d3	2026-08-22T18:40:02Z
LEGI	LEGI_20260519-205954.tar.gz	3213905	e003abe94b38ec33cba6bf7a0af85dc1ff3d7e06f0e28fb6f2035f4ccf65c44c	2026-08-22T18:40:02Z
LEGI	LEGI_20260520-213005.tar.gz	2413985	bf1ef2392f8b4092e7d9767af826854395abdec721a6c874af3ca01e7fba7f65	2026-08-22T18:40:03Z
LEGI	LEGI_20260521-213511.tar.gz	2585851	314d6acd44934330ac5b0fab1fc438e722dda8913857e75ed79939d228a195cc	2026-08-22T18:40:04Z
LEGI	LEGI_20260522-211557.tar.gz	2242697	997dea5abd685e9d28550699083f745733ac4baa05e40668cbe632459545e5eb	2026-08-22T18:40:04Z
LEGI	LEGI_20260523-212920.tar.gz	2424513	19a3d98a8b2f474d157efb660a0b3cb611c299da4dd5534c5884f7e04bb215dc	2026-08-22T18:40:05Z
LEGI	LEGI_20260524-210930.tar.gz	1178255	c36f5e698c0244fcac0d01e1c639c072e128adfe10a4851194855ad4e9e9a5ba	2026-08-22T18:40:05Z
LEGI	LEGI_20260525-201636.tar.gz	177386	cb766c3c7c0f09de1dbcf4ea46c22e86c24405d1977b043d8d080f3ccb86e90a	2026-08-22T18:40:05Z
LEGI	LEGI_20260526-212444.tar.gz	4785125	b251390baafc2b2e0b466ad22f768a08bc86f5025271582404699071027a8546	2026-08-22T18:40:06Z
LEGI	LEGI_20260527-222846.tar.gz	14426792	93c93fe54f72103f85ff777822aa20ba8be74cd0b887ff17ecaacb59a78005b0	2026-08-22T18:40:09Z
LEGI	LEGI_20260528-212842.tar.gz	2864900	ce9682f1e4eaf1e8a2c2bbc86c47ece79861eb54337fe5120fe70321dc78b702	2026-08-22T18:40:10Z
LEGI	LEGI_20260529-212228.tar.gz	2407716	60b7599a402cec2075ff5151f890a8185f0fba3e6d718d9a187089649be8b101	2026-08-22T18:40:10Z
LEGI	LEGI_20260530-213004.tar.gz	2943350	f1a6f39181991df6914cf6c724092a99301c31e3dc4650c04299004f1d305306	2026-08-22T18:40:11Z
LEGI	LEGI_20260531-213935.tar.gz	5020263	95470e8490a1399e1e181e62dd40379f6517a45248080afad0915a7624752d9f	2026-08-22T18:40:12Z
LEGI	LEGI_20260601-104919.tar.gz	5408	916f8ede3665d916c5bf45e36dda7259319b4c32fb6984f91da5bd5416fe57fe	2026-08-22T18:40:12Z
LEGI	LEGI_20260601-220831.tar.gz	11585605	85a233304477ade2971eb75cbad586a84fc4f5677d3ff3f0ebfc54e79ced9c71	2026-08-22T18:40:15Z
LEGI	LEGI_20260602-214656.tar.gz	5574941	1ea55baa65df0233041f6018ec8d83e331bb5119f06110cd430db8a034e935c3	2026-08-22T18:40:16Z
LEGI	LEGI_20260603-220526.tar.gz	3750928	6382720003255954338693a1fb57b3d747a6c6abeec0a66ad66963783f82a8e5	2026-08-22T18:40:17Z
LEGI	LEGI_20260604-214139.tar.gz	4775009	ab5ff542b7ee3d59691e969dd33e69eded0d137a3de80078366aad2b1825f1bc	2026-08-22T18:40:18Z
LEGI	LEGI_20260605-222728.tar.gz	7354470	07b88f5367559f023fabd0a4f3d2d15d3d7df529e947725874d00ef25d2c642f	2026-08-22T18:40:19Z
LEGI	LEGI_20260606-212958.tar.gz	1230476	1d9cc7e1e7f9ec52b28847545c097add88a08ee18a279c61dd22883ac8c258e7	2026-08-22T18:40:20Z
LEGI	LEGI_20260607-205700.tar.gz	1252083	61ea5eb7106078a78f9a8888c7c11acb8c2d3ee5c9c7bd8223f92bcd390b8688	2026-08-22T18:40:20Z
LEGI	LEGI_20260608-213910.tar.gz	4927806	8bc03960477a93193a0a0a20530a8b216c67622e24e28acae26dddd48d050994	2026-08-22T18:40:21Z
LEGI	LEGI_20260609-212725.tar.gz	2913239	28a7899b6624c03ea2c3b10c56958d3448e9092b790169e36dd8dfe45c7a1daa	2026-08-22T18:40:22Z
LEGI	LEGI_20260610-214017.tar.gz	3641059	ec5a94726426862495eef708a19159ad0f27ec8bba6276064e3682e90a3f3d66	2026-08-22T18:40:23Z
LEGI	LEGI_20260611-215545.tar.gz	5842424	985b8d667d37b288eada68b78cf4c9f3e66d083f473886cb230725743ad5ed38	2026-08-22T18:40:24Z
LEGI	LEGI_20260612-215918.tar.gz	5207129	707e6b0079a8c9578ae0d70db59f52f1d91300313b21c3fc5509abecde200efe	2026-08-22T18:40:25Z
LEGI	LEGI_20260613-213705.tar.gz	2114673	cdc97143c3ee82781ef13c6b8298144ea72f06ea4c43e3f1313d2189b4978d0f	2026-08-22T18:40:26Z
LEGI	LEGI_20260614-211107.tar.gz	1888161	771ab8670186c45bf1cf6aa916d0443a21d6977aea3c35d63dab52f0c88ace2f	2026-08-22T18:40:26Z
LEGI	LEGI_20260615-221231.tar.gz	9582430	afa843f7f1ee2138103bd486190e507193d90a3d65892a6b02f2c315f2adcc30	2026-08-22T18:40:28Z
LEGI	LEGI_20260616-213852.tar.gz	6609091	6c55121400b3218255da90841b9244e164da90a7806f1a3dd08e259f8f6d3775	2026-08-22T18:40:30Z
LEGI	LEGI_20260617-213057.tar.gz	2449666	9920705ba0777913089178b01d08afd7390a56b2f6c8ab648610762f3f00f0f5	2026-08-22T18:40:30Z
LEGI	LEGI_20260618-213729.tar.gz	3320505	45313320478eb8eba569950a5f3f506e3a8e03214579d3cf793228785de62e0f	2026-08-22T18:40:31Z
LEGI	LEGI_20260619-212738.tar.gz	3251050	c00274a25846568137cdd2b47733a9a9078072db23bd9c26f1d64b79bd914574	2026-08-22T18:40:32Z
LEGI	LEGI_20260620-212647.tar.gz	2312647	95928411ff1716330738d6fb6dc3ad3f8b49b86581a710f717d7248f052e5cd9	2026-08-22T18:40:32Z
LEGI	LEGI_20260621-210217.tar.gz	1045182	8106a01d52f85382403c23aa11e1481ff326f02d344d78d0871da071edfdaf8d	2026-08-22T18:40:33Z
LEGI	LEGI_20260622-213822.tar.gz	8861582	c41004c12aca2aa03088e55c71fc5bf2b53265a089574320b455013b0682c00a	2026-08-22T18:40:34Z
LEGI	LEGI_20260623-205747.tar.gz	3429502	66758045c08fd2ba38f56e45eddeeae2d1c3131b3d3b637bb32c633b4e5150a7	2026-08-22T18:40:35Z
LEGI	LEGI_20260624-215402.tar.gz	3179292	e9c90b21644cf2bb20c2b3cb4dcecf6ecec3278419c859e585b33d6e1a4b99bc	2026-08-22T18:40:36Z
LEGI	LEGI_20260625-214542.tar.gz	4826098	b293c2e772a7724ff756bb8171408432f49f2938fa39c0c8e14bfb4b3b427f3c	2026-08-22T18:40:37Z
LEGI	LEGI_20260626-222225.tar.gz	10759456	27e776b9aa9078bbfb1b9966a6a4c7d6bab1dea7092afa8cb54e483b9ae9dec9	2026-08-22T18:40:40Z
LEGI	LEGI_20260627-212718.tar.gz	2786305	ca963c9d2fdc15443f0c9bfcc2caefe0d1c6ad3f55e85b936c1afd5e9528018d	2026-08-22T18:40:40Z
LEGI	LEGI_20260628-211533.tar.gz	1405295	122d9dc197015a529126c6dc9244a1cad432494e439efadacd0c05ee0f9e0d18	2026-08-22T18:40:41Z
LEGI	LEGI_20260629-223234.tar.gz	22693393	cb0a0e32e1e8a71bdafc200f25642c56e4d1a827d749c9b2bd2b2a3ba2345d59	2026-08-22T18:40:46Z
LEGI	LEGI_20260630-220855.tar.gz	18658295	816c4b10e75a4f1748b883daad0ce9f6bcccf6e97d268ddf5257013ba59cd870	2026-08-22T18:40:49Z
LEGI	LEGI_20260701-101416.tar.gz	30914	a7538b0002dd8a3d8aa80af7cc1fe2da2cebaa02ab278a59f9844d9ffe93d52e	2026-08-22T18:40:49Z
LEGI	LEGI_20260701-222046.tar.gz	11591402	ae083f718d0e660d6a988460add56527836f8262429cfd9d6589978357f45aa9	2026-08-22T18:40:52Z
LEGI	LEGI_20260702-223445.tar.gz	22801797	f83711ec796c368087280e9ef699f20cf57a686284f3f7956a75df329d5d5f6b	2026-08-22T18:40:57Z
LEGI	LEGI_20260703-214412.tar.gz	1430963	89a6feb27e8e2e44add3204ff0e694a89bdf4f4197a5c17f596356e5747cfc22	2026-08-22T18:40:57Z
LEGI	LEGI_20260704-212159.tar.gz	2346311	6c62ffd3f017a27e5cf4d060886e961fa2687a78e231c1d73e2cdebf09e43ba1	2026-08-22T18:40:58Z
LEGI	LEGI_20260705-211232.tar.gz	1635161	31f00179ae8af229f78728f8af12c724919cb195874bf18f60e0d84da99d8340	2026-08-22T18:40:58Z
LEGI	LEGI_20260706-211216.tar.gz	2874136	f2409a2d177341f8775b4fe9406f9c3f63465e4736bcdb294505dc0caaba125f	2026-08-22T18:40:59Z
LEGI	LEGI_20260707-211437.tar.gz	4540629	1bf3aa7b1c08184d4cadd1ef34ddc37287a979cb733ecc4c582b1ed774bad3a4	2026-08-22T18:41:00Z
LEGI	LEGI_20260708-215132.tar.gz	5199477	a972e393abd7f78fbd989301009f6c41420de98240b59f399a5012e93f23ef3d	2026-08-22T18:41:01Z
LEGI	LEGI_20260709-215602.tar.gz	3643922	0fa3966117018029363f991f12318ab89bb9fd53a616ad23e3f5ed32774cb714	2026-08-22T18:41:02Z
LEGI	LEGI_20260710-220101.tar.gz	3987124	353fbc17e9a5f09919d6b462f332d59593fdccf4f526ae2fad8c30201af3496d	2026-08-22T18:41:03Z
LEGI	LEGI_20260711-213130.tar.gz	3610258	49b5f2e768ab959f23650d0a7d41b0b94f8ef8cc6165e7b49956333d82464491	2026-08-22T18:41:04Z
LEGI	LEGI_20260712-205733.tar.gz	1711697	089e5493eca280bcad83aa02485c3da92219d149d352fe2cd7f6595139fc1e0f	2026-08-22T18:41:04Z
LEGI	LEGI_20260713-212510.tar.gz	5818774	0c3b92fe6ef4c83922fdc015b628d903d80b4f97395e338dda80581988140ca5	2026-08-22T18:41:05Z
LEGI	LEGI_20260714-210614.tar.gz	565875	eea5cb3eff3b6f65940a96b8dfdb7f173e15574b822adbcf2889ef1a5b7d7921	2026-08-22T18:41:06Z
LEGI	LEGI_20260715-212020.tar.gz	2715621	b9d6afa1551f16861b77832026df6062f846baef49df819bd0ea6963ae4e4dc5	2026-08-22T18:41:06Z
LEGI	LEGI_20260716-214918.tar.gz	4430526	9f2bebd68eda3afa6602fafae1a7a14d2641ca83d95035d8ea2b3a493725a300	2026-08-22T18:41:07Z
LEGI	LEGI_20260717-215733.tar.gz	5547067	1ba1e499eb622a89b458216fe44b60e19db02d45782633118ec7660d360813b4	2026-08-22T18:41:08Z
LEGI	LEGI_20260718-210817.tar.gz	1607195	fec5a4e75c2f54b85b66d9c5b9b448590db9f819713ae553f34d133d7b02fcac	2026-08-22T18:41:09Z
LEGI	LEGI_20260719-205439.tar.gz	667751	0b19839634d426c8b6d191da6d9c809c94daef95c8af2e487d49dc62a1239cf4	2026-08-22T18:41:09Z
LEGI	LEGI_20260720-210701.tar.gz	2346248	30c7f8f8956c30f96766e3e694df8765b63e4238e16e88121930c086b6c01433	2026-08-22T18:41:10Z
LEGI	LEGI_20260721-211112.tar.gz	1356320	97b66be3b16986b3181b71fd8189728e3a5646f122e1248f1f141733934fa303	2026-08-22T18:41:10Z
LEGI	LEGI_20260722-220255.tar.gz	5331901	91afaee20f73a658f6f54dfd181be357f5d55dcd753f75bafc08291d29b07312	2026-08-22T18:41:11Z
LEGI	LEGI_20260723-224400.tar.gz	11541378	c8b08dcbc90a03f30709c8b4857382ea6c380b9ab295c2e446e5265eaa50288c	2026-08-22T18:41:14Z
LEGI	LEGI_20260724-222927.tar.gz	11261851	c6fc85571d366531e996017466d55846db375a2578f241bfbdf90b8020d68c38	2026-08-22T18:41:16Z
LEGI	LEGI_20260725-211146.tar.gz	2257317	dc8d4e2d1cb72e3db813335415aba0a65029b74815c6dc5bd50e7f208cfead22	2026-08-22T18:41:16Z
LEGI	LEGI_20260726-210021.tar.gz	1661536	6a9c4e410ded97481153d77991bc4ed61623dfe2c8120f91a37242b020e6954b	2026-08-22T18:41:17Z
LEGI	LEGI_20260727-214936.tar.gz	6936992	cb219b129d4b1d421a4f900af348e6547595d13a9b5a57f1e23295bb31944fd3	2026-08-22T18:41:18Z
LEGI	LEGI_20260728-135307.tar.gz	31886	e886822b9cc6d5f7027f1cc147391e66f24a8dc7f8d20d75a6c2e5bafa10edbb	2026-08-22T18:41:19Z
LEGI	LEGI_20260728-220005.tar.gz	18065848	d74c3831fc18649a1903b4619262ceb25a79c6873042d97e23a1d6fd8c8690d8	2026-08-22T18:41:23Z
LEGI	LEGI_20260729-223923.tar.gz	17175525	33e0da5a4d086acd2d95b2fbff24eba39db2b3576ba73f91c2fc8e60231309a0	2026-08-22T18:41:26Z
LEGI	LEGI_20260730-222818.tar.gz	16774202	4fa808fa5e25fc8a04d0048e1a7521b34d8cb458514b0993d982e6575311337d	2026-08-22T18:41:30Z
LEGI	LEGI_20260731-221216.tar.gz	12044685	ba715827cdd9fa27aa8b21040ce4263034f2e30f889aeabdb42bba061bdf94b6	2026-08-22T18:41:32Z
LEGI	LEGI_20260801-214401.tar.gz	1995807	a3a6c036e04dd7bca120b0f13ed5797836a6c1b0096f14f8b77d28b07934800a	2026-08-22T18:41:32Z
LEGI	LEGI_20260802-212422.tar.gz	3235626	220a28774736b5905fb4ddcf3abc50ead4e52ce77de71f6b295b5efd1ec55a2b	2026-08-22T18:41:33Z
LEGI	LEGI_20260803-212828.tar.gz	9731339	1a7d9935102252ecc67318ebf52242dff6a93b05bc2e6535fbf1c46443789d50	2026-08-22T18:41:35Z
LEGI	LEGI_20260804-220219.tar.gz	9334734	b984fb1cb2641a7e74693d8bb0506332599e84ea103751e175afc5efa7d6b2f6	2026-08-22T18:41:37Z
LEGI	LEGI_20260805-214530.tar.gz	2302301	eedbbffc188f1d341005fc6505dc1cfe8264bb435e7beb05621f32e5e81b069a	2026-08-22T18:41:38Z
LEGI	LEGI_20260806-213018.tar.gz	7967546	0581d948d4dae408c7379b80729fb4c2b96b355c6193bb6951064f5819b19cd5	2026-08-22T18:41:39Z
LEGI	LEGI_20260807-213914.tar.gz	4500048	1ac8d2d9626dca9d635b9e2237d7bdc39fd0dfc74ebe639da3d52a309d219caa	2026-08-22T18:41:40Z
LEGI	LEGI_20260808-211633.tar.gz	1053513	bc60efc81c3ab7503d83da9691b8a243c17092722998518ccff24add69cf9931	2026-08-22T18:41:41Z
LEGI	LEGI_20260809-211116.tar.gz	2036476	8609239ccfa115db14987627642e2e3b9ea3636983039ad49f2c3cbce385bf60	2026-08-22T18:41:41Z
LEGI	LEGI_20260810-213209.tar.gz	5563633	e6265a5966c140fe608a44dbfb17ef9dbd1ff1bbba983fce245080e07b55097a	2026-08-22T18:41:42Z
LEGI	LEGI_20260811-214348.tar.gz	20688091	99276d5e9ba499d327e7c34ceb15f6fb26b30c3cd5bea141cba29f3b6ea3f68d	2026-08-22T18:41:46Z
LEGI	LEGI_20260812-214541.tar.gz	4752694	5e4c2d5b25df0b8194d93694e068aab4b109cf44ceb44e8553d1ff8ab4088de9	2026-08-22T18:41:47Z
LEGI	LEGI_20260813-212523.tar.gz	2406803	6b1a34dcc22929fbbf1da6aa4f249af384ee3c9415968b813a87b82f1d342af7	2026-08-22T18:41:48Z
LEGI	LEGI_20260814-213449.tar.gz	2663753	1b0020015fbb79de0fa772407dfb4944f02f1a1ce23439f5f87b452dd8b7903e	2026-08-22T18:41:49Z
LEGI	LEGI_20260815-212325.tar.gz	1758332	54271b494c1e4a7e4006ce7b76cc61efc20d66e8e72e89ce776bb03e94fc6cc7	2026-08-22T18:41:49Z
LEGI	LEGI_20260816-201148.tar.gz	13089	e26e4186d8d7d70db4a67d3a3d7121f6ae0cbf1f3318f88eadb77956885ce4a2	2026-08-22T18:41:49Z
LEGI	LEGI_20260817-212752.tar.gz	6269137	1cd937c16c6a61be8c13675ab21cd072f72d815d9c6828a9039a9466a7799376	2026-08-22T18:41:51Z
LEGI	LEGI_20260818-223511.tar.gz	10695676	f246571c4ee4398797ed743e2ed49ad786e0859a332fd295bedbce746b23f7c2	2026-08-22T18:41:53Z
LEGI	LEGI_20260819-222711.tar.gz	12665511	7c8837c27e9851776fbdbd8d438250323239e3e70b94fe43a3ea37b8d5f8ee04	2026-08-22T18:41:55Z
LEGI	LEGI_20260820-220411.tar.gz	6330545	41b0731dae0e90bf75d628458a026cd4606cda95f676b16c447e219a5e707493	2026-08-22T18:41:57Z
LEGI	LEGI_20260821-211659.tar.gz	3031138	915bb6739e3cda812c603c5df42a3354714e171430f589ea7632985a76c80a76	2026-08-22T18:41:58Z
JORF	Freemium_jorf_global_20250713-140000.tar.gz	1674608486	757416acc02436e250afe41c73d45dc57c6377b86284488a049b765c116001a1	2026-08-22T18:47:55Z
JORF	JORF_20250713-002503.tar.gz	203748	e8717e14d6fe3e9d65e98a98197894306ce2f2cd49a0b08805a7323de7fbea44	2026-08-22T18:47:55Z
JORF	JORF_20250713-205013.tar.gz	2955885	0f18e5a8f90c45c413651bd14ae1a7ec5d891923623b7ad9667482728c215793	2026-08-22T18:47:56Z
JORF	JORF_20250715-205701.tar.gz	3100480	b7dc8874abad6c8cadf2c7f4bb3a51d2964a90513fcf3b36fe62ddb1275405eb	2026-08-22T18:47:56Z
JORF	JORF_20250716-004828.tar.gz	257355	ae686d66ed66a8b15598254ee064f21f9c3b27fc7a7ac70172dd06019a78196f	2026-08-22T18:47:56Z
JORF	JORF_20250716-211907.tar.gz	3836958	c2769c7bf87e78ffbe7da9b4f285408734f184eff9341d16dd241df5ce08be39	2026-08-22T18:47:57Z
JORF	JORF_20250717-011437.tar.gz	245801	a6884125d0f8ea695c553964d504308e7a8cdf71d9ab950c7339e694dfc26db5	2026-08-22T18:47:57Z
JORF	JORF_20250717-220632.tar.gz	11143677	ad66df33eaea5253e68dd2649570daaeaf15c413fde86b01064bf8b3888e597d	2026-08-22T18:48:00Z
JORF	JORF_20250718-005428.tar.gz	234570	f354eba3f7cd0a3d479db7ef8bff1db6befeb864840ca4bb29138c2ca1d47418	2026-08-22T18:48:00Z
JORF	JORF_20250718-215845.tar.gz	7308419	35ec8bbbcadf6e0bf7bf96ac1e511d6f7389dd8b08a68104a43e13a8c41c9453	2026-08-22T18:48:02Z
JORF	JORF_20250719-010242.tar.gz	187438	e903fc0799b171d0cbddae2dfab983382667db6eafe46c1d06501769350984bc	2026-08-22T18:48:02Z
JORF	JORF_20250719-212042.tar.gz	4579396	83c25d620fd81915f0f31e7ff954d789e7d3d717a995fef3a9f3ea366ced82e5	2026-08-22T18:48:03Z
JORF	JORF_20250720-002253.tar.gz	138137	c2d65f0ba771281e311f31fced7c78a25875af1dd7c657f0f1b10b565e567190	2026-08-22T18:48:03Z
JORF	JORF_20250720-205545.tar.gz	2682484	3b40e891bad9aea94714ce71d825e9fd21b1c8ac219395e4d30a9e75ead63cf4	2026-08-22T18:48:03Z
JORF	JORF_20250721-212334.tar.gz	4598921	642f38a2787dea08f883b170df872c71abe0b8f1ddcec8684ed3b485dbd6ae2b	2026-08-22T18:48:04Z
JORF	JORF_20250722-002150.tar.gz	75978	a983149b28fffd3a7aeab13dea8d02dfb2eb07e54fbede4c22f162864f55722e	2026-08-22T18:48:05Z
JORF	JORF_20250722-211916.tar.gz	1982176	1958fc154ae02b3eee414ee1c5fc252750738663250236abda356ced28e269eb	2026-08-22T18:48:05Z
JORF	JORF_20250723-002505.tar.gz	159722	155450a6db53972f77c6782cf2f194463e0de38ed7e5a89fc235d1a8cd890c8e	2026-08-22T18:48:05Z
JORF	JORF_20250723-215323.tar.gz	7576100	9772842abeed7099de31377c342feea787956d3e2125be8b9e09ffcb9f151cd9	2026-08-22T18:48:07Z
JORF	JORF_20250724-002647.tar.gz	165250	c1b4751a61e722aca86d44f589345a78d6fe83717c05397107ab49bcd64a1760	2026-08-22T18:48:07Z
JORF	JORF_20250724-212607.tar.gz	6537245	e47ae9cce44cc55f5826627e89b235173ff72f25cd8ac5baa7584f03ffacddc4	2026-08-22T18:48:09Z
JORF	JORF_20250725-003506.tar.gz	367578	bde53361ee13bb67239f80fb1ee1f53a0c47761a0f843e39ac2a5074c38980b4	2026-08-22T18:48:09Z
JORF	JORF_20250725-221340.tar.gz	10205130	af269dac815213b191ddc36cfbe950fbc3b237a1d158550b116151e5d35960ac	2026-08-22T18:48:11Z
JORF	JORF_20250726-002511.tar.gz	123434	7b70b77bcbacc8c5d4870c3e030148b0cf73f82ed0dbbd1b2e0c6e564183d50f	2026-08-22T18:48:11Z
JORF	JORF_20250726-210909.tar.gz	3562860	de93357abfdb3b381b82da8a413de8b4a470978a4e136c764231e325656059e5	2026-08-22T18:48:12Z
JORF	JORF_20250727-002417.tar.gz	130545	9c1f8c890dd72312bb85a59116b46926ad7888388f6bce09c5d2a6c81b64b9f7	2026-08-22T18:48:12Z
JORF	JORF_20250727-211228.tar.gz	3830032	bdcd8fc4e4fe0463f2bccf75735207b135bad4a228363ca7dbfdfdc50f292e14	2026-08-22T18:48:13Z
JORF	JORF_20250728-212443.tar.gz	3256369	1844ca91d4e2a41045e2bdcd9665a4d9bb492608113f465524ed3c3c99edebdc	2026-08-22T18:48:14Z
JORF	JORF_20250729-002108.tar.gz	107868	8209cfe0f376d0269744bac22b7886bc7a0aaf83530a1eda0c39914534f429bc	2026-08-22T18:48:14Z
JORF	JORF_20250729-212953.tar.gz	3361006	100506438aedafb8e7a61b0f6c32930de995d3597ae2e56cee6efb14fa861bae	2026-08-22T18:48:15Z
JORF	JORF_20250730-003103.tar.gz	211623	b77d2d078e106dadb5c948bf474e333c2952e1ffc242b40d395789a3f628ef25	2026-08-22T18:48:15Z
JORF	JORF_20250730-215254.tar.gz	5853334	8ec8f4cf3e0534ff2317fe8684601aef7d339ee37a488dbd0056a3a41428c6c6	2026-08-22T18:48:16Z
JORF	JORF_20250731-005339.tar.gz	297096	33557631d46f256ffed78990f47e68fe4441b46fe19009a794eb4a2f7641c800	2026-08-22T18:48:16Z
JORF	JORF_20250731-220719.tar.gz	9360116	9f55820906ed782b76f870cb373dc67a82a101085db488ea80844031709f67f1	2026-08-22T18:48:18Z
JORF	JORF_20250801-005347.tar.gz	376529	31fa214bad2fd25d4aa848223626c267c2f415b0b6f588d3ce7aeb8547d28ee0	2026-08-22T18:48:18Z
JORF	JORF_20250801-220941.tar.gz	9169258	8c974308836ec52ea07dfd0095c82c4bc31b7c87bb9accb26b4820748a740d92	2026-08-22T18:48:20Z
JORF	JORF_20250802-003421.tar.gz	244728	a22287bd156d9b624898aedf2b61c2c4c7408fe1d48e5a2cabfb3d3546ef3e7c	2026-08-22T18:48:21Z
JORF	JORF_20250802-212918.tar.gz	6200926	57d9b9401fd43a14adbe810d588bbf4aee81dc9e0146087611dec9cd8766cd71	2026-08-22T18:48:22Z
JORF	JORF_20250803-002332.tar.gz	175973	bf719d3be91609299878a41ef822b7c1bbb713aed1d0030f8a85c44fee1f7e2a	2026-08-22T18:48:22Z
JORF	JORF_20250803-205301.tar.gz	3326871	629c8cfea90bb7cdaaa270facc3aaa42c9df8fa9e58e494799dc10cb912a839b	2026-08-22T18:48:23Z
JORF	JORF_20250804-215726.tar.gz	7091899	c19c25cf68545bf6bf4e715838bfb4096930f9b3e71c2b6d852705fe104931dd	2026-08-22T18:48:24Z
JORF	JORF_20250805-002510.tar.gz	137978	66012d2a4c383d677c3351d8bb57e22a6a70652b81165b47190463d52d696851	2026-08-22T18:48:25Z
JORF	JORF_20250805-212821.tar.gz	4618938	ac2dec430d6dc8c0e730e565a7ecf564d07557e4ac7d0d9a321b7e636c3a575c	2026-08-22T18:48:26Z
JORF	JORF_20250806-002606.tar.gz	141273	a49448938ad22844a2dc3e5d34cc94cc37c53ecbfc65a7ac9688207d846c79af	2026-08-22T18:48:26Z
JORF	JORF_20250806-213327.tar.gz	4678012	9cfa16d310f2f40592f37117370ffcbcb4c26d7ad8de8026931de4d1a3e0ab7d	2026-08-22T18:48:29Z
JORF	JORF_20250807-003358.tar.gz	208769	b3630e98fe73632dba8f1f0a1c9a3bb2214d126570201be16a757485c83384d3	2026-08-22T18:48:29Z
JORF	JORF_20250808-003024.tar.gz	223754	f7de8d1079a0832ea0b160de15f1628aeef9fb2364a74b0a4719d6f5edf65f23	2026-08-22T18:48:30Z
JORF	JORF_20250808-135605.tar.gz	7305786	864740814a900c80898c27dbe6813d862c8d05f57b1dbb7796acdb272942e10d	2026-08-22T18:48:33Z
JORF	JORF_20250808-210042.tar.gz	2962786	3c94ae2776704198329716c5b07e854efdcd5c9aa88fc22af28da853635308f8	2026-08-22T18:48:33Z
JORF	JORF_20250809-002155.tar.gz	105434	cd0c1b2d947bae24762c3e81ab3fed5ff4c3dda6c518ed27aab2f7041b6e2b44	2026-08-22T18:48:33Z
JORF	JORF_20250809-210416.tar.gz	3175643	9b931fe7f095aae10b2de74ce358311d5be22419da9eaa71966f8ef78c9df2d5	2026-08-22T18:48:34Z
JORF	JORF_20250810-002023.tar.gz	64819	a348245a79bc3728d584e47813929ecd65712698fa2d0f3657aef41eea7da923	2026-08-22T18:48:34Z
JORF	JORF_20250810-203735.tar.gz	2130633	957458f6b9d30a5cd8f1bfe1aa4d631980a3d1897d71820ef0ae99d38ddb87f3	2026-08-22T18:48:35Z
JORF	JORF_20250811-210141.tar.gz	4782258	81d02aedf7713339076508be30444d637f275bb2401b30937bc58253b6f89bbb	2026-08-22T18:48:36Z
JORF	JORF_20250812-010146.tar.gz	281468	6122886bbccf95df371fa5a8f5ca10381c4bc71f922e888bab15ef5e8c589539	2026-08-22T18:48:36Z
JORF	JORF_20250812-214714.tar.gz	5619274	98871a997a235c1626d472b76a36110900de94a8480469e1cc0c82da417e5466	2026-08-22T18:48:37Z
JORF	JORF_20250813-002337.tar.gz	110246	1492c4c254a5f9d8b5d9c6ed7bb2a2a5d4b7c456c759163d18433aad4990f8c4	2026-08-22T18:48:37Z
JORF	JORF_20250813-220317.tar.gz	10061342	9952eb12dcad7a52944965aa5aa12937f496da85cfd1973c715ca9dbdccc2ac8	2026-08-22T18:48:39Z
JORF	JORF_20250814-002359.tar.gz	123516	4c3f06b5e92658b2c701d1c8da4d516e4f178c736b01253122350dbf974beebf	2026-08-22T18:48:39Z
JORF	JORF_20250814-212734.tar.gz	3519709	3b6a555ca470843918fd5111efdb8dee15e208b7b21237ae5857df1c05178b4d	2026-08-22T18:48:40Z
JORF	JORF_20250815-002350.tar.gz	168260	f59d90c64bc15e7c4b48a2f13ae0f4cf2a9cbf81b89bf59cabf62441d3684d69	2026-08-22T18:48:40Z
JORF	JORF_20250815-211727.tar.gz	3713678	432d221eac4bc3a92284dea4f28d4ade48fbaa9c3ba6cdcbadf6a705855c743c	2026-08-22T18:48:41Z
JORF	JORF_20250817-002046.tar.gz	89730	bd7012362376777253ca0a3049af0d24608b732419892e5e9dc6df87e7f560d9	2026-08-22T18:48:41Z
JORF	JORF_20250817-202957.tar.gz	2003845	c89a0524c8239d76d2091c3a348e1471557d15bdc52e5d3f99a06c45255c135c	2026-08-22T18:48:42Z
JORF	JORF_20250818-211522.tar.gz	4136273	daaaa7a3ef3afdacedcb0e6c2d2b3009a555bda1ee1edec366a08ba6551b8095	2026-08-22T18:48:43Z
JORF	JORF_20250819-001912.tar.gz	52013	89a14d46134d3d9e5d306ce7363683d7640881cb288450d7ab6c29a9f22df43b	2026-08-22T18:48:43Z
JORF	JORF_20250819-205203.tar.gz	1106238	a1c9f43727247906b32899b88a737dfc8a34df5693aa166e4e8eb6af078ffeb5	2026-08-22T18:48:43Z
JORF	JORF_20250820-002123.tar.gz	117526	e427ddb0abd50f67193ebb29f0ff32aec5992c3c79cfee0b40e02c3c7d78e851	2026-08-22T18:48:44Z
JORF	JORF_20250820-210516.tar.gz	2267520	832aeeef2a05794cbcde4d149f11f723ae6443a7b29373ebd74b1a27cf2ced2a	2026-08-22T18:48:44Z
JORF	JORF_20250821-002334.tar.gz	152109	ee13a2f9341e35e758dac653dc8e5899ea050c1ece309a03deb221df0ab1fca0	2026-08-22T18:48:44Z
JORF	JORF_20250821-212230.tar.gz	5421593	162c873a8627889530cf91a0f1c5059268d66fe2ab05b9266962ace8d571593c	2026-08-22T18:48:46Z
JORF	JORF_20250822-002430.tar.gz	177288	d4e4fe697488609213531ef6dbced454c1f6e01bb4bbfe7a932a338bb522133f	2026-08-22T18:48:46Z
JORF	JORF_20250822-212413.tar.gz	5387647	e253004eaafded3d42b9a90d0d4707c82ea908c677ce3ab3ad611546d99d289f	2026-08-22T18:48:47Z
JORF	JORF_20250823-002117.tar.gz	151026	bd79a5a1ae11af4ac9911b8cc6a4c4b21511562d8c963bfd4d3c20a4b592beec	2026-08-22T18:48:47Z
JORF	JORF_20250823-205734.tar.gz	2303289	fc9aa71243bafc8b77629734d09297a2f026e99d9c5e50c185e8ffcb3ed9ac8f	2026-08-22T18:48:48Z
JORF	JORF_20250824-002005.tar.gz	57236	b99971d07ed1931a8188f7ae5b5c81f646834c9d97002dce0ab4bd11873ea12d	2026-08-22T18:48:48Z
JORF	JORF_20250824-203705.tar.gz	2127275	e569e518bdfb708bc2b84d0704102713d331dc1232e467cd0907a6cbf4497e24	2026-08-22T18:48:49Z
JORF	JORF_20250825-211704.tar.gz	3094055	3b1fdb9318e244105887258d33b8f8704c98f8f4c43ba56c8c22a34956a05e63	2026-08-22T18:48:49Z
JORF	JORF_20250826-001900.tar.gz	40017	e4fb41ccb5f47b1e6f8651f86469ccf827ae69f7cfdd95e37bfd6d0cce8a3a0e	2026-08-22T18:48:50Z
JORF	JORF_20250826-205450.tar.gz	1788622	5f77a4edb32ea858c47b0148779cb2a40a2a79917b6e5c3cb0a03b532135e2d1	2026-08-22T18:48:50Z
JORF	JORF_20250827-002239.tar.gz	118222	8da1af751a49674a3373407df1e02895543342104e02c09c372a7503028b0744	2026-08-22T18:48:50Z
JORF	JORF_20250827-210900.tar.gz	4311739	199d9cbae01d7adbf94467a05e8d4a0816bbae0b145c8c39c624eb9cb96e8889	2026-08-22T18:48:51Z
JORF	JORF_20250828-002634.tar.gz	259640	64fc8fdb1514b33c92e74f4d8c25eb04d498b2e5372a0e0d540f84bb924fa18b	2026-08-22T18:48:52Z
JORF	JORF_20250828-211529.tar.gz	5670315	cb1128b94c387df88828376b679db7b9e235217a9dd5296b67cc8da77335c578	2026-08-22T18:48:53Z
JORF	JORF_20250829-002616.tar.gz	195628	8bd4fad9b23637b0fa0da57a30761f152bfda4ac7d87b1ae69026135c54e5df5	2026-08-22T18:48:53Z
JORF	JORF_20250829-210649.tar.gz	3783095	75f4f50684cdfaa88632c3e8e6cc5a7c6b6414abfd4f3f0e0d669522b928a6ff	2026-08-22T18:48:54Z
JORF	JORF_20250830-002214.tar.gz	94006	5f3e2507fc25da20d2f015ac972e6185307fe77cb66b4db7f2ebe30811121fdd	2026-08-22T18:48:54Z
JORF	JORF_20250830-204430.tar.gz	2929904	75746835ab73e1a6769c72cc901bf070ff40c1e1b092a2a24b16915764d09b09	2026-08-22T18:48:54Z
JORF	JORF_20250831-004918.tar.gz	219224	5301d93ce61d9e929612771d51e63e7990e95f4ee79c873c50a55740d1ef8c74	2026-08-22T18:48:55Z
JORF	JORF_20250831-211703.tar.gz	7329722	c2cb649aab89ee8a5d64ff79c5622d743812455f3d2c351768caa37060b82c4f	2026-08-22T18:48:56Z
JORF	JORF_20250901-211619.tar.gz	6318217	9683f9f01834411c51f40f15e8eb1eb31c3cd6bd9c556150817884b403735621	2026-08-22T18:48:57Z
JORF	JORF_20250902-002439.tar.gz	156081	5a11703464ad3cc09af2d9eddd5ab95676370068e49b23db52564fb9fac18f8b	2026-08-22T18:48:58Z
JORF	JORF_20250902-210944.tar.gz	3473833	cfcbf284dcff1a7d1fe7f9925c13ebee95a130d7d43d698875041182d2e54a59	2026-08-22T18:48:58Z
JORF	JORF_20250903-002404.tar.gz	124973	2dcdb2e2e491c445a90e27ad6a98c28403226703fa7828b99dced15b49103601	2026-08-22T18:48:58Z
JORF	JORF_20250903-212439.tar.gz	4972638	51e4245b709f25f930f4a5a63faa5de50effe24b1096c91edd11717faecda1e0	2026-08-22T18:49:00Z
JORF	JORF_20250904-003300.tar.gz	207319	e658a08f34420b0b1262da86dfeec4a0a8a619c7cb44a6d47ad20850a174da9a	2026-08-22T18:49:00Z
JORF	JORF_20250904-212538.tar.gz	7270008	8acabf8b4e7301e607dfb6be2eacb1701fe1d421a83a09e590e52e4d6bb41c69	2026-08-22T18:49:01Z
JORF	JORF_20250905-002737.tar.gz	181078	3abc32a1bc68ed43820bc302e12a78d7a96f6bbab137d1800b2dc2da634bd136	2026-08-22T18:49:02Z
JORF	JORF_20250905-213035.tar.gz	3967774	a7ede23c77b3ffd02aebe65235fb5c04f8c9d9040f05ce2fe5b1b6c5701ab225	2026-08-22T18:49:02Z
JORF	JORF_20250906-020743.tar.gz	411432	5407e9bb4ee89af4aec91f9ad57fb8f00bb64c621f2f902b38f35634bf18f6d8	2026-08-22T18:49:03Z
JORF	JORF_20250906-214029.tar.gz	6714018	e6a4dbb23e3f2bdbcda7f4cc39f33ff1b06c1dc240b7a9341f03e43dd5959bf7	2026-08-22T18:49:04Z
JORF	JORF_20250907-031724.tar.gz	356618	1b6bc3c15226e1930b9a12d60f3dc49c1056e5d29d7040fa234661087a8797f5	2026-08-22T18:49:04Z
JORF	JORF_20250907-212524.tar.gz	6423016	822ab50b735f8f836d3a43fc81cc81374dd1a150dfa241b23ba73f8f95583c26	2026-08-22T18:49:06Z
JORF	JORF_20250908-213456.tar.gz	8220675	13f7d00d7042abf972d5630f1990c43f0bbcef5017c75792062e7b244d95b30b	2026-08-22T18:49:07Z
JORF	JORF_20250909-042110.tar.gz	464595	a0b84efbcb388e5ad20d2c9ceddc634e277915b3cd9020accd6d97b97b0ab845	2026-08-22T18:49:08Z
JORF	JORF_20250909-220116.tar.gz	10440789	09b85731495328fabc6488c782b1461bc3befd75d985d81a0cc39bea478df60b	2026-08-22T18:49:10Z
JORF	JORF_20250910-005809.tar.gz	133987	74892eb74e45ff28ddbbdd10dd13c1dc84bd0465134a0fdfe20ffb79f69036d9	2026-08-22T18:49:10Z
JORF	JORF_20250910-214153.tar.gz	5562191	5dfc58ce6d565b85c35c1beb80824b693bb91ff5059d7b01bc738d8d6a90fe63	2026-08-22T18:49:11Z
JORF	JORF_20250911-002115.tar.gz	92647	e45ec23068c512caa989909e17f4c16a69aae03cb9987112ac0e73585c8d7763	2026-08-22T18:49:11Z
JORF	JORF_20250911-214911.tar.gz	5351664	8180da9ca54a081803bd466b4056def17a2004eefa3918abb63597d5ca0f9d19	2026-08-22T18:49:12Z
JORF	JORF_20250912-002225.tar.gz	93801	dcde2323ca3cd1f38de94a0a09e53c21ede2c4194bc6e49c42e50a821a730796	2026-08-22T18:49:12Z
JORF	JORF_20250912-212714.tar.gz	3678057	c2bd13c7d147cba847b97e44725a76815fa73982e52dde8a6c2dd30819b00588	2026-08-22T18:49:13Z
JORF	JORF_20250913-002018.tar.gz	85892	a67310a1bed840e0b5c4d4263fd9818bf4be1f579838194862cd9717b6845261	2026-08-22T18:49:13Z
JORF	JORF_20250913-204655.tar.gz	2969184	749abceaa6843c44a625fc401e5681af9a1c2f58db2ff5d2eec5f1d832cad22f	2026-08-22T18:49:14Z
JORF	JORF_20250914-002204.tar.gz	70135	d8eedd929ba67bc23ab69399862b8c6a6077a91b20610eef4d30e7ed071c94ed	2026-08-22T18:49:14Z
JORF	JORF_20250914-204613.tar.gz	2261707	16199c9368c4b2c0d936382a451d4836d829dad32aa9904a49e2cdc317885a6b	2026-08-22T18:49:15Z
JORF	JORF_20250915-205430.tar.gz	3059168	4868e819140289abfcdf1046e56c8e7d1186f4baf9155c602666ba4e9d0ac050	2026-08-22T18:49:16Z
JORF	JORF_20250916-002043.tar.gz	66838	76fad4c905040555373b66f22cc1597ab32ddc25f616d1098572e385a051b3f0	2026-08-22T18:49:16Z
JORF	JORF_20250916-210611.tar.gz	2201242	9ec72b52183e0261c205e3d59b400488d13c0cb89203e1315bbb927292c1d9c2	2026-08-22T18:49:16Z
JORF	JORF_20250917-002734.tar.gz	229682	cde7ea296dfcafd3a1e26183e8dce777e261fa371aa95853f7d55218b6a8a1fc	2026-08-22T18:49:16Z
JORF	JORF_20250917-210515.tar.gz	3372710	21f3adb4b695aeed674784ba8af20499d67e6b95c6a3e68db3aa1ad9c88ccda9	2026-08-22T18:49:17Z
JORF	JORF_20250918-002213.tar.gz	105307	0fe103e75ee1b3af48e03d9fae194b39dc7bfc03121af7a0910907b4dbd50a83	2026-08-22T18:49:17Z
JORF	JORF_20250918-210801.tar.gz	2973199	79270a9db11c69f84db598525e9bac7c1e76b52e5a4672312b387474016ed4df	2026-08-22T18:49:18Z
JORF	JORF_20250919-002327.tar.gz	153893	1eba602ffbbeeb2606910ed55b61b4b5d2244269169b7a1ad76fc0f08b2a9f52	2026-08-22T18:49:18Z
JORF	JORF_20250919-212001.tar.gz	2672760	ef403620bd891f1c19cc3730940443d777aaa47a9bbe61376e0b15e711c2a179	2026-08-22T18:49:19Z
JORF	JORF_20250920-002219.tar.gz	99241	f23d6447af62a90c18d0cd1aeeaf7905cc4223c5ff03e2107a5b59d906d0ef5b	2026-08-22T18:49:19Z
JORF	JORF_20250920-210431.tar.gz	3085457	b9571d27c95717f7fb1144a35b2383df42f18468f13796476cf2d2140f9edc12	2026-08-22T18:49:20Z
JORF	JORF_20250921-001959.tar.gz	43325	efe452682316a7ee3546d1e3f9101de087d3117a410e451b84a9f16bb5672cc6	2026-08-22T18:49:20Z
JORF	JORF_20250921-203233.tar.gz	1261758	f6e4cc0cfe8027376e212963716b2aee61d9a6451310baa793323532b3023bf4	2026-08-22T18:49:20Z
JORF	JORF_20250922-171549.tar.gz	4051	9ac0f99d12a638d16f4097dbf24fc323cad5ce9e7fc3e4925070972b2192da85	2026-08-22T18:49:20Z
JORF	JORF_20250922-205012.tar.gz	1659076	0d1e98c3d6d7882daa87280051e9541b1b0dd89ff4e41c187150c9d6a8adea40	2026-08-22T18:49:21Z
JORF	JORF_20250923-002210.tar.gz	88374	5888247f0271bb8d34643b1940234a413b2aed9cb27aad5fca5de831c1226840	2026-08-22T18:49:21Z
JORF	JORF_20250923-211012.tar.gz	1680593	8f1d7f09538580dbe9a9c7801144eebb1c97b341aff0881f4aa6499982ee3af4	2026-08-22T18:49:22Z
JORF	JORF_20250924-004039.tar.gz	139257	bac3ccb2f31b705fd21518246cd68308c794212ea929fb2c8f2ff1c8a62fe98a	2026-08-22T18:49:22Z
JORF	JORF_20250924-211352.tar.gz	2893169	ab171ff4e9172020b3ffd65ede2e29d7cd9d0b23fc946235b32a0c3d42ceb27f	2026-08-22T18:49:22Z
JORF	JORF_20250925-002256.tar.gz	111498	4061f9ae8707f6366f1b58bc23484b9060c3f4db80e6f63159a1191d47a538cf	2026-08-22T18:49:23Z
JORF	JORF_20250925-212238.tar.gz	3349030	b8f5d85b38378f9ac32a8b9e670c73b40f7c0cf17bd74dfe66342755ab6f2253	2026-08-22T18:49:23Z
JORF	JORF_20250926-002719.tar.gz	158611	be41bd144d9adad1f085189ad04ca92b44c075508edd203b2c7a5a3f05cd90dd	2026-08-22T18:49:24Z
JORF	JORF_20250926-212301.tar.gz	4356691	dfe4bedba51f1f3064349ff66d00fe1ca03209b9ee33e38171674cdf01aa4050	2026-08-22T18:49:25Z
JORF	JORF_20250927-002238.tar.gz	155663	2ca5ca81835ec60117767887570486c54e6bb3783c2761518cb84078e0c6e40a	2026-08-22T18:49:25Z
JORF	JORF_20250927-211520.tar.gz	2898804	9cfd7a0083ed4ba3ba8e8b475de56bffa490bcb0d1215dc8b90763fe6c10961e	2026-08-22T18:49:26Z
JORF	JORF_20250928-002032.tar.gz	63287	77bf5f67018958e957b91ef08dde53c942b70596c80200ada70c09f730a53988	2026-08-22T18:49:26Z
JORF	JORF_20250928-203545.tar.gz	2344925	faad4ba944b871aa80a5164ec8e7fc754426d04599291ef28b23b6c665b90b10	2026-08-22T18:49:26Z
JORF	JORF_20250929-211717.tar.gz	2385848	1f53e6eaf7cd1e95ed5bff940c5610f7c19c7ca5e7acdbf86df69efefdead2f5	2026-08-22T18:49:27Z
JORF	JORF_20250930-002116.tar.gz	106628	3d1d683639481ef59e91a68f476e016921a4af122969de1511ab536498c805bd	2026-08-22T18:49:27Z
JORF	JORF_20250930-214355.tar.gz	4914270	1a0ff74b5cd01cd55799361204245f60fc115fbedc6a826b9386a3f38875f2ad	2026-08-22T18:49:28Z
JORF	JORF_20251001-002220.tar.gz	116393	ef1c6691240c1d7085006c852d4d179aca6874621829388c43a8bbb634a18a39	2026-08-22T18:49:28Z
JORF	JORF_20251001-212247.tar.gz	3286521	b4c9fd54121043f05bbd7f418329f3903df167a7d44f2faa6750950a1033d18a	2026-08-22T18:49:29Z
JORF	JORF_20251002-002441.tar.gz	117058	f8b3fab34b06088477bfec57b806438957fd5055902bd714e5522de46614fa9e	2026-08-22T18:49:29Z
JORF	JORF_20251002-213135.tar.gz	5296281	f8e5bd2e430d073838e35dca0f710c81e698489e691f5fbee05ec10083748ce1	2026-08-22T18:49:31Z
JORF	JORF_20251003-002241.tar.gz	123639	cb085934729ac9aa05523f4dedfd773f2d3e33bd14cb665dece06e2d7bbd75e2	2026-08-22T18:49:31Z
JORF	JORF_20251003-212356.tar.gz	3328063	4906811bc6e7cf9dc31028e125dba5fdf70ec628409ae15a088db76768883301	2026-08-22T18:49:32Z
JORF	JORF_20251004-002347.tar.gz	121419	f569e4a50334c4a382dd94df239e4526f8a7daf54f423c76fe95ea017dd7a7d4	2026-08-22T18:49:32Z
JORF	JORF_20251004-210909.tar.gz	3896685	e68241b44b635aeb87829d7d03c0ba4a8dd8ccfa3a98af73632eebf91f7418e2	2026-08-22T18:49:33Z
JORF	JORF_20251005-022213.tar.gz	91715	958245441b506c62a1c901f655ada2a04b0a97059e1d68e9d3886867712bd9f3	2026-08-22T18:49:33Z
JORF	JORF_20251005-204454.tar.gz	1855916	21e941ccd7886d403aee502f2a1d17b770484bff36e167c1229eaca06398c80f	2026-08-22T18:49:33Z
JORF	JORF_20251005-213539.tar.gz	3195	447cdc0ee646cafa6a7d4e311d056b3904765c3cba67a6dc0d54a625a4f855e5	2026-08-22T18:49:33Z
JORF	JORF_20251006-211801.tar.gz	3713451	5f12bcb3f50da92487d5d36aefc34b7105cbf8500e9eb278a08e3f1ea7337e9b	2026-08-22T18:49:34Z
JORF	JORF_20251007-001919.tar.gz	54757	a8b48bc2c874d4e1f96c392c5b1d8316d8caba8d865359b0758fa52b83cbd9cb	2026-08-22T18:49:35Z
JORF	JORF_20251007-212923.tar.gz	4316682	82dd0a2c028f8b2f66ca5a3903aa040439c0a11fd31d2f1a23802d0fd5be5005	2026-08-22T18:49:35Z
JORF	JORF_20251008-002407.tar.gz	148991	1dfb1c0101328d085411c0b38c4d737a8838677902878fa00d71797ac05e1188	2026-08-22T18:49:36Z
JORF	JORF_20251008-211500.tar.gz	3602006	0879a06a3902bf550cdfb9a85171f2453da9cf28cf9decdc64be1bc83e2c7f7f	2026-08-22T18:49:36Z
JORF	JORF_20251009-002454.tar.gz	166397	ff0866cfa1ea49f5696394a20839b140ee0e59df5dc1c985a6542a03a4f5e573	2026-08-22T18:49:37Z
JORF	JORF_20251009-211254.tar.gz	5612735	2ef9bdecc3244520099367693ec50c74f6792e01116c62b492e3702f83c48ee1	2026-08-22T18:49:38Z
JORF	JORF_20251010-002403.tar.gz	121721	4f86bde8125cd8d974c517684bbb362da8e3b81d4876d2bbb0032ceda31973f8	2026-08-22T18:49:38Z
JORF	JORF_20251010-211727.tar.gz	2898720	a25c738deb404eab14cef0c0ee828116186034415246e60035ab101c81062939	2026-08-22T18:49:39Z
JORF	JORF_20251011-005544.tar.gz	102454	31b5f8aa376205754ec39584da4d6bf31d209e35c40b3510b2f2a68baa480072	2026-08-22T18:49:39Z
JORF	JORF_20251011-211336.tar.gz	3195102	7b586cf9f6a9209b04dfff6a656041b6eab619371d8cc3eb6d2382be51df4749	2026-08-22T18:49:40Z
JORF	JORF_20251012-002005.tar.gz	67157	083d3426355d93c4e9f9351399bc6614a47878fcb87a3ea772c8fc2f018a6e7b	2026-08-22T18:49:40Z
JORF	JORF_20251012-203250.tar.gz	1342532	2be315985def18db7b937cf668dc530c883a3c45d5fcf4b4d56fb08ca9beda53	2026-08-22T18:49:40Z
JORF	JORF_20251013-001537.tar.gz	3704	993c9506a779e1bb3ec800eca36ab547a28d88f866936d99f8bd1e681e3613f4	2026-08-22T18:49:40Z
JORF	JORF_20251013-205930.tar.gz	5532702	3bb33aef2bfee6ff3562b2197e976bf4ecb6adf0c0ec7753f52dd9d760a06648	2026-08-22T18:49:42Z
JORF	JORF_20251014-032553.tar.gz	225938	ab06d87ae4afecfa40609e56cb1b16d888e1d0ad2a68af0d021dc1c286b0284b	2026-08-22T18:49:42Z
JORF	JORF_20251014-210215.tar.gz	2102763	330edc01a592bcb5983be8e8ac67b4dd281209d68b84de4a891a0407fd384938	2026-08-22T18:49:43Z
JORF	JORF_20251015-004415.tar.gz	193782	4af9ea7ec54d7df4deb2cd8fadc24fbad75e1ee48182dfec481c04605820a65e	2026-08-22T18:49:43Z
JORF	JORF_20251015-215624.tar.gz	8050229	140e98ed7e6d3f59f647a0575d85084565b24bc111d955f54d694f3b8461499d	2026-08-22T18:49:44Z
JORF	JORF_20251016-005841.tar.gz	126310	3d22f58300c50e9a53c0aa6102b2d4a20959a1a956dbe5f8e584db690352aaf9	2026-08-22T18:49:44Z
JORF	JORF_20251016-211834.tar.gz	2254035	f61b24c904e6a54428c5ea0512b2796cb62ae30ac45b0fee56c6ee9e314ad13e	2026-08-22T18:49:45Z
JORF	JORF_20251017-002327.tar.gz	180535	98af8a88f03ee89fb8d2a64179db46317aa68133d0771a905a4b5858d01e9398	2026-08-22T18:49:45Z
JORF	JORF_20251017-205649.tar.gz	3263676	ef7e27ce7e7c9abb59157238b117c00d865acbcfd51734dec2fd2247bd6d3cfb	2026-08-22T18:49:46Z
JORF	JORF_20251018-002419.tar.gz	120361	a07ef43f400fb66d9fe5f2f881420a31d587066c8f858c290fe4bf499c5b18ee	2026-08-22T18:49:46Z
JORF	JORF_20251018-210850.tar.gz	2923375	3be852237da1c1a1573f77c52e2776a57ab9b8b43501d57c5af6ab55d6e7974a	2026-08-22T18:49:47Z
JORF	JORF_20251019-002112.tar.gz	83034	f3b0fe6d3bc89f087617eb495e411672a33699f3ac029885341c630ca81e45ff	2026-08-22T18:49:47Z
JORF	JORF_20251019-202250.tar.gz	1185352	535f6c34ef1e2ec1e732e6c4a518611559aacc303dd85743d2c45ad00e1cdf5f	2026-08-22T18:49:48Z
JORF	JORF_20251020-203554.tar.gz	2034838	84c5b1693d0c242e5ca9cfb49a569e9bd6ec7fd2e2412e361cc8ce78dad91055	2026-08-22T18:49:48Z
JORF	JORF_20251021-002129.tar.gz	90326	fa0e313e1973202c9b8c2318ba7e52714730e78b52064f96bed73fba5dd8b24b	2026-08-22T18:49:48Z
JORF	JORF_20251021-211313.tar.gz	3056572	e560fdfe623d380e43181b7d54ba473400bb76be1417f28b79f81009d8272db4	2026-08-22T18:49:49Z
JORF	JORF_20251022-002158.tar.gz	136932	00d67f4e6c2b62013bd116ee40e1721ee89091cca444c29b440fdadd80826568	2026-08-22T18:49:49Z
JORF	JORF_20251022-210403.tar.gz	4021423	02be10226777968b2c38177decf81f40bd38152c1abff561418c03723beeb7f2	2026-08-22T18:49:50Z
JORF	JORF_20251023-002743.tar.gz	194724	f1d15fbe70a4399f4f895c51dce54124cd9a61b34940a3b413ee94c0f9ef0e35	2026-08-22T18:49:50Z
JORF	JORF_20251023-211436.tar.gz	4891283	f3ac4d2a2d14070b32d84905a4a35b26125b0e238c20b99a70aa46abd647fc76	2026-08-22T18:49:51Z
JORF	JORF_20251024-002053.tar.gz	109812	b55f959b3e7f5ffcfd6de017bfb32f064431c0ee7a8f47307bf536896d8c8825	2026-08-22T18:49:51Z
JORF	JORF_20251024-205512.tar.gz	2615172	0e976216341dd8403d42ab0504743f4f943deac51afae5b561bc3c4a8212cc70	2026-08-22T18:49:52Z
JORF	JORF_20251025-002140.tar.gz	130735	f808e6692b88d1324ce71a902533d70a4de3d8ec8924b2f3a37c381a4433fcf4	2026-08-22T18:49:52Z
JORF	JORF_20251025-210652.tar.gz	2971071	c8f72f21926338f9697f8e0346993a04630b1b0c256a83e78cc55e53c8784840	2026-08-22T18:49:53Z
JORF	JORF_20251026-001827.tar.gz	62314	e75467c4cebe6fe66f7f4318551c8902d928849e0ad169a3cca169cf0d8e3243	2026-08-22T18:49:53Z
JORF	JORF_20251026-203558.tar.gz	1799324	c85d45b1529b6e9cde39fb84462d1d4c32bcb0b44f8de73a56ef2f90cec09363	2026-08-22T18:49:54Z
JORF	JORF_20251027-211613.tar.gz	2890391	a09fd589c09a74986381a77069561f0bf8902c848ccb64f82a1bcf11e4831a41	2026-08-22T18:49:54Z
JORF	JORF_20251028-002624.tar.gz	86237	1c99976ae52d58ab2dcf3ec0f4464faf06bc8b7f0361dda260795b570e939928	2026-08-22T18:49:54Z
JORF	JORF_20251028-213036.tar.gz	3559562	ac14bcbd2ecc82895b1adfcee26a8cc0963ceecc3b7ad4b4073871cf1cf36fa1	2026-08-22T18:49:55Z
JORF	JORF_20251029-002815.tar.gz	171053	c8da46d4eb8712fe89319514ea31452441cb4fd624eb6de18d8828eb62288478	2026-08-22T18:49:55Z
JORF	JORF_20251029-215609.tar.gz	7427445	fff144a924ad1ac69a50e4bc4f47de9fc763c4ced239c8423ff01ce1896d9d2b	2026-08-22T18:49:57Z
JORF	JORF_20251030-014118.tar.gz	360516	0500dc8ddbe576617e637c6680c3d57462fde96789d639a70edfd5426ba8f305	2026-08-22T18:49:57Z
JORF	JORF_20251030-215845.tar.gz	7350667	f5889b19bfdaa66f6473f8349799ea4aba465f49b87883c79effef3454bed4c4	2026-08-22T18:49:59Z
JORF	JORF_20251031-003230.tar.gz	246937	e9e079c4a705f73da46ee7bf0fa6f83c26f834ee74c900281f4cc16b79d4499b	2026-08-22T18:49:59Z
JORF	JORF_20251031-213327.tar.gz	5943078	3922e1cb91a8c1a2478e1296386d7d8dc019d74f8daa1259f334902e244cff62	2026-08-22T18:50:00Z
JORF	JORF_20251101-004936.tar.gz	227022	558a6954ed346420e0d539da74bf331fc06c3625e4f740f03e0a0480803f10d9	2026-08-22T18:50:00Z
JORF	JORF_20251101-211853.tar.gz	6454826	c17129498f7398fde66fca1461e9ceaf0c250f60ea1de6f0238c04476835e5a6	2026-08-22T18:50:02Z
JORF	JORF_20251103-213357.tar.gz	5472300	af29cf3b6a97525632629a0d2b36f898c4e9f08490de923b8517dc8eb4f3ad3e	2026-08-22T18:50:03Z
JORF	JORF_20251104-002333.tar.gz	139026	0f1d4bc574586ecb3901cfc0f87d291e8089cb98589a6cd09e5bea48823c6736	2026-08-22T18:50:03Z
JORF	JORF_20251104-212237.tar.gz	4602254	3a2df31cbaad59892d2737b0ff3bd10cf617a9fd1e124adc584dc0d3d0253308	2026-08-22T18:50:04Z
JORF	JORF_20251105-003135.tar.gz	212319	95833517d1974474cc9bfce7fe6142f82098ad4ac884cf4997d4b2706ae54b44	2026-08-22T18:50:04Z
JORF	JORF_20251105-213346.tar.gz	4461986	1676f052328ad49e4774f46f38c5307bb92585588631d56e5d0ddedd180b26df	2026-08-22T18:50:05Z
JORF	JORF_20251106-002526.tar.gz	153915	e627b489957981e9a011350129fe0121a59858198e2d95492d7904f189937cba	2026-08-22T18:50:05Z
JORF	JORF_20251106-212731.tar.gz	5508914	9aac7fd1e1a9f2a2ca7e655e5d3689f048ba0f1ec0a3e0a2374dfd02e39c195f	2026-08-22T18:50:07Z
JORF	JORF_20251107-004238.tar.gz	144590	2b6e4a96089654570615abde2ac438c5aad86b22ba5f71433450f711831df971	2026-08-22T18:50:07Z
JORF	JORF_20251107-213531.tar.gz	5987712	f38991cd55780635e713367aaa41d17a6271d0af5784c1d66ccd22a1d651c93f	2026-08-22T18:50:08Z
JORF	JORF_20251108-003217.tar.gz	198008	24f4c7a80e1badae367a18cedbca3a543358779d34d90d37e71364cdd8e604b1	2026-08-22T18:50:08Z
JORF	JORF_20251108-212002.tar.gz	3632677	e1b451370955096c30c9496e2f8199c7568aaaf6f54a5852e73e40dca6b4afca	2026-08-22T18:50:09Z
JORF	JORF_20251109-001932.tar.gz	77297	20e865634373a38c8fce3c691f31920ea9b70237e787d5b88eade7312661450b	2026-08-22T18:50:09Z
JORF	JORF_20251109-203846.tar.gz	1813421	e0162082cd03b5ce447d2d34256dd1d6d84eebc8623966589614ca71a92842e7	2026-08-22T18:50:10Z
JORF	JORF_20251110-211525.tar.gz	2803689	daf55d1bb28ad9cb2f7a5424140a5f7c893f6b3f835b7de1bcb88ba15b20d76b	2026-08-22T18:50:10Z
JORF	JORF_20251111-002219.tar.gz	153873	9da56231bacd116201d4bd13ceb0553dad8b70fda5c22185de801aa3a9536b71	2026-08-22T18:50:11Z
JORF	JORF_20251111-211258.tar.gz	3536825	f70b7c7db341acaa8eda3e0f28232c1359a6873f45d54e6f402cb48377038431	2026-08-22T18:50:11Z
JORF	JORF_20251112-205214.tar.gz	3498164	52f179f6799972e7cadeb0eab3352206e1b89493cdc4c448feaaf62c646635c3	2026-08-22T18:50:12Z
JORF	JORF_20251113-002533.tar.gz	142371	9dc8b317fbd64c030631213f95887534271b83b765072032d8a083ba4390584c	2026-08-22T18:50:12Z
JORF	JORF_20251113-212834.tar.gz	4180488	ab855f3019d29d8fda33d2c7ad72431aaf16198d6b409c77e54b40148ab0567d	2026-08-22T18:50:13Z
JORF	JORF_20251114-002508.tar.gz	191463	f9bf44281fc7fe6d52c7e3af8e163f8749ee08290b1ff6c034ce143b83cf9c8a	2026-08-22T18:50:13Z
JORF	JORF_20251114-210758.tar.gz	3160274	04ce3bd1ee18d7d16610b2979cb92c910adaba89444d31b6f076d583e706d9fc	2026-08-22T18:50:14Z
JORF	JORF_20251115-004323.tar.gz	144380	332cbe165d823d1b15b923c66f9b5b8db1a5fd6afc1d87b7bccd61dfcdcbc553	2026-08-22T18:50:14Z
JORF	JORF_20251115-210104.tar.gz	2965099	77dfc59578efc701709a6806ab0024b0b46cc6cc4d4da032cdb288f8522a8d17	2026-08-22T18:50:15Z
JORF	JORF_20251116-002423.tar.gz	127626	6cc654b63dbf8a42828c5349b78d640cbc548fbbedcad6a057d2d7bac664914c	2026-08-22T18:50:15Z
JORF	JORF_20251116-205140.tar.gz	3013126	c3085cd745499038fc2d6b200d27092d5d807add0cde5673a1085c9d2caad1cb	2026-08-22T18:50:16Z
JORF	JORF_20251117-210231.tar.gz	2823261	e33f4e3ee464a65481b1204e09cfa71cfddc2debdf62614aa5ee2fe0e5ce39f4	2026-08-22T18:50:17Z
JORF	JORF_20251118-002333.tar.gz	253666	0b2c54490ab899a579f64e5aab0770f19c4365679d97db9a0619752f35559ec7	2026-08-22T18:50:17Z
JORF	JORF_20251118-212555.tar.gz	3717660	eeb67864115f08d08655788f11369534d25018d1cdbff1857c9bbbe0e4aec216	2026-08-22T18:50:18Z
JORF	JORF_20251119-002730.tar.gz	203773	dcdc1f419417f9ab619acb6bfaf13c07ecf4c98c602626089ea0d243aa6240a2	2026-08-22T18:50:18Z
JORF	JORF_20251119-212941.tar.gz	4649772	ef9deb3c2fad17618d639fd4b18c47ae7ca49b510654d66d4a69f7b65e7acdd6	2026-08-22T18:50:19Z
JORF	JORF_20251120-012842.tar.gz	1472112	5b6a7a29ee882c0875c77af09ad41ad718eca972376b8ff45b96b429b5051367	2026-08-22T18:50:19Z
JORF	JORF_20251120-214647.tar.gz	6851083	23753779cad25fa9582299b4bc9941826a6a0b469e889c75312947f0607cc4c0	2026-08-22T18:50:21Z
JORF	JORF_20251121-002613.tar.gz	156138	04e3d422ec932c3a2141182b04b67e6f35f2d49e2b077f93be83f58116800731	2026-08-22T18:50:21Z
JORF	JORF_20251121-221742.tar.gz	7727792	58956c7ed7cb209206c350426e87a367d6babb5f0abc013f789b515324b0e66c	2026-08-22T18:50:23Z
JORF	JORF_20251122-004425.tar.gz	134189	b8a3a77fd208c471599e70f619505bd988ff75cf830182ea30aa15add543d048	2026-08-22T18:50:23Z
JORF	JORF_20251122-211850.tar.gz	3634676	e195d7acb8353d9ce62adc2845c8ef4ddb8aca94868ff69b3cc580e32cfae527	2026-08-22T18:50:24Z
JORF	JORF_20251123-002324.tar.gz	126935	9e50b4b3233d6b10ef345ae866ae3c79aa4319daafa827a6ac28de4db698787b	2026-08-22T18:50:24Z
JORF	JORF_20251123-205750.tar.gz	3615446	223ce70011e8df7651b277ed90548c341b1b2334168caa137260f3fb69af6b58	2026-08-22T18:50:25Z
JORF	JORF_20251124-213422.tar.gz	4748227	3959b8d20c8ed8df23e8c0bf50d2b853e1576f393deb6c472993c7999df06fe7	2026-08-22T18:50:26Z
JORF	JORF_20251125-002334.tar.gz	151225	ae35d1605f5ea95f39184708d8ce632d23f4fbeb19905fec599f2f4964b34586	2026-08-22T18:50:26Z
JORF	JORF_20251125-211507.tar.gz	2937164	6105ac6ad6354b1f930c57df070068b3067f30a7d7df42e2ace636da23359b8e	2026-08-22T18:50:27Z
JORF	JORF_20251126-002613.tar.gz	144104	36ef45a1fbbfcc59dab44be977a7b23ab8778c51fea8fda78db80724041d16e0	2026-08-22T18:50:27Z
JORF	JORF_20251126-230052.tar.gz	13753916	3f7c8996ceab50660efc72a91a8d1b6745ac7242bee00af9540553a2d716dd69	2026-08-22T18:50:29Z
JORF	JORF_20251127-002654.tar.gz	205403	12f760af951fc518320b631ce655357fb335d59cb614d6cdf199296597290aac	2026-08-22T18:50:30Z
JORF	JORF_20251127-221105.tar.gz	7975516	6bb2363df44f5987ef0f9dd4927a90b826a7e0c02a84765a801d6cc46da82dd9	2026-08-22T18:50:31Z
JORF	JORF_20251128-002836.tar.gz	304244	c02b35bbc02ebf5710f4aa6bae31206450cdd18feb679576219f39a2d0c19d65	2026-08-22T18:50:32Z
JORF	JORF_20251128-214432.tar.gz	8212090	e31f4914a301d337a42f3a2806a48947384b6d4423520313cbf2b846764cafcd	2026-08-22T18:50:33Z
JORF	JORF_20251129-003140.tar.gz	183629	86ffc3a5104357d32ffdf62faa1b94c60f4403e8638032ec2d2cb093b852c086	2026-08-22T18:50:33Z
JORF	JORF_20251129-212340.tar.gz	5154351	d8ef35098024a077f5e18403354c33f72261599b40b010b9b468ff3ccb8460de	2026-08-22T18:50:35Z
JORF	JORF_20251130-002612.tar.gz	157494	fc3202db958f1ece8e97338e8ab3e94daa9dc9d3920078aa186384f18c4c409c	2026-08-22T18:50:35Z
JORF	JORF_20251130-205735.tar.gz	3686245	31fb5e03ba52026e9e717cd8589a859ee81e06b04a3089d818c63baecf843c6a	2026-08-22T18:50:36Z
JORF	JORF_20251201-212627.tar.gz	4900046	3f567347e0c187dd5b64bf59d02f4ab7ce01ea2c879b48c565c05240d5fa3ef4	2026-08-22T18:50:37Z
JORF	JORF_20251202-004402.tar.gz	128948	053854f46c6c92bd1be474eb0d3a53efb6ab6952d60b7b2c947d44a991d07b7b	2026-08-22T18:50:37Z
JORF	JORF_20251202-212251.tar.gz	2871297	287c5498d7ec5bb2e753e1eedd1f4b34eefeaccffe57511606f73b7cdc183114	2026-08-22T18:50:38Z
JORF	JORF_20251203-003002.tar.gz	223089	0dc54457542522bb6c8aaf894b8cdc2a49091a3764738ec11cadf32613a764ed	2026-08-22T18:50:38Z
JORF	JORF_20251203-213427.tar.gz	6628232	87af3dc87ccdf9f6ce08577c8d6633e7ee9f5323076904396b2ca8bcd69cf839	2026-08-22T18:50:39Z
JORF	JORF_20251204-022445.tar.gz	242322	eff6147318d5afb6b378a4a2c0399ca32eb20f699d532933ce86f5e8334ee62e	2026-08-22T18:50:39Z
JORF	JORF_20251204-212936.tar.gz	4539185	c35b281c1a362997de1d5c88923835f6c692bf60e4bfdd46520aecbced9c98bc	2026-08-22T18:50:40Z
JORF	JORF_20251205-002133.tar.gz	119941	cafbb3343302d6f7ea23fa95a2b678a59fd297938c00c0d8cfcc31c31eb029c5	2026-08-22T18:50:41Z
JORF	JORF_20251205-211816.tar.gz	4040620	c8b54cf4e9d176f23ad4bae60a64bc401d54c5f6bc9155a6765a7793330cb116	2026-08-22T18:50:42Z
JORF	JORF_20251206-002558.tar.gz	214263	5350571f285f6e6b4923893b431a760554cb2910d278932a080ce33408bd6a9b	2026-08-22T18:50:42Z
JORF	JORF_20251206-211429.tar.gz	4921451	4174f97a415cf81cda51deba7e20eb001a0edf965c544c69416e3bcf9841f68a	2026-08-22T18:50:43Z
JORF	JORF_20251207-002304.tar.gz	150798	4b0c847ee4c61fb43c9cb9044186b1197abece68fa62f08c5897600f47caf9f6	2026-08-22T18:50:43Z
JORF	JORF_20251207-204719.tar.gz	2782719	d457a16086e8fd3623a6012174c88ddfb2e80fc8e3a1fcb668f4027bc8017ab0	2026-08-22T18:50:44Z
JORF	JORF_20251208-211633.tar.gz	4623144	e8f365aba28d37b024877dd9d5c599e8c03b933ce9ce82d44b0335b7d0bc0c4a	2026-08-22T18:50:45Z
JORF	JORF_20251209-002247.tar.gz	147638	fc090c4e77c61d5ca4f21215cb3bc18472477b6d7ae16553738158cd525e8dd0	2026-08-22T18:50:45Z
JORF	JORF_20251209-213053.tar.gz	4453457	6d9dd82d41548837db95c928f1aa7873ba27134767247dbd7f30d38de19dd743	2026-08-22T18:50:46Z
JORF	JORF_20251210-002736.tar.gz	387365	1d2a54aa25c89df8fb8049caec9029c920890a92cadc42abcc49b3775a5c0481	2026-08-22T18:50:46Z
JORF	JORF_20251210-215256.tar.gz	6204236	064dae59e33dab571fc08ef7e9b64d7c6d7561900535919832abe1a2d53d00b9	2026-08-22T18:50:48Z
JORF	JORF_20251211-003122.tar.gz	238492	7f3ceac25e8eadeec9177de8f0f5086caf8bb6bcfa5d1272c12983a16e1d67c2	2026-08-22T18:50:48Z
JORF	JORF_20251211-214107.tar.gz	6998802	2d65d81061fe86267aa79444a483430b9a274c4d92272756b9a3cb2898a5c6d7	2026-08-22T18:50:49Z
JORF	JORF_20251212-002829.tar.gz	225447	90f21f8587c1795f4af92250c324eedc6a93990bd79b401585c3e171ebc30243	2026-08-22T18:50:49Z
JORF	JORF_20251212-215441.tar.gz	6159656	a8db0297729e6dafbb958d3e662bdd6505233417008ea83fe5ec51dd399dc600	2026-08-22T18:50:51Z
JORF	JORF_20251213-002719.tar.gz	177054	2d51a9421305401870314836808fe8af54e8b27c726370a98437b1bf51d7b643	2026-08-22T18:50:51Z
JORF	JORF_20251213-211956.tar.gz	3309705	f2ab6473bf97477994c366f0ec3d7ab35d23dc4db0e3935f33df3e80c4eeda1b	2026-08-22T18:50:52Z
JORF	JORF_20251214-002306.tar.gz	151716	f2fcca866dd70e35d6dfeaca3760366786e5526e2ca798b567affc3b34648132	2026-08-22T18:50:52Z
JORF	JORF_20251214-210933.tar.gz	3222900	631619c6bcd07e61af429a6443dcfa48e9be000a5abf1981daeb306cb84e06bf	2026-08-22T18:50:53Z
JORF	JORF_20251215-210751.tar.gz	3644783	fcd3fff44fb7c1eaddb4891c59af99e34eaf41a898e17d1e3f45dcfe7fcce2f2	2026-08-22T18:50:54Z
JORF	JORF_20251216-002854.tar.gz	172049	26c189cd0fcc573ecb8f9830fbc5732c055f5a5fe79255443552217cf1170288	2026-08-22T18:50:54Z
JORF	JORF_20251216-213609.tar.gz	4382834	738bbd4b1bbf15d5759cfe85343fdf2f104b75cea61c83cb6ea093eea85aa6ae	2026-08-22T18:50:55Z
JORF	JORF_20251217-002821.tar.gz	214133	eff8e92e27b53e9e33c935a2361de819f586079b7f8fca02529d8ea4af032699	2026-08-22T18:50:55Z
JORF	JORF_20251217-213805.tar.gz	4370240	d166fe7826ae5588af532268e7a27571c42324ee8073544b07da99a938faec4e	2026-08-22T18:50:56Z
JORF	JORF_20251218-003435.tar.gz	304401	f5991e782bb4d5197abf678ea4ff52977076ca408bed7fbe3bd2b78a6916d327	2026-08-22T18:50:56Z
JORF	JORF_20251218-215251.tar.gz	6712731	0a39e44be4aa104ef22b22ff456788398605b1ad063f2cb53431e4e87a5202b7	2026-08-22T18:50:58Z
JORF	JORF_20251219-003323.tar.gz	383852	e63814e2eddd4a08daa2f2d4e9220871440d8e5d8d055a06b85bcdce3d09baee	2026-08-22T18:50:58Z
JORF	JORF_20251219-221759.tar.gz	9279255	11203d8f81a8b5db10e157ab29c43d1fdfcda348b85dcacbe1ba739f21cac6c2	2026-08-22T18:51:00Z
JORF	JORF_20251220-004350.tar.gz	553735	edf450a9649524e2b46a65ce550a9cc4e6a573f0ad4a291c44945e283fc6d534	2026-08-22T18:51:00Z
JORF	JORF_20251220-214622.tar.gz	7994740	cff7fcbfc8428738e4577fec31f7d05dbd60367db7fe4199b30b3d9d5b5b556a	2026-08-22T18:51:02Z
JORF	JORF_20251221-003018.tar.gz	324056	ac58a7398baa40ff2496141918a612dc4d3131c8f35a112f1b77b17c449baa27	2026-08-22T18:51:02Z
JORF	JORF_20251221-213030.tar.gz	6329119	cdd2492e96a3e3346759221f6a1a751c26fdb388eb17c04c9bd8cfd50a454b13	2026-08-22T18:51:03Z
JORF	JORF_20251222-215837.tar.gz	9969157	ed99482ad82c02d562d379859debc83f74d380d9400c305ae887d08908d7b54e	2026-08-22T18:51:06Z
JORF	JORF_20251223-005127.tar.gz	417202	8d1ed1be1ed45af2f31d34ab41e983ce715db91fdf8026ecef9350e0a1ce7502	2026-08-22T18:51:06Z
JORF	JORF_20251223-224143.tar.gz	12521673	d15e2a66f68eb4361aa8592770b41ebeee00e44631860443df69c76c3a2f2066	2026-08-22T18:51:09Z
JORF	JORF_20251224-003746.tar.gz	446702	b655b705464d2c0b5ba94a219c33ba1968c407a71bff8242f988ea3f63be7f85	2026-08-22T18:51:09Z
JORF	JORF_20251224-220555.tar.gz	7651965	aee9d20558bddbb106421cdce6f95ac2ebe89230c4472884f131941b583a78d2	2026-08-22T18:51:10Z
JORF	JORF_20251226-030911.tar.gz	501372	8bbc4dfe503769c6f6b8936d8678cb885e0f69fcc9f86ee5719530eb7ab67624	2026-08-22T18:51:11Z
JORF	JORF_20251226-221838.tar.gz	11732576	504879edbdbc36696fce795c26e4bf3c86cbba6b26dfa7a6a9d15bdccac359ff	2026-08-22T18:51:13Z
JORF	JORF_20251227-003027.tar.gz	262681	f42a8c1efbadbc0c39604cb7c90c4eaa2b9c33390cb7fef566b2cbd2bc485dc2	2026-08-22T18:51:13Z
JORF	JORF_20251227-211607.tar.gz	4391367	ee820795e2c5018bd447aa0f4d040bbdabd7d19c91741686daae33a33c17b530	2026-08-22T18:51:14Z
JORF	JORF_20251228-003042.tar.gz	246106	fa328d0a3f437c92c6a4430c87573ce3b084ddd4a8fe896b06283df66090eca2	2026-08-22T18:51:15Z
JORF	JORF_20251228-211630.tar.gz	5891055	f1a6c656b4e8dbc3b05b58d5a0079d155699cc6073ea21db66de8e513661c460	2026-08-22T18:51:16Z
JORF	JORF_20251229-225156.tar.gz	13507927	13d49b00755a10cad9ad3e1ab07db74039befa09b0da025c30478b2aa9ccc595	2026-08-22T18:51:19Z
JORF	JORF_20251230-002826.tar.gz	240043	7823a113d4c82aa124a7f5ab7e4db162da8ac0c372899be29066c05a9ff73852	2026-08-22T18:51:19Z
JORF	JORF_20251230-230019.tar.gz	15900093	98f097d272eba5b73299d7cbeae8cf28852ccd6443ffda3784c3507c9af26e88	2026-08-22T18:51:22Z
JORF	JORF_20251231-020917.tar.gz	717807	d96fc1758b86262ccdf06eac1e9db81d62daaa006817170ac29d48a5618d6d8a	2026-08-22T18:51:22Z
JORF	JORF_20251231-230401.tar.gz	18767677	6bfd1f1071b8f36054dbf87b23829a1ecf9d9d4c2d13af8142eeac10640f8b50	2026-08-22T18:51:26Z
JORF	JORF_20260101-003004.tar.gz	274617	552052a97db4a88e684b9b1a342a40a94a67e12b9667cb8b06e96530ce419809	2026-08-22T18:51:26Z
JORF	JORF_20260101-211537.tar.gz	4823771	797c3af00390725ee613703045891105e267e03d3b0650932ed4d2e513102eca	2026-08-22T18:51:27Z
JORF	JORF_20260102-215048.tar.gz	8249861	c661caab9cf2fb1dfdf95c0d4547da953dd7a74d22d61823fee4b55838076686	2026-08-22T18:51:29Z
JORF	JORF_20260103-002636.tar.gz	105379	ab39692fe3586dfa74b7ff19cca336e001a31a4aa232ec68969148d67355dbb1	2026-08-22T18:51:29Z
JORF	JORF_20260103-210526.tar.gz	2249899	664f73f6275d7702ee67874a60f163df8bb887957b5bb407c25f67eb84963c35	2026-08-22T18:51:30Z
JORF	JORF_20260104-001832.tar.gz	37725	298f27b6073cfb808cc9b7fcc43d373b293c141e40a7fcc357b329105e07da43	2026-08-22T18:51:30Z
JORF	JORF_20260104-202823.tar.gz	1264080	198cbdd2ff0c1eeab5614fec4c6117130193697df7ff393c77709641cd7e6798	2026-08-22T18:51:30Z
JORF	JORF_20260105-213447.tar.gz	7168831	e41ed94906463bbc3296117e7ec59afd7b29669e9ab7e93e3584730af81030b9	2026-08-22T18:51:32Z
JORF	JORF_20260106-002003.tar.gz	72973	9218c2424c1081c066bd96e9fba204eaf94a83ed35fca17cfbea898e3a09a640	2026-08-22T18:51:32Z
JORF	JORF_20260106-222302.tar.gz	9133021	9cec4b87c68480772d6ecaed2bf6aa09225f228e30ea362e62229da80ae4e06b	2026-08-22T18:51:34Z
JORF	JORF_20260107-002105.tar.gz	81577	bf95944b9c0fba86de37029a83d746bf726e5c6a119774080eb318b3ae522adf	2026-08-22T18:51:34Z
JORF	JORF_20260107-222303.tar.gz	10095908	8ffaad9bdb91ad8a73a0af7cbea08f7bfec47362698e4763035f08984c59d9fd	2026-08-22T18:51:36Z
JORF	JORF_20260108-002301.tar.gz	127444	995d794743fc36e701d432f24726d2582c334c6e2fa487adfcee1892dff1f7c8	2026-08-22T18:51:36Z
JORF	JORF_20260108-220205.tar.gz	7129519	055f39e15fa94019d993325b7a72c19936b26f22192e92bbe2e5c59d6146c624	2026-08-22T18:51:37Z
JORF	JORF_20260109-002240.tar.gz	111373	55239341335c09ac65491163c455c3153e990d3f71ed750088a56dac4d3e98a6	2026-08-22T18:51:37Z
JORF	JORF_20260109-215114.tar.gz	5092689	a51d9f5024eecfcbcbf9756c6020fd36cc5682348b0933c1dbbbecc1bbedf802	2026-08-22T18:51:38Z
JORF	JORF_20260110-002312.tar.gz	100227	44541f6fa459548ab47b2fdec4fc363a370a85e95dffbef2fab44fa8c686829d	2026-08-22T18:51:39Z
JORF	JORF_20260110-211203.tar.gz	3008346	44aba6991df37327c7641464ba8adc658d19fe3fdb0b44a6b8abccb9d13118cf	2026-08-22T18:51:39Z
JORF	JORF_20260111-002148.tar.gz	129887	f6cb27e301f061c33d5c8926b0ceecb716cd73ee395e8e252d3490f47c3e0679	2026-08-22T18:51:40Z
JORF	JORF_20260111-204923.tar.gz	2700722	90370cfc0ec9850ede08e9575da6c240523c95ec23b59068e48c78b8bfe3307b	2026-08-22T18:51:40Z
JORF	JORF_20260112-212754.tar.gz	2540076	62c782b8be8a7c00aa94a75fe69cf66d74b2c774dfc7dc76686620d234fc1ba4	2026-08-22T18:51:41Z
JORF	JORF_20260113-002251.tar.gz	88898	90c451fb073eea4bf487fd4f56ec056272fb40e767285d7b7dc9aabe9a1d005e	2026-08-22T18:51:41Z
JORF	JORF_20260113-211022.tar.gz	1761317	1b6b22969648d9abccaaf31ca394c7892332c85d8f1b89267aa55727348e054d	2026-08-22T18:51:42Z
JORF	JORF_20260114-002331.tar.gz	129936	dc4fb7844a110f041596cbc7d068330c6487c82868d7a0124231cf60d3f179e6	2026-08-22T18:51:42Z
JORF	JORF_20260114-215319.tar.gz	5301107	5e3c6209cfcb2bb0c379218c4ae8b903caa18c53fe7dda6320e10276e72536e4	2026-08-22T18:51:43Z
JORF	JORF_20260115-003058.tar.gz	200282	271a7e444ebdff9b300779c1d7dcff0bb2979d775ceb37862ff090f4570795a3	2026-08-22T18:51:43Z
JORF	JORF_20260115-213622.tar.gz	5017068	bdd1812232a5b5186a4b8fdca37023ed2999f37968f259015c474b82a3876913	2026-08-22T18:51:44Z
JORF	JORF_20260116-002550.tar.gz	176884	d3b9b6e8a14512d6d8f3d2a0b0b8c45d62e4ebc58fc8551728109ae928aa8e4f	2026-08-22T18:51:44Z
JORF	JORF_20260116-213855.tar.gz	4674608	a7b9b6b453889a3d851b9710a8091f0bdfa6a6fe2c2ca3bc568e2d55c4e55825	2026-08-22T18:51:45Z
JORF	JORF_20260117-003012.tar.gz	163926	77a0885f044929d26690309fcf0274a184859e15d55a08b08afc394269a1ba07	2026-08-22T18:51:46Z
JORF	JORF_20260117-211336.tar.gz	2907785	e50a21683ca09caab4a828340671ebae993d932f9097083fae882467d1a26eb2	2026-08-22T18:51:46Z
JORF	JORF_20260118-002047.tar.gz	83031	093135f34091d4da661a41719117641c415be4ffb006a31e9c8657bc10f974f9	2026-08-22T18:51:46Z
JORF	JORF_20260118-205025.tar.gz	1731338	838dc471c871b3a0277589acd2ecc31b17e4a00805bc4ec76ef190dfb93d5755	2026-08-22T18:51:47Z
JORF	JORF_20260119-211610.tar.gz	2999487	47a90a850e13d213f225ec90ceab14a9c633e2d44669492a891082678d17e256	2026-08-22T18:51:48Z
JORF	JORF_20260120-002330.tar.gz	138516	e179004cbc1737e2358a0b136fd011ac6c515eaee529e852a695672e411d80c0	2026-08-22T18:51:48Z
JORF	JORF_20260120-213113.tar.gz	3830187	0bc5d00f1398f0a6a833bda19a05c259de7e3cd20bcd3daa6e516a7c1c45ecae	2026-08-22T18:51:49Z
JORF	JORF_20260121-002759.tar.gz	178739	7f320ee0d572860b4b8e82474f980aab9940de198eb6565e0f7e6f6fc9d8d66b	2026-08-22T18:51:49Z
JORF	JORF_20260121-220031.tar.gz	7398983	a332d482d417fd57b646e7486386510429b5d8240bd38148de835f526c5894a0	2026-08-22T18:51:50Z
JORF	JORF_20260122-002620.tar.gz	124950	6391c0ac2668023b19669d756644b28ee33c98e7f679bf10ecca9652493cf36a	2026-08-22T18:51:51Z
JORF	JORF_20260122-211654.tar.gz	2760075	f2c3c8ca2ef47b2a12da650265f87e954fe432fcf0fdfaafa3ce9588a28a1976	2026-08-22T18:51:51Z
JORF	JORF_20260123-002545.tar.gz	178884	8146a2fdbd3d1eba54ca29b7fe17b1156ed5d64c2348598215027833afd184db	2026-08-22T18:51:51Z
JORF	JORF_20260123-213816.tar.gz	6642062	51f2854e0a607425983dbc41d01300436bf1c27b52e5e92d0b4e0cd4116c56c2	2026-08-22T18:51:53Z
JORF	JORF_20260124-002318.tar.gz	153211	299f57014ead2bd63b8356169b3ccd97eb54717e187e6ae53790ce30e49cdd56	2026-08-22T18:51:53Z
JORF	JORF_20260124-205802.tar.gz	2255789	b1b15c2065095bef673c7740881ebd8499f004e998009a08250299cd643e4251	2026-08-22T18:51:53Z
JORF	JORF_20260125-002103.tar.gz	71381	641926ecfb91c679d8f35e693ae5b776b4120dd8c469f49c1ac4622ec9f0aa37	2026-08-22T18:51:54Z
JORF	JORF_20260125-205420.tar.gz	2157172	fe3af40da0f7b8bf42dbb0bdbc6e6623dc4f197db8e879d64ab5f4c64b40bb35	2026-08-22T18:51:54Z
JORF	JORF_20260126-211407.tar.gz	2320338	31ecd0aacd52d589c3c32e37484dfad6d67663c0fb059229f95298bd7e1299fb	2026-08-22T18:51:55Z
JORF	JORF_20260127-004658.tar.gz	143579	95aa42b34d667c170e1a0eb0b4255d93ab7552b32389a290e3dc76f26a6953c0	2026-08-22T18:51:55Z
JORF	JORF_20260127-212213.tar.gz	3170952	2dcd866e7bb9e9a82cd90958a56ee750c480699306cb44175c2310ee597ef069	2026-08-22T18:51:56Z
JORF	JORF_20260128-002657.tar.gz	177265	829b3a4cd36a8a07d7dc0ce400c0279bf5058418034b0a31fcea89751c27a000	2026-08-22T18:51:56Z
JORF	JORF_20260128-213705.tar.gz	5078698	b90c2191195fc16ddfe124f2b7347a4a5fd3af7eb0a3c4a9d295d743693347ac	2026-08-22T18:51:57Z
JORF	JORF_20260129-002644.tar.gz	205945	5ece3e7416fb615ac066c56f1cd65f136b0553c852f0b01d28a871e4a16e1a46	2026-08-22T18:51:57Z
JORF	JORF_20260129-214549.tar.gz	6801947	31de54cec5cde39bfb905ea74c5280c9bfda8d31160d8568d4344f1895c91723	2026-08-22T18:51:59Z
JORF	JORF_20260130-002723.tar.gz	233989	fa3d131c05b1b6775c0b711f266f24513f392659b354df7f47b33c4e09e4c59d	2026-08-22T18:51:59Z
JORF	JORF_20260130-215723.tar.gz	7108643	0930ab6745250a061e6786e5f48c06cb2c85c1cc6fbf4d5b1f27c10cc245d646	2026-08-22T18:52:00Z
JORF	JORF_20260131-002623.tar.gz	181351	d011e69d140f4210ee4a0f10a6a345616d926912da310e7d3c00f2c03142e852	2026-08-22T18:52:00Z
JORF	JORF_20260131-212734.tar.gz	5062483	8c535c6bbd26a092c5e3581946b8fbdc29098115a1017807aa26050eb383cbe7	2026-08-22T18:52:02Z
JORF	JORF_20260201-002044.tar.gz	86644	9772d8122b72362d987cbda2db0d129aee4014367f681e115d60c0a1dbb50ab7	2026-08-22T18:52:02Z
JORF	JORF_20260201-204802.tar.gz	2393699	54e8bf568c55cf07d1ae55fc9fd9d7ff1fbde959ab7261408504173b9efbb5d7	2026-08-22T18:52:02Z
JORF	JORF_20260202-213906.tar.gz	4681268	a30c35cb79b5cd2aef49987e2a5248da0c37e24e50ec8bd5abe30a8980390d85	2026-08-22T18:52:03Z
JORF	JORF_20260203-002153.tar.gz	111369	e9ec318fc557886d82d7f081762b72dbb05bd106771ed1a6fa5dbeeb2dd49cf8	2026-08-22T18:52:04Z
JORF	JORF_20260203-212644.tar.gz	2618982	5d1045e16d88472f5f9af714dd82c5ee73791bc8fee89a84155591ef92ed4087	2026-08-22T18:52:04Z
JORF	JORF_20260204-002930.tar.gz	181027	fb8100fba23432d118ff13deade3a9e0dd5a2762f5ddaf7e1e21c683b6f21fe5	2026-08-22T18:52:04Z
JORF	JORF_20260204-213125.tar.gz	4729519	55700b986900838d2334841b11c62f3577bdbf0c9c87a26690fa247cb1553dea	2026-08-22T18:52:06Z
JORF	JORF_20260205-002414.tar.gz	152712	ec17ed78a313fd5be6250e8c94acddb3dd7fd0e95edd978e1ae074e88d2cf55a	2026-08-22T18:52:06Z
JORF	JORF_20260205-212615.tar.gz	4327617	454c6b1c2576c1a2f93297ececfa89e7ba34e649bf45f818a3b1530c4bf89912	2026-08-22T18:52:07Z
JORF	JORF_20260206-002806.tar.gz	223634	0601d305e178e809c243bb08611e52d580d9be93862aaa260fcdf60df71306d0	2026-08-22T18:52:07Z
JORF	JORF_20260206-213731.tar.gz	4915304	ed30d4c46c4efad6345712795b9fb9952c8e708b7ecf51a390b05b9bc4b3dfd9	2026-08-22T18:52:08Z
JORF	JORF_20260207-002631.tar.gz	190812	b8b5b954f27c865f609da76d4ab9eb2a0a5902452a89bd64d579585ac67eb4b4	2026-08-22T18:52:08Z
JORF	JORF_20260207-213045.tar.gz	3537042	f3dc9701467c96f3264dc69beb61eb99d9641405ef81a6ba0ae0581b7d49008a	2026-08-22T18:52:09Z
JORF	JORF_20260208-002255.tar.gz	108001	370148b65008862151d3faa4b915534ca67dcb090ee4b02767ae1223c32669f6	2026-08-22T18:52:09Z
JORF	JORF_20260208-205817.tar.gz	2979011	242f3a634f196d5ab1ae0ca54608bc9ec5cf106a3d22dbc9203128df43906c35	2026-08-22T18:52:10Z
JORF	JORF_20260209-211306.tar.gz	3362331	98f6dd296ad0ab033700bd22d4f3b0f944bf5d7786e568f6afe5d210f97b631a	2026-08-22T18:52:11Z
JORF	JORF_20260210-014143.tar.gz	140675	8dfab9e35449e53b0656a1786eb191d8e06f1e002d2bacafc370a35d660f28d3	2026-08-22T18:52:11Z
JORF	JORF_20260210-211914.tar.gz	2242874	88516b06699683b2ed21b29609bbe3f3fc7abea6f3be21b2ec942db0cf130fca	2026-08-22T18:52:12Z
JORF	JORF_20260211-003105.tar.gz	194988	ca24486adcedb287ff0dbf285a532a7637ee70b0d57f66e662a4188baf690388	2026-08-22T18:52:12Z
JORF	JORF_20260211-213014.tar.gz	3219446	971aa7f0acdcb9459746f3a97fe070d225c92b08454a3d26381e0269253a27c0	2026-08-22T18:52:13Z
JORF	JORF_20260212-002817.tar.gz	325458	96bdfa96bd010f70d4f7b771cca3e822530129bf8a88940854f10ff10fd66365	2026-08-22T18:52:13Z
JORF	JORF_20260212-213618.tar.gz	5241463	cde48c541b3f3727349cf48eb11d1e708d02652dd4bb23f0fe08959783514e54	2026-08-22T18:52:14Z
JORF	JORF_20260213-011130.tar.gz	282046	3aebb8513f2917267a435984b97183640e654826879ad1e6dd50d66b218d3612	2026-08-22T18:52:14Z
JORF	JORF_20260213-215711.tar.gz	6210299	bf3fbbd12813d15120ede30e02d4d03f027c122332880894ca33896c695c049e	2026-08-22T18:52:15Z
JORF	JORF_20260214-002513.tar.gz	171787	01b11f11bd03b25e45b195349bef21125e15038e9384e62817b68b5bfbc2dafa	2026-08-22T18:52:15Z
JORF	JORF_20260214-212536.tar.gz	3640280	d421138b1b07a19bbd75b28f674912cee97e67ace72bbd119208c6f82cc1b300	2026-08-22T18:52:16Z
JORF	JORF_20260215-002622.tar.gz	158649	289dc39791b1c5fafef22ac2ec07f0d0881d1d7403f1a3c9d13f3b4b22764cb6	2026-08-22T18:52:16Z
JORF	JORF_20260215-210455.tar.gz	4161003	dcdb289bfa3cc6618a5c7a822be90034b50bee549de2606f026998f875e0ab54	2026-08-22T18:52:17Z
JORF	JORF_20260216-213927.tar.gz	7545015	43e47158337813fb2e9668aafb5ff1b33c940ee9da9a1761cc770a06ef26a282	2026-08-22T18:52:19Z
JORF	JORF_20260217-002233.tar.gz	101408	bf65a830f4c5a0cbe5a392a270e4ebc8aef95afbe3d64d116835ebb619329ab7	2026-08-22T18:52:19Z
JORF	JORF_20260217-213718.tar.gz	4247850	e5e08d3823bc955e4983f39bffa8a1485137db0e43a593d4e6b681fc943a3dac	2026-08-22T18:52:20Z
JORF	JORF_20260218-002747.tar.gz	259079	a1c6aff0d0bde3d0cb44e08905f7155a1fab35835734a9bbd6f80f602ddf9543	2026-08-22T18:52:20Z
JORF	JORF_20260218-215419.tar.gz	4859900	41df7da03019bfa04f7c403663b8c81f240fefad6879202797a29de57a775e42	2026-08-22T18:52:21Z
JORF	JORF_20260219-002232.tar.gz	110048	e83ef17c749a81452eff47dc682a38e96ab47a0949ae8f968309cac6c1bb12d5	2026-08-22T18:52:21Z
JORF	JORF_20260219-212232.tar.gz	3017398	2758b2c2409c96acc70cb0867e33cb9b80ac5883f60c3f50ed503078f20f0cb6	2026-08-22T18:52:22Z
JORF	JORF_20260220-015513.tar.gz	483802	91df4f307c5964b8bcd0aeae229849b9c8df12cf7fc2b5ed9766ca0087fe16c8	2026-08-22T18:52:22Z
JORF	JORF_20260220-221620.tar.gz	10780920	ef731980e5dfa03efd33256baf4bfc51e49e319aa52b0a37786a00b2601417f0	2026-08-22T18:52:25Z
JORF	JORF_20260221-002556.tar.gz	176835	45c8fa0b8c7db3df8e380dc8be77a4cda9c94d26a47df93778be2404cd94e8cd	2026-08-22T18:52:25Z
JORF	JORF_20260221-213634.tar.gz	5596579	26b975ba856756ce0fc0025725787b58fb11b7db95ecbf767b3842b0952b1938	2026-08-22T18:52:26Z
JORF	JORF_20260222-002358.tar.gz	136316	f76499cfc89a4d2b0654d3170e314a315b4a11a9881891df85a5378a1bc2c0e4	2026-08-22T18:52:26Z
JORF	JORF_20260222-161537.tar.gz	2476	9bd182489e4328f74d060c97ab35f314376a263198c78b26a276c4983f9a747f	2026-08-22T18:52:26Z
JORF	JORF_20260222-204229.tar.gz	2386414	931c9901becc66fa1de24eb90852dc6e9db19f13833edd88e170560afe6f30f5	2026-08-22T18:52:27Z
JORF	JORF_20260223-224003.tar.gz	17329696	99b356d4ed6ff141958e3f6c053f734e897f2b82dee94f17deaa6527e006f572	2026-08-22T18:52:30Z
JORF	JORF_20260224-004048.tar.gz	74864	5febbc6f4d5a6616fe4fdb73a499b91881c2bac54b3964b16aa2a3d5b7d6c56c	2026-08-22T18:52:30Z
JORF	JORF_20260224-221302.tar.gz	8923355	182ed75e86e24312b72cdb71031696bc61c1c66e17a5275e9d5fca62eda0eed9	2026-08-22T18:52:32Z
JORF	JORF_20260225-003052.tar.gz	270410	3aef459116c1e625cce004b07dc63dc57456bb6ee29f40dac34931411d44a573	2026-08-22T18:52:32Z
JORF	JORF_20260225-222454.tar.gz	9342719	aac50706b77da7e579e17cef9889d6f19e31f22b3505b1b84e9e10d125e9d76a	2026-08-22T18:52:34Z
JORF	JORF_20260226-002638.tar.gz	174536	231b9b5fb8d6e8b21c82e9735f42c8dc8278f0e46fa7e7e7625ef6690827838d	2026-08-22T18:52:34Z
JORF	JORF_20260226-220114.tar.gz	7069445	1a8b7b5944dfb33f985d561f662c59eecad98ef6d3a1871153b681a594d922a1	2026-08-22T18:52:36Z
JORF	JORF_20260227-002915.tar.gz	219225	ce4876d3059870a2c05fd7b2da8abea1b1b7cebc75f6d19621507b66347856bd	2026-08-22T18:52:36Z
JORF	JORF_20260227-215222.tar.gz	8371133	e571c300940d55016effde4a07b6bee3983586d1897d0f725eab15d68ecad1d4	2026-08-22T18:52:38Z
JORF	JORF_20260228-002732.tar.gz	208996	b1b2824dcf649f2544e6877883383b7542426b8144cb2dd96c0f1bbbdf5be080	2026-08-22T18:52:38Z
JORF	JORF_20260228-212019.tar.gz	5519065	1a47382a626bcb2ccbd5865a06de9c70a45132a18290909588af2d081191ddd4	2026-08-22T18:52:39Z
JORF	JORF_20260301-002151.tar.gz	100082	3d0013eac7edc5a51ce759f1fcac30e17a2974ce4a517922715382ab6e2492a6	2026-08-22T18:52:39Z
JORF	JORF_20260301-133421.tar.gz	13291	65fd362b4e2bec377821e1bde8f2409c92a16966b60f8b7b67d256040a1923c3	2026-08-22T18:52:39Z
JORF	JORF_20260301-205101.tar.gz	1885267	f763f73b8c38d28f5a5f346db20721a00876a3710313a52c7ec3347ff2179159	2026-08-22T18:52:40Z
JORF	JORF_20260302-213830.tar.gz	7406001	b9d702cbf0faa2eeb274410641b307a7061270147779ee9ae427e3202b2e6684	2026-08-22T18:52:41Z
JORF	JORF_20260303-002214.tar.gz	76253	fdb1ef887966eba5a23f69e3e8a9148549cb1e6f0a3a2d141b68881a64e2837c	2026-08-22T18:52:41Z
JORF	JORF_20260303-213235.tar.gz	3676958	85f9574a3b2dbbdcf3c25f007d79b49db2bb7f3f7c270ed796437fba2a6fd564	2026-08-22T18:52:42Z
JORF	JORF_20260304-002734.tar.gz	165258	cef136bcf6ec77b9fc34160e6fce335428df315cfa58ec593d91982f45c54003	2026-08-22T18:52:43Z
JORF	JORF_20260304-214724.tar.gz	5936009	d74c7abfcc46ee8163f883c95aaa087dd43eacdfb614c78aabc01526beab58a0	2026-08-22T18:52:44Z
JORF	JORF_20260305-002630.tar.gz	219648	bce09aae5719e325b0a507c653b54588cce0e66bb3cc53c260749339b1ab9806	2026-08-22T18:52:44Z
JORF	JORF_20260305-214718.tar.gz	6080534	a5fc7fa21dfe672d24352061a8c493f37228f261f6ad8ba520f48c7a9ecf5b18	2026-08-22T18:52:46Z
JORF	JORF_20260306-002724.tar.gz	152828	9f7e6ba1c5095731aa7f6191c2a3fd979e868d009bb4a1e4f98510de36780a2e	2026-08-22T18:52:46Z
JORF	JORF_20260306-214123.tar.gz	5870553	c8053789e5ee0025a819489272d6ed66b77aa6ce392a47830cd9c7f285b1ee75	2026-08-22T18:52:47Z
JORF	JORF_20260307-002619.tar.gz	143593	a7c65ed8b7026b81cbf725b9a4525aa950f117621ee31a66b4084cbcd1841a3b	2026-08-22T18:52:47Z
JORF	JORF_20260307-212207.tar.gz	3601782	49b8fe5e67947edd99e308e04787049256018e8fd86e4b9f9069d5a9e4a7b72d	2026-08-22T18:52:48Z
JORF	JORF_20260308-002323.tar.gz	93664	381f3be0627d45f33c1d5efea063cf2370f31a791f16e6105ae230007b409ea5	2026-08-22T18:52:48Z
JORF	JORF_20260308-204843.tar.gz	3281409	97e7ac28037d57bf3e1ef92e5806ba5db495894beb8db35c1399034252dfae0d	2026-08-22T18:52:49Z
JORF	JORF_20260309-211112.tar.gz	3695645	f121d9bf54fedcb0e24b54464f6951a4964073401b02194a62d70bcf6857fca0	2026-08-22T18:52:50Z
JORF	JORF_20260310-002235.tar.gz	120252	d0484e734cc89c15c839c60262869445646e0ab9175ccd02d4123222633e27b1	2026-08-22T18:52:50Z
JORF	JORF_20260310-213318.tar.gz	2428217	3a8aa67e6a3cac5bb49834142822e42108a11e93953833fb2a0f5c3af6f57d39	2026-08-22T18:52:51Z
JORF	JORF_20260311-002739.tar.gz	179671	01737a6e321a3f82b19bb4cedb8ba8e50c3ef1d765e478460b18e56da74672e7	2026-08-22T18:52:51Z
JORF	JORF_20260311-215438.tar.gz	4865285	87b440159d0d913c5bcebe25a842a636c3eb7ac996abd1c90dfdc73f48194744	2026-08-22T18:52:52Z
JORF	JORF_20260312-002858.tar.gz	262199	76b683fd5264dcd7b3db07f4511307a1d69a37fb50fb1d5c756661fd64ee7a9d	2026-08-22T18:52:52Z
JORF	JORF_20260312-070417.tar.gz	13086	22b3f9e5a831ba143fdfa069c5ccddd5eac7893d0e988a4869fe7a6e371f09ea	2026-08-22T18:52:52Z
JORF	JORF_20260312-214147.tar.gz	6922965	534b28b42218e0ee8e44f44b48b36aaaf2086d7ffc4c464536991490c99ed803	2026-08-22T18:52:54Z
JORF	JORF_20260313-002542.tar.gz	181879	5b073b88b1f8594fb2a00460d4e808d308caa6db74c6da17370242f99caec4e9	2026-08-22T18:52:54Z
JORF	JORF_20260313-214659.tar.gz	4247699	3a3cf4ad091380b805081cc7c52bc2e51444ec66161cfb00b38ef66e1cbb6d4e	2026-08-22T18:52:55Z
JORF	JORF_20260314-002319.tar.gz	116934	90b43b400c548676117c07ce24a6c7a4f4700a5aeb319e7d714fe6f863e93802	2026-08-22T18:52:55Z
JORF	JORF_20260314-212106.tar.gz	3287977	3dc9dbcc0b194883454d5ff5011f09bb3f48e254f15ad76b43354b8b973e3b78	2026-08-22T18:52:56Z
JORF	JORF_20260315-002221.tar.gz	97143	40287d5fcc6b06f2c50d1072c9f800fefbf133989c8cdce292591863913eda87	2026-08-22T18:52:56Z
JORF	JORF_20260315-211140.tar.gz	2445082	d8bb56da214f454b35d8e9a11b8fc789ac4e97690aa06ca897a07b20bb3d36b2	2026-08-22T18:52:57Z
JORF	JORF_20260316-213019.tar.gz	5006194	ba9bb52f0b952ca4d9d8324540777357d6bb5eef8aac92d136c892da36ac651a	2026-08-22T18:52:58Z
JORF	JORF_20260317-002052.tar.gz	84033	1df4b15b92018118bd097f3f7de6718d41345fbc9334418b5c73a334139db5e0	2026-08-22T18:52:58Z
JORF	JORF_20260317-212200.tar.gz	3019644	bce0148f49600d257ce884ef3ecf01b6db8dc78b532557f24c10897f1dc0cb92	2026-08-22T18:52:59Z
JORF	JORF_20260318-002356.tar.gz	117765	a0abdbb617f784851499def5c217269bc47ef0b9bad3608a78e44ccf2dad2b60	2026-08-22T18:52:59Z
JORF	JORF_20260318-213412.tar.gz	3264594	3f105ec5a01d9bbb6a084c500b38245a271c9b0fa41ef0c0ffbdc2066b579f3a	2026-08-22T18:53:00Z
JORF	JORF_20260319-002651.tar.gz	143510	b17b7fb7998c41910c77fdf6a7ef9694d60f5a92f9da1b38a1e40cb5fb4cd02d	2026-08-22T18:53:00Z
JORF	JORF_20260319-213022.tar.gz	5100139	0c427c60e5f3c98455ffb3afa62bc7c4be557b32bc02a40376380e84422b2a76	2026-08-22T18:53:01Z
JORF	JORF_20260320-002544.tar.gz	177624	2246fe7440a8bdb4c950522323f6e07621c454c5b923b5c96b31663d5ea85355	2026-08-22T18:53:01Z
JORF	JORF_20260320-213900.tar.gz	4944643	d9e03cf6a71274ede1e8cb5eb258b9b70bfad4ce90a036793fa24aa8dbebd5a2	2026-08-22T18:53:02Z
JORF	JORF_20260321-002240.tar.gz	121546	7c40f799f41cbefaa066ee1461649a6015b84cfae978031eb102025484afa522	2026-08-22T18:53:02Z
JORF	JORF_20260321-211750.tar.gz	3172178	fa728db5d615193153da0baad5d61813a4dea661b0226e10ea41586d37978f5b	2026-08-22T18:53:03Z
JORF	JORF_20260322-002222.tar.gz	114469	baa2c05db120c2c1387d2abaf4059d712cf87d068af7f2905f0cc123dd4214fd	2026-08-22T18:53:03Z
JORF	JORF_20260322-210426.tar.gz	2858944	7bbadaeff2b3d5faff5c3ad438d776390b7790fbaf5930b97499004094eb33df	2026-08-22T18:53:04Z
JORF	JORF_20260323-211443.tar.gz	4672446	f01f57d7ecee07ab7d53aae2ec687236ef95fb86fd80f3241ade277aaf0843ea	2026-08-22T18:53:05Z
JORF	JORF_20260324-002443.tar.gz	111059	8f854b87ead8b13797b336bd6253529641f603180784d7f26834fab030508a48	2026-08-22T18:53:05Z
JORF	JORF_20260324-211026.tar.gz	2710408	d7d6a313e686a8b6248d34580eb6bebb8829198ecd197c1ae4905cdc0141efb9	2026-08-22T18:53:06Z
JORF	JORF_20260325-002426.tar.gz	121311	6b9b010420b81b346c5bc24905836496a8ffff768e554abe692488378eaf4571	2026-08-22T18:53:06Z
JORF	JORF_20260325-214514.tar.gz	5030933	74138352b0e13a835a958b33b842d3871a904197854cc8b9e1835b39254d2e6e	2026-08-22T18:53:07Z
JORF	JORF_20260326-002828.tar.gz	471994	cd895bcb6f08ec046fcbef32cea8a29bad438cc8be20496511e51ecd0643ca61	2026-08-22T18:53:07Z
JORF	JORF_20260326-221059.tar.gz	8143787	6f4fcd8ec7b577ad75d9f205d0be9497fa850c9a01a6220d1a08a0e0efac3a39	2026-08-22T18:53:09Z
JORF	JORF_20260327-002618.tar.gz	222714	9751d63aa33ad3eebbf03ed39edfc05a861f31677de8aae36bfc56e62cfcc924	2026-08-22T18:53:09Z
JORF	JORF_20260327-214904.tar.gz	5140009	5c1f8ef64bd09f49692bf3066e5e436cd705d8ccd609ccf2d25f53123e86da62	2026-08-22T18:53:10Z
JORF	JORF_20260328-002236.tar.gz	120175	27fc30257699398ede630d378ad337b462d4f85330853cd388e3cf26c1a7da25	2026-08-22T18:53:11Z
JORF	JORF_20260328-211035.tar.gz	2431333	01ccd41b7a62a23856b2d64a4722bccd895f1e6748aa174e833644ce8795758e	2026-08-22T18:53:11Z
JORF	JORF_20260329-002233.tar.gz	113355	f5eaff4f8ac7a2aacf2b5b091eb67a44ae5df51debba1da3fd120909a5ecd0a6	2026-08-22T18:53:11Z
JORF	JORF_20260329-205537.tar.gz	3158892	72c75715fd47f6c22fafd639012883ff6958b38d8671165c804158cdef6b2fa6	2026-08-22T18:53:12Z
JORF	JORF_20260330-213449.tar.gz	5186915	420af718a668f810fc4987eb57adbd5754eadeb9f1cdbd09c9cc4373b0713b07	2026-08-22T18:53:14Z
JORF	JORF_20260331-014630.tar.gz	283786	b409037259d511a7b14acb61aef7af3989a6f2308dcff6224416c5ef4d15f11c	2026-08-22T18:53:14Z
JORF	JORF_20260331-215650.tar.gz	5667662	292786aef7854719c9e17fe07fffedb2c388663dc24868429c6f9e4ad110a5dc	2026-08-22T18:53:15Z
JORF	JORF_20260401-002543.tar.gz	156090	570b2861e514cc2a6668f3296378b28329cdae8ce9ad1cd5f3a79662d7ba8f27	2026-08-22T18:53:15Z
JORF	JORF_20260401-215458.tar.gz	6179463	5e2bc6df86a0c2ee9fe2819298809f08a81667e155c303be1814389341b9a75b	2026-08-22T18:53:16Z
JORF	JORF_20260402-002730.tar.gz	296416	c8cc61c2cf49c617d4cb9bd8067f007217e578d190934dbf54846617dc9f1f62	2026-08-22T18:53:17Z
JORF	JORF_20260402-215758.tar.gz	5433349	e9639a940f1e4d8b72181d4bebcaec542c1bd53ea222cfb1bcf9fb15ab8a8346	2026-08-22T18:53:18Z
JORF	JORF_20260403-002705.tar.gz	214002	a82c104561b09767ee591a5de780d724b847128f11f9fd68cb35a40b9fd87b25	2026-08-22T18:53:18Z
JORF	JORF_20260403-221345.tar.gz	5785096	4d8bc763205bb49bb910b349ffd7d079bd4c1dbba67014140239dc2818f960d8	2026-08-22T18:53:19Z
JORF	JORF_20260404-002817.tar.gz	264550	07a45cf136c956230bc4e159dfde9439fe03aacb8a17ed13d8a2b40761d1255a	2026-08-22T18:53:20Z
JORF	JORF_20260404-213031.tar.gz	3406101	3c9a91f867af6757b2a36573390375e7fb9ebdb5ae88ed360cd2ccca76daf077	2026-08-22T18:53:20Z
JORF	JORF_20260405-002214.tar.gz	88524	9e98511adf1c66d433413d727fdbd6ef95240d60122f8f8f56b5cd8fbf4725a0	2026-08-22T18:53:21Z
JORF	JORF_20260405-205014.tar.gz	2583106	0d48e765ccb51b91a04bba0450794e5f6a8699b6ea54bf2e755f7297fd5dfb2d	2026-08-22T18:53:21Z
JORF	JORF_20260407-213340.tar.gz	2998055	91256c81d2d3b9a300316c81111dddc126ed6b3e1cc30ef8aacbf956304b9679	2026-08-22T18:53:22Z
JORF	JORF_20260408-002323.tar.gz	106263	b44dd8750ffef0343a1739a2ce8e59fd7afa9c652061e05f756e020187fdd098	2026-08-22T18:53:22Z
JORF	JORF_20260408-214134.tar.gz	4198271	8484fd3a6ea748df3823a71b9e1c99f2d4e29c1a6fb315bb925f25a8458938cf	2026-08-22T18:53:23Z
JORF	JORF_20260409-002748.tar.gz	237266	191302c55115c9fcdb91c994d819c3175c8e37b6b7d43d97eb32ab30d25ea66a	2026-08-22T18:53:23Z
JORF	JORF_20260409-215606.tar.gz	8964419	a1ab5578ef8393db5c49d5d610a80bb0840d443fc0e06fabafec25f7513d35b1	2026-08-22T18:53:25Z
JORF	JORF_20260410-002634.tar.gz	181597	21f37d88f99a1076fe3355321be7911a25b5e270e1a3e3dfcd6a6e12c1861c23	2026-08-22T18:53:25Z
JORF	JORF_20260410-214608.tar.gz	4546736	17f7217a42de5495a20089481e64aee0b74248252d22dddedf34b19722ccac3c	2026-08-22T18:53:27Z
JORF	JORF_20260411-003912.tar.gz	679825	d09e9043819b4de4ed028d9e8dae773998c558473c883ca957918b33d7af27a7	2026-08-22T18:53:27Z
JORF	JORF_20260411-220252.tar.gz	8597028	f0bb61c743f2c39e4ed766ebc977ed1cd32c7506918f4c64583b052a4cc317dd	2026-08-22T18:53:29Z
JORF	JORF_20260412-002720.tar.gz	275195	913c0e84e972c559659ce8b006ea1a1bc4b6134f4dbff59d09b7e83be7ff6fe2	2026-08-22T18:53:29Z
JORF	JORF_20260412-210058.tar.gz	3570686	fa1787d69ce0d044dc8d8c285c94a0433c1567277a92105c542059f915e39289	2026-08-22T18:53:30Z
JORF	JORF_20260413-220055.tar.gz	11314090	63e674151ded39a787b950914bc4e3743da6c21ed9df849fefa1208421683989	2026-08-22T18:53:32Z
JORF	JORF_20260414-002228.tar.gz	120697	91527b166c30c5dfe051e9d980799b57eba246263242e86a03d04588a26a68d8	2026-08-22T18:53:32Z
JORF	JORF_20260414-215312.tar.gz	9245147	ebe118b1a711867269e1f64ae7d52c570db24e2ff9c80275aa35fd8c9615aa9d	2026-08-22T18:53:38Z
JORF	JORF_20260415-002538.tar.gz	182169	e4f45b8a7a71a8f95d3349c47f278d7f66a0c61ac55ed8b8de118318b2b0e018	2026-08-22T18:53:38Z
JORF	JORF_20260415-215728.tar.gz	6137195	6f25b20c434050da673e2edde13675026a58e940ba5b99c19fb6eb41958b10f2	2026-08-22T18:53:39Z
JORF	JORF_20260416-002538.tar.gz	222508	e2c132d7798f43c9dda1ac40c866989aeff2b06a794b272d525942614ffeb2e4	2026-08-22T18:53:40Z
JORF	JORF_20260416-214438.tar.gz	5608494	29dbedbf1cec3803e2d2e9509c66a452140fadde19d41ee5aef707ff972d761f	2026-08-22T18:53:41Z
JORF	JORF_20260417-002714.tar.gz	179176	99688e7c0b3800346d719fb150a60787c99b4906777700009ffac7387a55b328	2026-08-22T18:53:41Z
JORF	JORF_20260417-211846.tar.gz	5670306	71f7412aca46989d2be7fdb59b4471834241add5de0665bc9f718d24cc792c92	2026-08-22T18:53:42Z
JORF	JORF_20260418-002422.tar.gz	162248	1d997c05aa3aa0ced575aa3d325f8909acb1af7fae392fcacd0423d1b0437acc	2026-08-22T18:53:42Z
JORF	JORF_20260418-210500.tar.gz	3304295	d05ada63b57083411241b53ce873464b458f9e656636d7815107b5644ead5cb7	2026-08-22T18:53:43Z
JORF	JORF_20260419-002209.tar.gz	85968	f667076accd4a4053a3163dbcacfeaf3f81b440c1c3278dd45e7f2c8cbd40bc4	2026-08-22T18:53:43Z
JORF	JORF_20260419-210937.tar.gz	2991459	676d257dc50fab6bf3c7e6b6b751574e73a973ebf47f5456f7f2c33190cb6153	2026-08-22T18:53:44Z
JORF	JORF_20260420-214116.tar.gz	4888204	e6be9d7e462c5a0b7b5d33caaae99c8585ab1ce4540377a0fb6cf8ac852b3569	2026-08-22T18:53:45Z
JORF	JORF_20260421-002027.tar.gz	75120	92f2dd5d2f1ddf5bc98fe64f4db3d080bb3818fe66e20187a6e47d6e3b6e9923	2026-08-22T18:53:45Z
JORF	JORF_20260421-212406.tar.gz	3582774	334fcbc944008ea2942b65051476f2368128e7f6a979df3b168b00e03253c734	2026-08-22T18:53:46Z
JORF	JORF_20260422-002904.tar.gz	186229	f62200b8f32ec726c5b9f4329e1db02e1c41159e91b9d9b1cf0220c78e592eac	2026-08-22T18:53:46Z
JORF	JORF_20260422-214145.tar.gz	6252870	fc431fc132d6de0ec3db094b1150dec46310716a4e367766ec1c59f44fc0be56	2026-08-22T18:53:48Z
JORF	JORF_20260423-004647.tar.gz	237989	0d29a657087a9ee91bb9556a3937c0afd8dd907c7b6bbc517ba1f80faf7cf4ac	2026-08-22T18:53:48Z
JORF	JORF_20260423-213844.tar.gz	5506997	4c05adf303a939b22c1c7d86d333beddf10c5a751817cd8cb8ea94ed33ddfa5e	2026-08-22T18:53:49Z
JORF	JORF_20260424-002759.tar.gz	202883	736a61af1de747ba5eaa955eb19f5cee26f5f7cf3e2854d2e05b7764b91a69a2	2026-08-22T18:53:49Z
JORF	JORF_20260424-215737.tar.gz	5249610	e39b6f4012d7ebd44abf04d7ed70af24fc15c91b0628f132dee83ab7c85a8087	2026-08-22T18:53:51Z
JORF	JORF_20260425-010120.tar.gz	316454	b49c9040f058f122fcddf53143b7fe236b51c26f1af766622179ddc3aee9b157	2026-08-22T18:53:51Z
JORF	JORF_20260425-212738.tar.gz	4015672	4062807b42b2bd3f833ee2793a07b4d45af59c4f56f432ac06436d4d308d3fcb	2026-08-22T18:53:52Z
JORF	JORF_20260426-002214.tar.gz	87280	bdc371102ab5432508f121e23e10666e0f1344ff67d3629045edbd9f0bff01b9	2026-08-22T18:53:52Z
JORF	JORF_20260426-205404.tar.gz	2623766	dcb80db01050bc90017b1c241c28cadb14ee6b1cdf5dcb37ab6074279df97e8b	2026-08-22T18:53:53Z
JORF	JORF_20260427-212938.tar.gz	5295733	ce45c20a61bab07c298f2d0aee94a55e6e5cb532b11579204fcc4333b9819568	2026-08-22T18:53:54Z
JORF	JORF_20260428-002434.tar.gz	208888	2aae089cc5f8657bfc44331871b2ce291a01e42936cc82c2c14a28e11e6089c6	2026-08-22T18:53:54Z
JORF	JORF_20260428-213918.tar.gz	3968781	e9c5d20a5805c351b8a78fd54f819a53f5e8f4b0a83d979c05e50a3bbcc81dc1	2026-08-22T18:53:55Z
JORF	JORF_20260429-003135.tar.gz	296910	8002bb06281dde976bd5d36191da5caa0f8f6bae41c6e08d88e16e7536891775	2026-08-22T18:53:55Z
JORF	JORF_20260429-214715.tar.gz	6064423	4bf9c286486e26e189ad2c0c7ba75ce378fb67841a7cdb2d80b772a5a89a037a	2026-08-22T18:53:56Z
JORF	JORF_20260430-003033.tar.gz	315034	a3a186b199781baad73c597593343f45cf44f649624eba3653ba8198e304b643	2026-08-22T18:53:57Z
JORF	JORF_20260430-220503.tar.gz	8508801	b64d3a028c32e53e2fd087c48ca71cee95d435437dc14ca54d00417915c1dd55	2026-08-22T18:53:58Z
JORF	JORF_20260502-002359.tar.gz	172817	fdb92d475f1b29bbce466cc90f96a9fe68c8034a4480985761e58da7e5880781	2026-08-22T18:53:58Z
JORF	JORF_20260502-212309.tar.gz	4330233	d695758ff5d630e2fa5a6738d1524cb15142591787d416d02b5e1d5147e4e74e	2026-08-22T18:53:59Z
JORF	JORF_20260503-002124.tar.gz	66042	c65e5f3325872a563bac9a8ce399b8723a0dc7bb99a35379cdd7340de5c55a2e	2026-08-22T18:53:59Z
JORF	JORF_20260503-204824.tar.gz	1614711	5bdb23fe75fa12bbaf9b522b8945e0d11334f11b916a04370ddc5071169a65dc	2026-08-22T18:54:00Z
JORF	JORF_20260504-212959.tar.gz	2813285	9200ed9680f5a3b85820104f93bdf8f2f54c32eb6b27ccae049098e264fcf859	2026-08-22T18:54:01Z
JORF	JORF_20260505-002507.tar.gz	151859	2c0dade80cd095f28ab384112148ea5edf2de91bf233a7c219164c688851bbb1	2026-08-22T18:54:01Z
JORF	JORF_20260505-215314.tar.gz	6808149	7d6857d354fba380d4da51fd16912361bea1ab75ea47aa38b6dcd420bd258fad	2026-08-22T18:54:02Z
JORF	JORF_20260506-002218.tar.gz	167585	868248138454db7a18a0155ec17131f56aefeae732de370f6b5a29e5309fde87	2026-08-22T18:54:02Z
JORF	JORF_20260506-212453.tar.gz	3278381	8c448c7c10ef63e019b9dfa7e4b00138c496801cff1a6096b49e612daffa53e9	2026-08-22T18:54:03Z
JORF	JORF_20260507-012523.tar.gz	171137	8ffe5d5f12dd2ace32e32f8bea391dc9ca85d4d07310f511dbad0691e5b0c489	2026-08-22T18:54:03Z
JORF	JORF_20260507-213433.tar.gz	5146743	9dd96c9ad614b658af7c6d19244849330dea3882633cc4292b959ad598e41729	2026-08-22T18:54:04Z
JORF	JORF_20260508-012836.tar.gz	258290	edf50abb26cee761b642ec099d7ea46094210a73e5d018ae89ef18bd782f8eda	2026-08-22T18:54:05Z
JORF	JORF_20260508-213543.tar.gz	6098989	2d057fb550225ca7d7feeeec5650e57b6bff9ef4d788ae7fc892b62fbf4ab6f2	2026-08-22T18:54:06Z
JORF	JORF_20260510-011828.tar.gz	331705	0f45ff4cc9ea74288def51961f1254dd540130f5cbaa9c5ac40bdf734eb12440	2026-08-22T18:54:06Z
JORF	JORF_20260510-213758.tar.gz	5223762	0aef76c2832771e68cc66a4a4392ad7b039c5b2e89129feb732b52163e4646e6	2026-08-22T18:54:07Z
JORF	JORF_20260511-011551.tar.gz	4720	d08f79f7acf8b9eaf25b812e804a7094161283f8385958af26e97093dd60cc5f	2026-08-22T18:54:08Z
JORF	JORF_20260511-123922.tar.gz	22354	99b8f275d6a36daaee286f40e34d3db4fd7b512f430806f3411383bb0f69e99a	2026-08-22T18:54:08Z
JORF	JORF_20260511-222130.tar.gz	8635892	56f55cec8b07e3cf7f627eb72ac7567d2bbf283a6ece81321d8d0a897e0c3519	2026-08-22T18:54:09Z
JORF	JORF_20260512-001930.tar.gz	80297	4bd1b55e51586e4fa654b3529e6866e0e19db9a6a30720c08b0de407c1c91db8	2026-08-22T18:54:10Z
JORF	JORF_20260512-214003.tar.gz	5581377	65d726d8b10c70857600c5ddd08a3fee56569283b747339f7a341f26e477c107	2026-08-22T18:54:11Z
JORF	JORF_20260513-003231.tar.gz	348707	06d3b11e335eefdf9a697cec78a7ff1751a77f00aa0f1b0d736c0f63d92eccb4	2026-08-22T18:54:11Z
JORF	JORF_20260513-221833.tar.gz	8561197	e91c3a84505e2d08a9ed483197f305f8e07d9c6291a3679d7538c80bc7fc0bb7	2026-08-22T18:54:13Z
JORF	JORF_20260514-002616.tar.gz	229706	86fe9ad031f3ad33261d205e0e5df26c64848ea416be1c51e7b44a7a592896aa	2026-08-22T18:54:13Z
JORF	JORF_20260514-212031.tar.gz	4443826	4d0418f773a0611f6b20531c4e8a82a60d90628e432d8ef533d0841c27c70c66	2026-08-22T18:54:14Z
JORF	JORF_20260515-205921.tar.gz	2627390	240603324d8e23f38771b0aa6402295bd84abddd59a704ed0a8e9b492d0bcc00	2026-08-22T18:54:15Z
JORF	JORF_20260516-002606.tar.gz	199515	602ceaf038966b8f88acac454a4a7e3baaca0801b8caf6d454f38c301d453b05	2026-08-22T18:54:15Z
JORF	JORF_20260516-211905.tar.gz	3960166	aa635ece78fb9862df01d42dfa850a02a99a61d17759281171ed6e755fe772a1	2026-08-22T18:54:16Z
JORF	JORF_20260517-002157.tar.gz	80540	70acd8df721d963c63eb92ea0e3e1c9ff0d2678152d8e007225d7398cf494185	2026-08-22T18:54:16Z
JORF	JORF_20260517-204556.tar.gz	2567770	996dbd95bd25e8da8accff3ef6707e044066a9ca7b4854ee50c826b22f553178	2026-08-22T18:54:17Z
JORF	JORF_20260518-211450.tar.gz	3146951	5108fa360a775b3b70d8cbf54b4f469dec214b24cfb3fa9db321ac1436fadcae	2026-08-22T18:54:17Z
JORF	JORF_20260519-003918.tar.gz	90486	d0b3e6c187d2743b7f9eedc19fd2ee243c691159203f3df1fe62deb6153eb072	2026-08-22T18:54:18Z
JORF	JORF_20260519-205954.tar.gz	2344978	e6de1799e9cb438b9ffe0056d9155a3b34b25c50a89b6c7eb8561795d24af3d5	2026-08-22T18:54:18Z
JORF	JORF_20260520-002340.tar.gz	95990	896f54c575149ba2f565f62728a5896af65a01eee0ab85cb148a7c6de851b137	2026-08-22T18:54:18Z
JORF	JORF_20260520-213005.tar.gz	5046613	478e8da3dc776f3311d170448ac16b4271e5b50321aee1ada2e8046ad2a60904	2026-08-22T18:54:19Z
JORF	JORF_20260521-002430.tar.gz	138774	323fa6588647bd3e709fb9b72acc40a095c98785272f4306b08805fd99f4baeb	2026-08-22T18:54:20Z
JORF	JORF_20260521-213511.tar.gz	3429273	690537d9cb7b8240eb7fc15290b34a6dbc50e9df44f2cfcb3f5e74337d63a24d	2026-08-22T18:54:20Z
JORF	JORF_20260522-002804.tar.gz	263882	cd8060bc7d25494bb1545b9de57b53aec3f1fd074fb00c67de5e1adba789437b	2026-08-22T18:54:20Z
JORF	JORF_20260522-211557.tar.gz	3955636	d2feaaf0cba0caa436eeda81a1713ce45b7dcf45ae82425f6437a8c2bbc5f42b	2026-08-22T18:54:21Z
JORF	JORF_20260523-002456.tar.gz	212159	7d84c80ce524a9f73fba682b87efecbdb974b1e004f504016081a507408b036a	2026-08-22T18:54:22Z
JORF	JORF_20260523-212920.tar.gz	4955251	0e264e300ec8203261e626b2cd0c5fb10a4f085e3bce9b9d5a63cfa51660ed22	2026-08-22T18:54:23Z
JORF	JORF_20260524-002330.tar.gz	160836	c13d5879d22b2165d0a62a612054d37ff21affd3f09a28d90e54dadbe296b872	2026-08-22T18:54:23Z
JORF	JORF_20260524-210930.tar.gz	3732643	4be9434877fe52ec80a7419dec202c12ac02527b61dc20103206d69958257931	2026-08-22T18:54:24Z
JORF	JORF_20260525-201636.tar.gz	378855	069502c97f1d06641763dd3168b4bb9e733c4d9fa1ea1dba4a41e9a8eeca36c2	2026-08-22T18:54:24Z
JORF	JORF_20260526-212444.tar.gz	4972911	58c2391dc22095064a1ab54a569d769a3d46fe18d0d50d99f3e9f65cd3c1b263	2026-08-22T18:54:25Z
JORF	JORF_20260527-002826.tar.gz	194570	974b119a0520d8a353f988ae4cbf2622d0f3185afe7e824c68775c8eeaa09be2	2026-08-22T18:54:25Z
JORF	JORF_20260527-222846.tar.gz	11623231	596ebac6753d451ff8a1156e1fff7d071016a8d9879d805968a011179c60d87c	2026-08-22T18:54:27Z
JORF	JORF_20260528-002624.tar.gz	208348	1cc0ee2b4d4bad1833a848f0be1d0f26c5494ad25de973fdee9857900d0cc786	2026-08-22T18:54:28Z
JORF	JORF_20260528-212842.tar.gz	4517377	ec64e30bc6e864d4bab3ba0cd37c8302dc3721c241e67ab2cce4a247031e2205	2026-08-22T18:54:29Z
JORF	JORF_20260529-012442.tar.gz	118875	723c4fe7f47364c14bca7597d3874bea312fa693db008e63311d82c5749eeb31	2026-08-22T18:54:29Z
JORF	JORF_20260529-212228.tar.gz	3353293	d713b676d388199613e10942f6a363210a191849bf9a85eee653119c7a854b54	2026-08-22T18:54:30Z
JORF	JORF_20260530-010228.tar.gz	258377	7df0f46d554cefceaf0297f995a1fef96be44ac87218adee2baee1042225fa12	2026-08-22T18:54:30Z
JORF	JORF_20260530-213004.tar.gz	4947297	9584c8d0f74598af09cc5e2f71ac6c4d712dfcbeff71b6ae55c0f913f61da2e1	2026-08-22T18:54:31Z
JORF	JORF_20260531-005110.tar.gz	251803	d8049aef2a7e0d1212fc6460a9cd161ab3a805b53b99f082df34535dc897fe14	2026-08-22T18:54:31Z
JORF	JORF_20260531-213935.tar.gz	7063742	4e2e039ae4747b9648642e645f9b3100ac9e8009eed037ad4fbffde8d2bc3ae2	2026-08-22T18:54:33Z
JORF	JORF_20260601-104919.tar.gz	17475	fc50b67b8747329d240af0a76cf4b60a1ac892b3594e3868b5156859a8fdecf1	2026-08-22T18:54:33Z
JORF	JORF_20260601-220831.tar.gz	8288073	e6148d1d640266f10152d362e92e2f00c5a61ebad5a2031af156603aeebfb76b	2026-08-22T18:54:35Z
JORF	JORF_20260602-002405.tar.gz	153234	c5079e907020095f080c0676fada19a5879e34a27cda9cbef1177da01b17db1a	2026-08-22T18:54:35Z
JORF	JORF_20260602-214656.tar.gz	4595553	531920e7a5985f893a5d7d2a59635f5d6f0368e81a8c3dda5979285ea289c75e	2026-08-22T18:54:36Z
JORF	JORF_20260603-005023.tar.gz	275815	3a61dc154c56321905b5c795ef35f795a30370672bdfd06f953c6a4ba9b4fa1d	2026-08-22T18:54:36Z
JORF	JORF_20260603-220526.tar.gz	8947783	fe359f52331bd56c59402c04d7040985d01981685f14ae54b9f8c3be594ea411	2026-08-22T18:54:38Z
JORF	JORF_20260604-002901.tar.gz	235623	43216d6d6597472bd9aad3fd7f05a8cc49aef8e5abecbf09c483be7ece30d0e8	2026-08-22T18:54:39Z
JORF	JORF_20260604-214139.tar.gz	11417230	5feff74ee795eba45134a92979df79ec9d540ce42f01a4aaf47e4d0423d2eecd	2026-08-22T18:54:41Z
JORF	JORF_20260605-002824.tar.gz	220637	b4bc1b96ebd93c1fb093290ded0419f7c420f1ce29a6be08fc6b132039c9ad40	2026-08-22T18:54:41Z
JORF	JORF_20260605-222728.tar.gz	10104693	ee810862c46c158cb551b2b6e531f7671dbd92a90b82e1e12859e65250d0dcd7	2026-08-22T18:54:44Z
JORF	JORF_20260606-004832.tar.gz	261973	b510e9550d754c1d73ec65d02f737f8ea5dd5feea82b7751648f17016576bb44	2026-08-22T18:54:44Z
JORF	JORF_20260606-212958.tar.gz	5298675	054dd4df058d53b7efd6dfbaf256e982f2326490a80a3e0a23153d546458fecb	2026-08-22T18:54:45Z
JORF	JORF_20260607-002647.tar.gz	191588	d14e3723fc9047321086c7003eaa45d3d4d468f9f8d75213fe3a87a78eab25a8	2026-08-22T18:54:45Z
JORF	JORF_20260607-205700.tar.gz	2608541	86e79e7ec05ebf8ef498d8811206d053921d4280d93d878c420c3bd071e66d86	2026-08-22T18:54:46Z
JORF	JORF_20260608-213910.tar.gz	5055548	9b4f22410cdc2675ebebbbe2dfee9dbccd3b74e9c1dfd904a086160bf0e89c8e	2026-08-22T18:54:47Z
JORF	JORF_20260609-002018.tar.gz	71799	977170d0d27c752d6d673c2feaf3b5cbc6d43c27aa4e28f8ac1f409925154596	2026-08-22T18:54:47Z
JORF	JORF_20260609-212725.tar.gz	4133117	fb7d945a671de8ed5c60ad3b485ee98695f8db0f65c485e186984186c51b0c26	2026-08-22T18:54:48Z
JORF	JORF_20260610-010628.tar.gz	217271	3961aa5ceeaf00f512710fa2485d1aaf375311c7f6560738092b8ad2c3ef0fbf	2026-08-22T18:54:48Z
JORF	JORF_20260610-214017.tar.gz	4873935	6ca1d7327bf8e1caac22916ee3fa4ab405313f54b5a3acdec43aba3a883be9cf	2026-08-22T18:54:49Z
JORF	JORF_20260611-002543.tar.gz	205005	273f6a98df1c3674aa50d147fd7a275bab9dd56061d242e40e82732ce00e6691	2026-08-22T18:54:49Z
JORF	JORF_20260611-215545.tar.gz	12549464	1d2cd2a32e4b2dadd3489a3d2fc0c67cfe40febf77f0516919f4e9052373fa77	2026-08-22T18:54:52Z
JORF	JORF_20260612-005031.tar.gz	405693	61fb2e37220e5e808bf5715b651cfeb4790cb3fd6645549634d30442b2485ffa	2026-08-22T18:54:52Z
JORF	JORF_20260612-215918.tar.gz	7620320	c9e30b58d666faf725c728680bcafb5fea7f01a454ea3157613c896e0c22e6b3	2026-08-22T18:54:54Z
JORF	JORF_20260613-010126.tar.gz	273696	b20c80a0d1725723b5ccb8c6f263cc20e3ad279f3c9a8c10714eb2fa64759273	2026-08-22T18:54:54Z
JORF	JORF_20260613-213705.tar.gz	4331656	116ca3f55f7fd3baf24a88822e20bd06e4b4e7e8dd977000cafa40305ef477aa	2026-08-22T18:54:55Z
JORF	JORF_20260614-002526.tar.gz	132019	973c950988567171a8f14ae71df81c3d6a85d314e9a891194a5b9363a6905f58	2026-08-22T18:54:55Z
JORF	JORF_20260614-211107.tar.gz	2382834	336989006cc005a6b3ebbd0d31b2970cd3abe397dca8cd02b513c6a1ca76b027	2026-08-22T18:54:55Z
JORF	JORF_20260615-221231.tar.gz	7393726	f82e9d5170028fad7d64a74315b970753553f718cb400373db349f2be4fa9c01	2026-08-22T18:54:57Z
JORF	JORF_20260616-014049.tar.gz	148536	14ab59552dde79ec78a9fa10f33ea91d08c278329dfda0f3d80a8218536b375c	2026-08-22T18:54:57Z
JORF	JORF_20260616-213852.tar.gz	3716104	7a03002b23428f94b01595ea959bfcc68d45a1e94515c3dbbd10588f47a150b1	2026-08-22T18:54:58Z
JORF	JORF_20260617-002314.tar.gz	112827	3e35dc5ba60023619f81e7f8cc37ab309108a21386c02fd51c9244a25b3302a5	2026-08-22T18:54:58Z
JORF	JORF_20260617-213057.tar.gz	4449200	fb79ec5278d32042302cd6f39cf02ae3e6664f1f4fc62bb8b6695749300522c6	2026-08-22T18:54:59Z
JORF	JORF_20260618-002647.tar.gz	215769	cf836118e9d0e75c8ef36636ad8c8df839f1836b98165e2991ef9fbec333dc76	2026-08-22T18:54:59Z
JORF	JORF_20260618-213729.tar.gz	4360803	f40acb34f73362028d87cf39240c5a47c4c2152ec5ab3cc53b8c0480f33c063f	2026-08-22T18:55:00Z
JORF	JORF_20260619-002334.tar.gz	250738	8306f42e485321ba396841deab60ee65a4e961aaedc74dd561d266c389fd8e8a	2026-08-22T18:55:00Z
JORF	JORF_20260619-212738.tar.gz	4272823	313f5e5cdad8f2bc69cd10f89f47f0cab02ccc9823a9f46ad81f456b6dda9bb7	2026-08-22T18:55:01Z
JORF	JORF_20260620-002841.tar.gz	265399	89d7394575301cb421b2ab46249cdfb41507d41b5f2916f275e171c7522022f2	2026-08-22T18:55:01Z
JORF	JORF_20260620-212647.tar.gz	3973122	c37c34cba4843a9d0bbb182fed89de41001058548a67c5198f763f12aebb0f15	2026-08-22T18:55:02Z
JORF	JORF_20260621-002430.tar.gz	169920	998c192ebe9aef1fde876f455df21c92016ca766c9d96242b072895ef6ad7ea9	2026-08-22T18:55:03Z
JORF	JORF_20260621-210217.tar.gz	3896268	52c574321459d6c598afb98707cf8a766dcef392a046406c1e2f4aa1d659fd98	2026-08-22T18:55:03Z
JORF	JORF_20260622-213822.tar.gz	6912237	f8f19a931825254b71aa2135bf1359a8dbcefaa38f2e2c504e2c01720b3d5465	2026-08-22T18:55:05Z
JORF	JORF_20260623-002350.tar.gz	173915	3fa28c9167a9d459bd1f4c51de8ec464ece3de6117cb1b9a8b38da98b7a71219	2026-08-22T18:55:05Z
JORF	JORF_20260623-205747.tar.gz	2192624	16e931640878015736fdaa7cb7ce0921025832eab7e90d94f4c9623e1e9ec035	2026-08-22T18:55:06Z
JORF	JORF_20260624-002810.tar.gz	181477	b83b2f217bd0a5e9cc28272116f7e985938e42a43ca1185d0814852aa9520457	2026-08-22T18:55:06Z
JORF	JORF_20260624-215402.tar.gz	7854072	06938b32f2a1edab2df57775a244a514310a88052b90cf91482325ac749b843b	2026-08-22T18:55:08Z
JORF	JORF_20260625-002840.tar.gz	171191	3c9cb13ef4612f4acb7f931eee7e87156d74923e64840a5722043d7bfae32b6b	2026-08-22T18:55:08Z
JORF	JORF_20260625-214542.tar.gz	6129744	6a2f7f7b3e88f4772fc8cd6f1413208e1f87b88fc3802fb516bcbc61b2f04b01	2026-08-22T18:55:09Z
JORF	JORF_20260626-003520.tar.gz	391492	fc559b5f31a327f4e03d256bb83c4633cdb0d7764354c9d1f92b40f79bbf7bdf	2026-08-22T18:55:09Z
JORF	JORF_20260626-222225.tar.gz	10468682	973bc4253ba6b5c18bacf1be3fc29da92a56d0410c4e2e4089f723cf6ecb4169	2026-08-22T18:55:12Z
JORF	JORF_20260627-011148.tar.gz	202357	15ef05ce5a7736684d9602f2a1a2ca5217ccfcdc6594bf4690022675c31c26c6	2026-08-22T18:55:12Z
JORF	JORF_20260627-212718.tar.gz	3629715	998bd4a97fef028c577cf1f0fea5909f3c4f3ec8a80e1af3bc1a23cc02c1eb86	2026-08-22T18:55:13Z
JORF	JORF_20260628-002400.tar.gz	119910	72287825c2257e2ec9e7a8f94d3fcd7316f1a724afe7f0c0aebfda3b1bf8ee10	2026-08-22T18:55:13Z
JORF	JORF_20260628-211533.tar.gz	4695115	af575ef82409f0d3d6e8db8a6ab3312f21d0e879755af21899fada758649af4b	2026-08-22T18:55:14Z
JORF	JORF_20260629-223234.tar.gz	10664976	1285dcf22c1c5d08da1fad0d482f528d5e202af3efd3875c86828a836905c895	2026-08-22T18:55:16Z
JORF	JORF_20260630-014711.tar.gz	229303	62140805333889e47e953e97be14df47953d13fd794c34c4f90c11222487c1d8	2026-08-22T18:55:16Z
JORF	JORF_20260630-220855.tar.gz	9281516	44cc6782914880e64d81187a0f649a0b3a71748e8484158e2019298d3bd9c457	2026-08-22T18:55:18Z
JORF	JORF_20260701-002816.tar.gz	173927	df4b58504ff2479ed5873929eee97488b6896509c41cdc84a987329333fd94d7	2026-08-22T18:55:18Z
JORF	JORF_20260701-101416.tar.gz	30138	0adf34a1bc926edd6b9f13763cf5c16e2141ccf9460fec8edf7501dccd577b54	2026-08-22T18:55:18Z
JORF	JORF_20260701-222046.tar.gz	8903736	5425307e14813fbb86c24f4c19b5fdce435bbca30977df7b5f79ddb9fcd55f3d	2026-08-22T18:55:20Z
JORF	JORF_20260702-003141.tar.gz	222322	555b80a4f99501f82844b17732c49d3d22bbc9ade7bfc1a7c9cf6e9654993896	2026-08-22T18:55:20Z
JORF	JORF_20260702-223445.tar.gz	9632904	aa9d7b7ad50353bd0e0fc0330e2d1f4f9c1c99dfc3f4bf4bcf550817a0eae10e	2026-08-22T18:55:22Z
JORF	JORF_20260703-002715.tar.gz	147726	2152673d6529fbf7e101add886c14f041c64df757f6141c0e1af6be96ef78f71	2026-08-22T18:55:22Z
JORF	JORF_20260703-214412.tar.gz	4791195	13b14537f76931a755942191bcc86fabf4c701d5874c1d90d4b3ee8285798ed5	2026-08-22T18:55:23Z
JORF	JORF_20260704-002403.tar.gz	141690	e61d5d926e0399af505aa7081c4b2594029d2a9ff9b0236eba94dfecf9b93ff3	2026-08-22T18:55:23Z
JORF	JORF_20260704-212159.tar.gz	4086064	4604832bb9bc0639885ea69af5ed3832247e406734a45ffbee32e8a471c0adb0	2026-08-22T18:55:24Z
JORF	JORF_20260705-002348.tar.gz	168548	9c6f3799f941b5ce9dd1f1a3017191f165d411c75b2b619c4470fac4532bc95b	2026-08-22T18:55:25Z
JORF	JORF_20260705-211232.tar.gz	4672620	0b0c7596cb8990407cc6d7ae3db6c2bdcef951980e678a1bd4ea237db0a9e44c	2026-08-22T18:55:26Z
JORF	JORF_20260706-211216.tar.gz	4920285	750c81c9462bb663f4de7a2eaf544a1c756c69d2c16ebab3b9be819a69691ece	2026-08-22T18:55:27Z
JORF	JORF_20260707-002241.tar.gz	129016	2d13d6981959bcd2acfb48b17bad582dfc513541331f44a5cb0c3c744190a049	2026-08-22T18:55:27Z
JORF	JORF_20260707-211437.tar.gz	3816268	74aeee8fa76cd31b0f33223a6df68b50cd534138c71e467d581adef3cee22299	2026-08-22T18:55:28Z
JORF	JORF_20260708-002947.tar.gz	306431	ace33ea4297b1e3d117c29256d3464a2b758764e5ba763d6dba5b727f0dc1070	2026-08-22T18:55:28Z
JORF	JORF_20260708-215132.tar.gz	5493974	ea538e75e0aa2b2ea7f0dbdda347873f63bb39ea79c6d04c3c6bbc7949d70ac5	2026-08-22T18:55:29Z
JORF	JORF_20260709-002743.tar.gz	281377	9969731d100b85cc1bad6c08e78495a747c9da50086a080a4eada3d2b575a966	2026-08-22T18:55:29Z
JORF	JORF_20260709-215602.tar.gz	7199613	7d90ed408b716a26de3abc16c2de7637ff14e476cf67e390f5c62f80de14cbbc	2026-08-22T18:55:31Z
JORF	JORF_20260710-011608.tar.gz	256609	27bf8cf31462ea47e0c284016bdffca79b7c94d5a4bd80d1715d1563a8990d4f	2026-08-22T18:55:31Z
JORF	JORF_20260710-220101.tar.gz	6038083	9507c550cbe1a315ad2b287e4a569349249f7f7eb8dbd14e2986f7d50b2fc6f8	2026-08-22T18:55:33Z
JORF	JORF_20260711-020608.tar.gz	308631	8401d3cbd3e3098bae65d3c9680725cd6781ef30574c7e058efac58602e6a9fb	2026-08-22T18:55:33Z
JORF	JORF_20260711-213130.tar.gz	3963570	e98d67b4fd7d3c702f8e46cc5eb426d0597f9dcc118b8b864b7c0df9354dea01	2026-08-22T18:55:34Z
JORF	JORF_20260712-002551.tar.gz	159430	4c98128691c1d49a3d0fd68d02110b6b6fd98ac698f60186da24d40a14e5b1e4	2026-08-22T18:55:34Z
JORF	JORF_20260712-205733.tar.gz	2978790	94306a93299dcd4a4af7cf46434694bc291e61951abe25b22ac163119ce3ff7b	2026-08-22T18:55:35Z
JORF	JORF_20260713-212510.tar.gz	6504668	b4ee8f831719f1e120648fb1de6985007c17a6930c735f05124d01dca68aee26	2026-08-22T18:55:36Z
JORF	JORF_20260714-005537.tar.gz	101500	c26536e6f0b29ade94277ea024ccaead6925b0ff69a01e1404e985c912a79807	2026-08-22T18:55:36Z
JORF	JORF_20260714-210614.tar.gz	2091399	68df0a6e8cf8e7fe2b36b0945305da903e15b77c70f201ddf5784e0e9e8f1b01	2026-08-22T18:55:37Z
JORF	JORF_20260715-212020.tar.gz	2256808	4caf81e65dc6f4fbf215ba7da8a3632cefbf2f202c74917fc05c9749770e8dd8	2026-08-22T18:55:37Z
JORF	JORF_20260716-010042.tar.gz	341764	5e587270cabf4ce155df38918cc13e5a54ef635b591622d08dbd2473bbb2f978	2026-08-22T18:55:38Z
JORF	JORF_20260716-214918.tar.gz	4768600	fc63cd335bda1361923fe268b790c67a8ccf04293ed52876171b5a96a5c796ca	2026-08-22T18:55:39Z
JORF	JORF_20260717-003012.tar.gz	310522	b87def3ee36ef826fca71d026a83b0f825e156fced631e3b9a006d2a602bb3a0	2026-08-22T18:55:39Z
JORF	JORF_20260717-215733.tar.gz	5946043	884577a6be5eca1b79ad986d1151273c05cdb19822231e0420f071d80eef1496	2026-08-22T18:55:40Z
JORF	JORF_20260718-002549.tar.gz	141425	01449615b7b4622b7638531fdc8479596b7dfbc21c5abd034a3db22087de8b87	2026-08-22T18:55:40Z
JORF	JORF_20260718-210817.tar.gz	4803122	02a586ac869897affc425f464c97ca6baf4929ee3ef195bd4fdb680e32556dc8	2026-08-22T18:55:41Z
JORF	JORF_20260719-002652.tar.gz	180206	b3674180ada91ae7c62cdd133504868eec025cfe87a98fe0151bef7e5ed42b9d	2026-08-22T18:55:41Z
JORF	JORF_20260719-205439.tar.gz	2794750	716ae8761396d518aa6fdebce687c7b4b30ad647f5d22471ae8a2471deb6f22b	2026-08-22T18:55:42Z
JORF	JORF_20260720-210701.tar.gz	3232603	a493e176487936543514557ef401e25ae888b11183466da0e3effcff232451b4	2026-08-22T18:55:43Z
JORF	JORF_20260721-002132.tar.gz	88144	14cf662f65a6a2d933b4767ecfb8be088590a479e2f575362f412a6e2b867bf5	2026-08-22T18:55:43Z
JORF	JORF_20260721-211112.tar.gz	2128071	53c8cd6a88987e26cf02bf6da506ec6180bdbf939323fd0b75a3b18bb9f796a4	2026-08-22T18:55:44Z
JORF	JORF_20260722-002953.tar.gz	249902	8840afc6b36a0dee4105527cc5a3d10959cc9954b9f3f84937d5575ad640639e	2026-08-22T18:55:44Z
JORF	JORF_20260722-220255.tar.gz	6568196	e51a28ef9e35977a4b1e3f8e8586fede23bec94eb0a8dea1f181cbf7cd9008fc	2026-08-22T18:55:45Z
JORF	JORF_20260723-005452.tar.gz	253321	f309afccbd29e9bf6d95181c93014e3306d659fb5bd54c6604c825046c585fb0	2026-08-22T18:55:45Z
JORF	JORF_20260723-224400.tar.gz	9852163	dacf29c8180452545c104c91b368af1423be5ac5dff93479f581204a80fd3144	2026-08-22T18:55:47Z
JORF	JORF_20260724-002903.tar.gz	251817	6728416d86e181b0f2fd10cd409ab22832944d0aa335d9c8d71706a590b1813d	2026-08-22T18:55:48Z
JORF	JORF_20260724-222927.tar.gz	8015527	af697baa1629130e8a9e87fdfd0add1187aa6d7cf1aa5f86c49556a862cf9fc1	2026-08-22T18:55:49Z
JORF	JORF_20260725-002704.tar.gz	210175	e584ae2d82ef22b0bf4909d029771a13680c2fd2a9a5c52e023dccf1a2b7ad6c	2026-08-22T18:55:49Z
JORF	JORF_20260725-211146.tar.gz	4252652	0233cd312e1fd49693f1e56d96c4e009854ad6d2b3a9c30ffa218e1136e7631f	2026-08-22T18:55:50Z
JORF	JORF_20260726-002559.tar.gz	159439	fc420bfb10b1021f01cfcd143f12c1a2ceba3014b2e997ec0710b874483dda2d	2026-08-22T18:55:50Z
JORF	JORF_20260726-210021.tar.gz	3592969	68b7f2525d7442c5392f01faf6460d35dd9d83ed163639e2ba01c664252e3b7b	2026-08-22T18:55:51Z
JORF	JORF_20260727-214936.tar.gz	6290080	619ef109a4240c8b8941cc59b54b4817cd753caa879c35af02bfb83bf50dd4dc	2026-08-22T18:55:53Z
JORF	JORF_20260728-003542.tar.gz	505031	f4a44580666ec1382738d73c0cdaa372cc6b293dc7a337c600c2e3eb8f1b97bf	2026-08-22T18:55:53Z
JORF	JORF_20260728-135307.tar.gz	18804	5dcdb1b4796f76f381971fb5f8833ca6df1e25cc980f1e24c67c2a1777535b52	2026-08-22T18:55:53Z
JORF	JORF_20260728-220005.tar.gz	8465503	a66dd7ef08b5b9b79d87e3ae5a0d3955ed2a1201e289d45954388d326dc0ab06	2026-08-22T18:55:55Z
JORF	JORF_20260729-003137.tar.gz	245275	9a9eaa4dfe28442c471370411eaf989a87150ea07d4d334e39a75489df34c2cd	2026-08-22T18:55:55Z
JORF	JORF_20260729-223923.tar.gz	9782880	9a3611576158e6e04e2214a655ca788b0cc6e58579482e8bc53041919c600084	2026-08-22T18:55:57Z
JORF	JORF_20260730-003059.tar.gz	240159	e9c84952076870547a062b311304ff88ee3d1199401f896b31a65b9b5ca0f00d	2026-08-22T18:55:57Z
JORF	JORF_20260730-222818.tar.gz	11499378	902ca717dc263ee272a1e6e7c0ab63643d7cecfc9c4bc2405e547ec197d3c045	2026-08-22T18:56:00Z
JORF	JORF_20260731-003333.tar.gz	271980	4524039663ff25ed7edd660be239cf1ecc583b2ceb87e4464e43f25ad837ab5b	2026-08-22T18:56:00Z
JORF	JORF_20260731-221216.tar.gz	8384071	04c32c7ad3c6e3092d1a987c246ad303b88bc432863d1a816e5aca5bdda67cfd	2026-08-22T18:56:02Z
JORF	JORF_20260801-002801.tar.gz	251505	86787e0551f94bc16c2c03b5ae9286fa07cf8ac6810041e3af786c05ba34e571	2026-08-22T18:56:02Z
JORF	JORF_20260801-214401.tar.gz	5339974	a914d6681a930326acd80789ab1c8e49361cadbbc377bfbf42f9f190cdc85415	2026-08-22T18:56:03Z
JORF	JORF_20260802-002415.tar.gz	151778	942b5b52efe8e95947cc1002bbc066928b62d1cf4c6f37772d90e9164fa0fa9d	2026-08-22T18:56:03Z
JORF	JORF_20260802-212422.tar.gz	3280123	ef337e0ca40bb0217327202ea9ca262e56684bcfddc9e3070c17c0065c884206	2026-08-22T18:56:04Z
JORF	JORF_20260803-212828.tar.gz	6633306	c7ed27a6b87d44843bda9caaf3e6137e80fa1d3c688dd24b373d54587a43c7ef	2026-08-22T18:56:05Z
JORF	JORF_20260804-004916.tar.gz	253823	cfe42994a0c04de25115fa0abe9c8c42758f140516fbca3d40d40270eaf48519	2026-08-22T18:56:05Z
JORF	JORF_20260804-220219.tar.gz	7282427	4f88d4ac6a56b1391719161b881120f95b563c25519878b2e39969c7e9c9c0b5	2026-08-22T18:56:07Z
JORF	JORF_20260805-002303.tar.gz	104018	b96756a24d2374008befd163d3f745b734f0e73161022e935e12f03c004aae2d	2026-08-22T18:56:07Z
JORF	JORF_20260805-214530.tar.gz	4808578	16c61e3bd7613ed3094cd2ca5f9ce866ae734583f6cfcaa436f7a87fe58f26cc	2026-08-22T18:56:08Z
JORF	JORF_20260806-002224.tar.gz	78108	52b23d7c968744d6dca3ec065de0c97b886abd451db8d080e2c65c849fa804a3	2026-08-22T18:56:08Z
JORF	JORF_20260806-213018.tar.gz	4364241	e67d2b8f81a3f84b61669337cf4adf2dc05655e793f921a7f44d1800e8c361d0	2026-08-22T18:56:09Z
JORF	JORF_20260807-002758.tar.gz	282944	67f7996a8621652ab3a7f3fca009ae93ef3e3070aafb91d9ea2d750ab40d55ed	2026-08-22T18:56:09Z
JORF	JORF_20260807-213914.tar.gz	7015819	52d667fcd7016ccdf0a75638d13b275de97caeb88b2f42b5c79c0e72d3b8eb95	2026-08-22T18:56:11Z
JORF	JORF_20260808-002506.tar.gz	118827	ded7513a92aafb07cf389a5a3a0ceff76e194fa11ce324300a3d8cc702a87e7d	2026-08-22T18:56:11Z
JORF	JORF_20260808-211633.tar.gz	3538748	77d8c30b82f50851f0d3638b08cf9244a202458981945c6d0b6e5f90ff94d774	2026-08-22T18:56:12Z
JORF	JORF_20260809-002504.tar.gz	251661	f3082542ceede0fb6629fe6fce854e6f02c161b57e924a48f61b45eca0328df1	2026-08-22T18:56:12Z
JORF	JORF_20260809-211116.tar.gz	3334825	b55b18311cc664992012565d0356fc102d03e120d905a2db43b09703227cd366	2026-08-22T18:56:13Z
JORF	JORF_20260810-213209.tar.gz	7970715	3ba437e0b7926eb65d951928e04b7b68123b20c3ea1cb5e68d68163ee0aae46c	2026-08-22T18:56:15Z
JORF	JORF_20260811-004117.tar.gz	80547	a1b96a615ec0dc9ea7711ccf20595d338b88a19364ed2a82f4e728cd8438a564	2026-08-22T18:56:15Z
JORF	JORF_20260811-214348.tar.gz	5798032	51941fd4b8d328498ed53d5badeda959abae15f8716b75e5909c99f1bbc1699b	2026-08-22T18:56:16Z
JORF	JORF_20260812-002752.tar.gz	120114	8ef800c751d037a284124bca0470838cbb5745aff066ac0a70949573be67554c	2026-08-22T18:56:16Z
JORF	JORF_20260812-214541.tar.gz	6282523	5398d57f91cbbfd1e6cf7383394e7e9bf47ae50883353725b9f7c1fd9c50c783	2026-08-22T18:56:17Z
JORF	JORF_20260813-002133.tar.gz	79530	fdc0b9a42693a860fdbafab1071a1778272fee60197d7068cb909989c822ffb8	2026-08-22T18:56:17Z
JORF	JORF_20260813-212523.tar.gz	2931457	8836d59ad8f03e9ab7867194a8cf1912fcf7e9bff4bbcaf20ebaefc04c6ff66f	2026-08-22T18:56:18Z
JORF	JORF_20260814-002229.tar.gz	137679	209ad96fc6e5b2ff79c0bd9fe79a30c5444600ac2fd5cd326845c4185c1fe30a	2026-08-22T18:56:18Z
JORF	JORF_20260814-213449.tar.gz	4134975	6ae1b9bcc853d08c1f79c0dccabd0ce45da630e72d93842ec6a6fb9439c97904	2026-08-22T18:56:19Z
JORF	JORF_20260815-002524.tar.gz	125214	a8dffccbf1eecc935e09db2bbf04b955c9b8b5bdcd42af3e5ac46babd03b7691	2026-08-22T18:56:19Z
JORF	JORF_20260815-212325.tar.gz	2976552	9dde066d86ca01fd29d1dfe4f79a4179fcab2909c9ad98c0e1baf8fe3cdfe897	2026-08-22T18:56:20Z
JORF	JORF_20260817-212752.tar.gz	4744796	a1872ef76d419860378a069dbab113664eb8a7bdf5abd0872b9f88e05ed82a85	2026-08-22T18:56:21Z
JORF	JORF_20260818-002359.tar.gz	246953	928d28caa0e0971b23dcfa6744f60d4d1d047bc372a12c821888408d7fea559b	2026-08-22T18:56:21Z
JORF	JORF_20260818-223511.tar.gz	13219711	2c47c35eea9fdb2726cfefedbc377c9f1b911bd26ea304b2aeb6cabe43f70778	2026-08-22T18:56:24Z
JORF	JORF_20260819-003035.tar.gz	450119	5052b0e64b0b54c7d4cb71f487c9d064022d7aad5132203c833027c77c566782	2026-08-22T18:56:25Z
JORF	JORF_20260819-222711.tar.gz	10257252	d294365b8ea030bd69c5436d3fa6a03e1b9afb05a5805105ddaeae616530d0bc	2026-08-22T18:56:27Z
JORF	JORF_20260820-002202.tar.gz	127551	e9b5fad43b285dae32280180854eaecd8c56a4f31375501139a4f7cd826e0d15	2026-08-22T18:56:27Z
JORF	JORF_20260820-220411.tar.gz	10622960	267d1e9519fd6eb59e3d8fa037697568ee38b9ef0f6f3d522ecf6584dbed73d1	2026-08-22T18:56:29Z
JORF	JORF_20260821-002347.tar.gz	150319	a774bf77d90d1fba87a35531a6c67866a312ecfd78e99a66725dec8dad45d468	2026-08-22T18:56:30Z
JORF	JORF_20260821-211659.tar.gz	3776067	fdafd256fd4aa6d1052569215cfba9ef3d96b3ae8fdd512aee0f1e688448c97a	2026-08-22T18:56:31Z
JORF	JORF_20260822-002531.tar.gz	198441	01ca2d4e6a77cf7db7c0c5aea52e9d5834852c3dcb171b5e81d191f5a4181181	2026-08-22T18:56:31Z
DOLE	DOLE_20250711-212007.tar.gz	59918	ef2ed385c915e5c78e725037cda2eabe85d8f50d3db0b736116eafbd4faba4ef	2026-08-22T18:56:31Z
DOLE	DOLE_20250715-205701.tar.gz	47592	a2342e56f48f8ca4af9c76c584afa252a2cd658009e5e9d2edfd9546d9ed2a3b	2026-08-22T18:56:31Z
DOLE	DOLE_20250716-211907.tar.gz	3930	3738e9365a8fa8477ab9b5e5f1d0e53ba718a88ad4c3aa94a48deb2afea63e2c	2026-08-22T18:56:31Z
DOLE	DOLE_20250717-220632.tar.gz	31824	c98a8244044e1d50eb4d7168c8694da3006957388f822b55150ded537a0e312d	2026-08-22T18:56:31Z
DOLE	DOLE_20250718-215845.tar.gz	64641	d309bdf17cf84bededd759d274d6a12d611119841b26c3ab2b331cd9df6ddf4d	2026-08-22T18:56:32Z
DOLE	DOLE_20250721-212334.tar.gz	112647	e10d6e78069ea6ab3856f342402935acd3ae5aed4cdeaa52656f030f3d56af17	2026-08-22T18:56:32Z
DOLE	DOLE_20250722-211916.tar.gz	8734	3a7bdbd1f67995872f3455f17d2208cf4cdccd9160575c9b3935bc9d68cab996	2026-08-22T18:56:32Z
DOLE	DOLE_20250723-215323.tar.gz	33428	1d039127454d6113310e0c3a03ffc5156f83508046209f022b3a08958f575168	2026-08-22T18:56:32Z
DOLE	DOLE_20250724-212607.tar.gz	19069	970557c5486db43bbbc93999e1f1aaa0289126b4e3617d64ac073dfd942a8280	2026-08-22T18:56:32Z
DOLE	DOLE_20250725-221340.tar.gz	2495	cb641134e9b56275906749a9a7c3bb5684a8da5b2b87967aff1d71ad0a00bb24	2026-08-22T18:56:32Z
DOLE	DOLE_20250729-212953.tar.gz	4808	ec69b8cf5033d1653e66fd7c7027f01b717fa133465d0ee43c584f4b0fed69c1	2026-08-22T18:56:32Z
DOLE	DOLE_20250730-215254.tar.gz	43030	818ef7e621737b2328f3f286a6f8b3ea2ff453a792baae3c321203aa0c79eaa9	2026-08-22T18:56:33Z
DOLE	DOLE_20250731-220719.tar.gz	32635	da894da972cb8f131707401c095fcd4fd30365a14beb2efc339921d0f91c6b46	2026-08-22T18:56:33Z
DOLE	DOLE_20250801-220941.tar.gz	87776	41b4f1d76573eb499d23d2c0a71bb15904e1ce2d24fc130028bb8697f4658407	2026-08-22T18:56:33Z
DOLE	DOLE_20250804-215726.tar.gz	39481	2348075e5549db755ee7903d4136be1f741a2b4b3989cf886b3b96967bdb9d94	2026-08-22T18:56:33Z
DOLE	DOLE_20250805-212821.tar.gz	36491	2970d85eee95638821bf260abe9644ceeb32d7f280fe1da475fa98ef1d003e27	2026-08-22T18:56:33Z
DOLE	DOLE_20250806-213327.tar.gz	86435	46f05924f2749be6efec6f6698cba31f49447b58dca25f774d713eeacef52e96	2026-08-22T18:56:33Z
DOLE	DOLE_20250808-135605.tar.gz	18291	a510d2bf3635493487ff0b9a720cd3744420cf6035b6937884ff85c28eaca2da	2026-08-22T18:56:33Z
DOLE	DOLE_20250808-210042.tar.gz	2845	e8892608b1fe08817fad69f7db4aa81899decba7c223ffc8d3724d345889ef12	2026-08-22T18:56:33Z
DOLE	DOLE_20250811-210141.tar.gz	4874	c3740378fb684033d9dcc090a8666172e42f5648aa1cdf937bf29018cbbd41d8	2026-08-22T18:56:34Z
DOLE	DOLE_20250812-214714.tar.gz	17936	c8f96e458f0e697374cbe8d79e9ab5239d63599eb98c3dbb81715798fb65e3d0	2026-08-22T18:56:34Z
DOLE	DOLE_20250813-220317.tar.gz	75969	c715a7289ec8634c0be8e6fdd2301f8d938088b74551be5df40a79f3b01c6682	2026-08-22T18:56:34Z
DOLE	DOLE_20250814-212734.tar.gz	23295	e02e0883ac835ef5658c6704add34c2b819400836f215d7a2b793f978b52206d	2026-08-22T18:56:34Z
DOLE	DOLE_20250818-211522.tar.gz	18247	ced571d390ce66cab4772619c0900372e7ba76df53c3bab149dd8cd819e28072	2026-08-22T18:56:34Z
DOLE	DOLE_20250819-205203.tar.gz	7711	daa2449e2f255484421c9d3f297dc6ee80ca866506ec75e92eed62fc23676363	2026-08-22T18:56:34Z
DOLE	DOLE_20250820-210516.tar.gz	2723	21e8b41093ed0413a1e9c9c222baa9292d7fc4b9af8282110f12bf40ea526ff7	2026-08-22T18:56:34Z
DOLE	DOLE_20250821-212230.tar.gz	4816	a754c41dcb2a63b43794d9c36eb4b0affe3a2707e75d52271f30dd77b297fa9a	2026-08-22T18:56:34Z
DOLE	DOLE_20250825-211704.tar.gz	20953	9f641c1c67883e2648a7907a58e4a2672cf0401507c1685175258b65505f31dd	2026-08-22T18:56:35Z
DOLE	DOLE_20250827-210900.tar.gz	37929	bb3da11c164a4107ef91c8e19f367f6d9fd3e52f2764c624d00ce9e8cb2d77eb	2026-08-22T18:56:35Z
DOLE	DOLE_20250828-211529.tar.gz	44967	4bf5be1cf0dba4d6dbf08027784ec5aeae6ebe0945229081fbc6c56b9be7f7b5	2026-08-22T18:56:35Z
DOLE	DOLE_20250829-210649.tar.gz	83458	b7b63f39e1dd37f100f114d6136782bf3c83be70242f64c6a093675ce22585b1	2026-08-22T18:56:35Z
DOLE	DOLE_20250901-211619.tar.gz	50006	2934cae40d0288701a377e56b9a8872fecc89a8d1c4c018dada44190306b1133	2026-08-22T18:56:35Z
DOLE	DOLE_20250903-212439.tar.gz	20456	ecf41b3cb81b8b34fb286a6e81ac3eee5f196e275f3e9269ae2b2d4399793c86	2026-08-22T18:56:35Z
DOLE	DOLE_20250904-212538.tar.gz	93519	7e5c9148b59eb38f75df416b9d68654b3494a09dc94a266a579f3396f45d17bd	2026-08-22T18:56:35Z
DOLE	DOLE_20250905-213035.tar.gz	10800	049b09641c8af74350c4cfe8f623d25cc67177223230573b2aa00b957d6f469a	2026-08-22T18:56:36Z
DOLE	DOLE_20250908-213456.tar.gz	113064	77817b0fa1efa060aa76b1c99a7a987cbe92a4f6d9322cc0c962a9b5a23068c5	2026-08-22T18:56:36Z
DOLE	DOLE_20250909-220116.tar.gz	270326	121d7685f271d8f0c6a48050635da7eb51e94593ea4b908a626f5296800e0afa	2026-08-22T18:56:36Z
DOLE	DOLE_20250910-214153.tar.gz	56312	e554a41ff4dc31212dac49e7617844a500ac55c80a0d5efb1bdd046fa8516418	2026-08-22T18:56:36Z
DOLE	DOLE_20250911-214911.tar.gz	5984	d59f199aec0310a07d4581406c97dcd0dd1539846cdebb6e5dc1b90042a083e1	2026-08-22T18:56:36Z
DOLE	DOLE_20250915-205430.tar.gz	55894	1b60f135b5fb202ed55276b99a960b83ae5ae7f97e26dacfe3208b713bf85a7a	2026-08-22T18:56:36Z
DOLE	DOLE_20250919-212001.tar.gz	22663	6e2555df190c6875ff1826fc4ab557232f10f457670019cfd9caccd637b1e1d4	2026-08-22T18:56:36Z
DOLE	DOLE_20251001-212247.tar.gz	83502	f9e1373636e28bf4df4ab989cf642f4046e8c6a423cd03a0cff19238ef71ee37	2026-08-22T18:56:37Z
DOLE	DOLE_20251003-212356.tar.gz	32141	910ef19f2929b45bb0d9ff3214a5759056337046aa0d8b31662d1643261a62c0	2026-08-22T18:56:37Z
DOLE	DOLE_20251006-211801.tar.gz	32133	554d4801edca5a8c128aa436f2146ce3bd188d32ae3b830d0916fa0a0a8d11f2	2026-08-22T18:56:37Z
DOLE	DOLE_20251007-212923.tar.gz	302904	514f6b070036ff870396e03b4402520fc845815c27bab496c603edd89b5597da	2026-08-22T18:56:37Z
DOLE	DOLE_20251008-211500.tar.gz	38586	f95c71dd670ccced59ed739f2b1e015040e3feb8f60b396d61181e50b527cd63	2026-08-22T18:56:37Z
DOLE	DOLE_20251009-211254.tar.gz	343187	9e0120b0c08dc7b3ce3c1be4d46b5a901cdd37f53bc579f4ed41462e3bf7cb1d	2026-08-22T18:56:38Z
DOLE	DOLE_20251014-210215.tar.gz	14843	b04342b70af08503b6305786a87317f48c3034c2a9f85a6dd033555ac26e9de2	2026-08-22T18:56:38Z
DOLE	DOLE_20251015-215624.tar.gz	26956	b7a157083a83d80aa972905a7040b8e6a59cdd9149f3a7bf2ef0c3a1ff41b39c	2026-08-22T18:56:38Z
DOLE	DOLE_20251016-211834.tar.gz	15769	462fba9bd3abe7e1be8cc5137ac1075cdfe4e65878fe6969fdd9306a2bc2b726	2026-08-22T18:56:38Z
DOLE	DOLE_20251017-205649.tar.gz	42044	405f12f4a72a09391352c6f081884340f822fa94cbb34bc7f26657a3ed4bffa6	2026-08-22T18:56:38Z
DOLE	DOLE_20251020-203554.tar.gz	1302	508182771782b02a02e02d3252ce74a4859c89659378d88b130d99f43dcd237b	2026-08-22T18:56:38Z
DOLE	DOLE_20251021-211313.tar.gz	9229	c2ad0f3be2ef3abad612090d65e9493d33ae76b3d744273f176074139b748e44	2026-08-22T18:56:38Z
DOLE	DOLE_20251022-210403.tar.gz	44970	cb212877a21cee45fcd450fedf544e12f92a9eb3c143beff69369749fad17284	2026-08-22T18:56:38Z
DOLE	DOLE_20251023-211436.tar.gz	19342	0b36dfc8489fd886bca34c7832a199952137c82fe1f4ec9672f8cb44bc3e6437	2026-08-22T18:56:39Z
DOLE	DOLE_20251024-205512.tar.gz	11359	2b1c53387bf5a5e10f3516013fc9b18e0b310efdf98f7e28df6f4801b345678f	2026-08-22T18:56:39Z
DOLE	DOLE_20251027-211613.tar.gz	10186	9377802f9f32b5a91b234a40db9c7d75b0f8a2c941189f40d1b6bc3f38e14d81	2026-08-22T18:56:39Z
DOLE	DOLE_20251028-213036.tar.gz	45132	d7a4fc6fa2a0430b83a841ca374edfdef0e31de307d0db837997677eedf7b841	2026-08-22T18:56:39Z
DOLE	DOLE_20251029-215609.tar.gz	63761	b5162e46a28adcd7b50a34336ea2064c74f9d9b8baae3fcdfc3b2f31e0a94d4c	2026-08-22T18:56:39Z
DOLE	DOLE_20251030-215845.tar.gz	70137	9f1c87a5feff83931889459fdd9689fab3ee104689ef018f275930693b059e98	2026-08-22T18:56:39Z
DOLE	DOLE_20251031-213327.tar.gz	35978	fb344d024e3974dec023de57a17c5f1d46867aaa7cc4e5ac031b45528ab1acf4	2026-08-22T18:56:39Z
DOLE	DOLE_20251104-212237.tar.gz	4187	c7ba2f95dac06e12cd8f4c3b6c74b5918bf31ad24328fe6f3560b657783d736d	2026-08-22T18:56:40Z
DOLE	DOLE_20251105-213346.tar.gz	13461	0b2f51a9dee15a325171d86d4abd6f8ea9d2917bab169f621eba66bb9d97b261	2026-08-22T18:56:40Z
DOLE	DOLE_20251106-212731.tar.gz	17201	040af03cc3a234b93d573c0f5fd0ce06745b0366468654bc54fb90ceb54315ca	2026-08-22T18:56:40Z
DOLE	DOLE_20251107-213531.tar.gz	94115	f10e15813f76c0d2867002270e43d57516fb289d9cd5164ad5dfe14de6ec415c	2026-08-22T18:56:40Z
DOLE	DOLE_20251110-211525.tar.gz	77540	eca1e1a9b06977db771ec0150ac1c2657bc7a8e6d49bda825b9c75833833f44a	2026-08-22T18:56:40Z
DOLE	DOLE_20251112-205214.tar.gz	92348	c5ebf113709587323ea80a07efb8f92cdf396260625bfc645512c9f538a174b0	2026-08-22T18:56:40Z
DOLE	DOLE_20251113-212834.tar.gz	98107	c0d37728549365815d65f230dcec1dd41c09e4ebe66fb1112743760a06aafddd	2026-08-22T18:56:41Z
DOLE	DOLE_20251114-210758.tar.gz	3042	b9268d5521e344af1875afa5b2f721cc1dd12ed8f87aa7e33ac3979ece86c6bf	2026-08-22T18:56:41Z
DOLE	DOLE_20251117-210231.tar.gz	3705	cfd9c8725266a259cefa5f1d8446b0d2f0f9a97be3fbf8c90595657ed10f1d75	2026-08-22T18:56:41Z
DOLE	DOLE_20251119-212941.tar.gz	73562	1256bf99a2dbd173f3cb9a1514536e615cbace7b788943e7d52db49d161735d2	2026-08-22T18:56:41Z
DOLE	DOLE_20251120-214647.tar.gz	16898	14e2df6a0facf3624fea369f601731bd64b49017d538a200c0fadd476ff8a6c8	2026-08-22T18:56:41Z
DOLE	DOLE_20251121-221742.tar.gz	134148	7a96916a3e29265d1bf07ecaa78d4665383c5ca3d9d786ac9ca89e2f56214b8c	2026-08-22T18:56:41Z
DOLE	DOLE_20251124-213422.tar.gz	37464	e852221f3bf9804e72e39459ecf3ea7171de950baaa847cd8e79e64e796802d6	2026-08-22T18:56:41Z
DOLE	DOLE_20251125-211507.tar.gz	11154	1cf34b7d5e033caa165c0e0190391e4b6945d4dac2c15d85cd92957f0342e261	2026-08-22T18:56:42Z
DOLE	DOLE_20251126-230052.tar.gz	6519	22268697cd38053a2cb1c6f85983ebb3ef8716c8d9e6249bdc19d43404554e72	2026-08-22T18:56:42Z
DOLE	DOLE_20251127-221105.tar.gz	27155	526c370dcc74ca3b935e9321d8316644cc15046235f2aae953e2f8dd1cde4151	2026-08-22T18:56:42Z
DOLE	DOLE_20251128-214432.tar.gz	35501	421a35d402c5a052efdbbf0fe7c8aa5cf7d94844f75df9029252bce325125644	2026-08-22T18:56:42Z
DOLE	DOLE_20251202-212251.tar.gz	4369	3141f26869f6cd1bc38f9b50e85b30c578b4b1d992d7c6d9b9061fe6850ddcc9	2026-08-22T18:56:42Z
DOLE	DOLE_20251203-213427.tar.gz	25988	2a5bcd8c01f78a1cb601f40caef00c4268ee11146bd035e1145515dd5193312c	2026-08-22T18:56:42Z
DOLE	DOLE_20251204-212936.tar.gz	2471	deca59b1b325d68fe23a4cbc428e9d855dc6c275fa4550d91ade5350eaa78e2f	2026-08-22T18:56:42Z
DOLE	DOLE_20251205-211816.tar.gz	10223	3a505ea51d305e26a1ded45196ee5de2bb6291c2256c4d421821cf0a8e688b97	2026-08-22T18:56:43Z
DOLE	DOLE_20251208-211633.tar.gz	6975	6769ec9911547bab571b0df0a26192ed55ef0777783c05a69b941416aeacd463	2026-08-22T18:56:43Z
DOLE	DOLE_20251209-213053.tar.gz	148204	dbd843afa624cf4376ead312289b54a7efdfe74e5237aa4c21c5cadfd89c7240	2026-08-22T18:56:43Z
DOLE	DOLE_20251210-215256.tar.gz	6882	325ab24b2cbb7a52ddf698d800690c2089775d9d250f5590b3898a8ae9da6c06	2026-08-22T18:56:43Z
DOLE	DOLE_20251211-214107.tar.gz	31404	440dc27da6b520756f88545763efecc4e7b48a76ea088377b0a859d9c7139c60	2026-08-22T18:56:43Z
DOLE	DOLE_20251212-215441.tar.gz	54672	22ffc99f30945db0914ea0d6e8a45698c622d8a9a26e35131b4e45f669323882	2026-08-22T18:56:43Z
DOLE	DOLE_20251215-210751.tar.gz	27629	770546a00070411b7e09fd329c7ed90ab6cf4b3508ac3d3707c6beb9edd6ba62	2026-08-22T18:56:43Z
DOLE	DOLE_20251216-213609.tar.gz	12678	ba8afff6533fd0f519c845f4c47c6e38da2a45f378aaaab7fcbb0d94ddb6af0d	2026-08-22T18:56:44Z
DOLE	DOLE_20251218-215251.tar.gz	49705	e3bbcbf5e969b3097d5295952e15894cc30e16a6cbc191ec770b955a2d91493e	2026-08-22T18:56:44Z
DOLE	DOLE_20251219-221759.tar.gz	45619	ce5c5598432eaaf642c6c3d698f5e3fab301cb60a121ce082a1505013ddd1fe8	2026-08-22T18:56:44Z
DOLE	DOLE_20251222-215837.tar.gz	16591	0b7024ebeb2dc810db3b46e56d84a5fc4bd2eb171748818cd5a65ffa1f8d28b4	2026-08-22T18:56:44Z
DOLE	DOLE_20251223-224143.tar.gz	20721	83720040dcf7f1bfe82733606c982dd7473821eb67d1cbf802f6f7983c0d2082	2026-08-22T18:56:44Z
DOLE	DOLE_20251224-220555.tar.gz	11598	725c2dce986065cadd433b689b4605dbc4412f301a94e6394251cb757bce7bfb	2026-08-22T18:56:44Z
DOLE	DOLE_20251226-221838.tar.gz	45768	692ff3d327b53a75e6a3ef2d595d1a30a25c384e482b5cd338611ffd1a36b2b6	2026-08-22T18:56:44Z
DOLE	DOLE_20251229-225156.tar.gz	61071	d337b089e951c6da332b2d97a774f59b055081eb82d6ea7cab6bd7613697462b	2026-08-22T18:56:45Z
DOLE	DOLE_20251230-230019.tar.gz	46206	b80fe49dca9ddd140658069f0f862ca2fb91bf388c2329e491879e4049de9f4a	2026-08-22T18:56:45Z
DOLE	DOLE_20251231-230401.tar.gz	127310	506b1552f9a1c6764a65f49b68a3d578ae5d317e18f10d301e0059df9f5aab18	2026-08-22T18:56:45Z
DOLE	DOLE_20260102-215048.tar.gz	72992	982a631d26d973f11f495dfaf0434507294408c18c3df4af4b8af5536d1d8768	2026-08-22T18:56:45Z
DOLE	DOLE_20260105-213447.tar.gz	12608	0f46f61513633d76e14e47cc209d75d7e525f58b231d180dc89f2c430d555c11	2026-08-22T18:56:45Z
DOLE	DOLE_20260106-222302.tar.gz	3666	e8994a4b08db9f1ff4cf393fb75bfe328e2be96ae9eff834ceae3fee52721c54	2026-08-22T18:56:45Z
DOLE	DOLE_20260107-222303.tar.gz	38185	e03fa68851099760e0ea08cb5ffb45836ba4e5d6724111da78dfbf2f36125cb9	2026-08-22T18:56:46Z
DOLE	DOLE_20260108-220205.tar.gz	7094	95a6c987b1ed5be2b2709344637d1ebb862868b815d8ecf1cb5297a3123ffc15	2026-08-22T18:56:46Z
DOLE	DOLE_20260109-215114.tar.gz	13242	015688822cef5c1ac1edf8cb58f793b2f4ff27e9e204f2e91b74fb65696f2bdb	2026-08-22T18:56:46Z
DOLE	DOLE_20260112-212754.tar.gz	9736	56d65ab751e51aecee91525cd12581739ec2223f4d1433f808a68e9ee50357dc	2026-08-22T18:56:46Z
DOLE	DOLE_20260113-211022.tar.gz	4411	3dd773139ea818a71fb72ec84454d9c4142d8d7a640be76bcfa3249c04197da2	2026-08-22T18:56:46Z
DOLE	DOLE_20260114-215319.tar.gz	3776	549d9dce0749d4acf3824304b161d173f1cc2ad052461f5616d35821ebf7574e	2026-08-22T18:56:46Z
DOLE	DOLE_20260115-213622.tar.gz	37555	107bb200fa710761077afffaee155ba4e7e682576badc3af3e1fdc1f085a14b5	2026-08-22T18:56:46Z
DOLE	DOLE_20260116-213855.tar.gz	86004	2fbdb2371e59039b05a7591b58e670b64b76132afb5f20623ad1373b84999549	2026-08-22T18:56:47Z
DOLE	DOLE_20260119-211610.tar.gz	49040	b33b0cab9b1cc9006ba922e9ed7597391ff88c434db72445c2b72dea17d16959	2026-08-22T18:56:47Z
DOLE	DOLE_20260120-213113.tar.gz	7164	4aad5e9039c7d9b4040c5e237e6bae52ce84cf1fc5ee4d26df9aa8bbe88751f0	2026-08-22T18:56:47Z
DOLE	DOLE_20260121-220031.tar.gz	27172	0a805d7311f620b99b1aeec88934b6898fc2d93c9ecd4e811793979baa7a1ed2	2026-08-22T18:56:47Z
DOLE	DOLE_20260122-211654.tar.gz	11787	7738bae115131d0f15e7962e6ed41c34c3802dccfa79719f49448ad66d6a2eef	2026-08-22T18:56:47Z
DOLE	DOLE_20260123-213816.tar.gz	64900	161493223cdacfdb0c9ea521696003bf84c02befbef674a273616364bdb975d6	2026-08-22T18:56:47Z
DOLE	DOLE_20260126-211407.tar.gz	16159	fc74975cfdcd1e81733323632b30c4067837c40ee763f320540369bf7ef86d22	2026-08-22T18:56:47Z
DOLE	DOLE_20260127-212213.tar.gz	20084	8937e217ef9e2bf47e36d047c24dfa18989565ef613793f7e991d45c94224875	2026-08-22T18:56:48Z
DOLE	DOLE_20260128-213705.tar.gz	21297	09eae117fbafe58b49eb67c7837a2de314a751777e7311434fbd5d6056161847	2026-08-22T18:56:48Z
DOLE	DOLE_20260129-214549.tar.gz	1144	7e63e14abbfd411314ebeeb9a7e8b154b1c2b01da0284918528290045c8738c2	2026-08-22T18:56:48Z
DOLE	DOLE_20260130-215723.tar.gz	98479	0d4b5fdcb07a43fbe74d2b383cdf8ee4c0806e7137a9527630ef6ea36a6aa810	2026-08-22T18:56:48Z
DOLE	DOLE_20260202-213906.tar.gz	13562	ad654a71ae41526d58c212cca89ee0f1c16ded93b3a72fa35042ea175dfe3f41	2026-08-22T18:56:48Z
DOLE	DOLE_20260203-212644.tar.gz	18768	ef0ca46ed8f00b31dbaca51168d9045dcbfed6cc1596228b563c13688adbcaba	2026-08-22T18:56:48Z
DOLE	DOLE_20260204-213125.tar.gz	19165	8152c16ec42c5bbe3567083d32b6e561f0b51d2034e4289dfa884c262d994f1a	2026-08-22T18:56:49Z
DOLE	DOLE_20260205-212615.tar.gz	5386	9ae4c715489678d136dedb36926e581432a74131d577374b7f14e5695680e5f2	2026-08-22T18:56:49Z
DOLE	DOLE_20260206-213731.tar.gz	75324	ec6c34ed646639b0c1cda75de16b9a31e93ec3374c22e7c154b5c2f69c6d0716	2026-08-22T18:56:49Z
DOLE	DOLE_20260209-211306.tar.gz	55462	d7cfead0ed53a1ad03b0ead3c3e35dd1b3b837b92dd87a96a336d8c482eaa427	2026-08-22T18:56:49Z
DOLE	DOLE_20260210-211914.tar.gz	48906	5e87d80d488ea3b32ea93fac83c50ecb4a9a708794548f3b8bc610c9d4d2144e	2026-08-22T18:56:49Z
DOLE	DOLE_20260211-213014.tar.gz	100808	670faa932bb6d5f6e4c85bae0d969d039a5fa4acf78ee1349860a62a23c9733a	2026-08-22T18:56:49Z
DOLE	DOLE_20260212-213618.tar.gz	17563	833361e8561b7daa2fd66ee154f387301fe2540aa05b2299cd444ddbfde3f681	2026-08-22T18:56:50Z
DOLE	DOLE_20260213-215711.tar.gz	60855	fa010fd4d817ac43cf42bab8297c0bd7092a2a68c28a4b100c94653a425f4eea	2026-08-22T18:56:50Z
DOLE	DOLE_20260216-213927.tar.gz	53210	e96b2dac3b4ebeb040b114b8ecb98e502ea73a56426cae00f89b8b55567a7645	2026-08-22T18:56:50Z
DOLE	DOLE_20260217-213718.tar.gz	14854	865939ccaa460b88cf8a5fdce7f3ec2f6aba142be9d649b47f5d03788f4b9754	2026-08-22T18:56:50Z
DOLE	DOLE_20260219-212232.tar.gz	78991	8da2d22c4a3dbaec9f2f6a75af6deb43f9155e8b056c181e5631779c053d5e51	2026-08-22T18:56:50Z
DOLE	DOLE_20260220-221620.tar.gz	15379	efe68f63aa85b0cd09f15e989e4918facb2b0132fb387e671ef622d76bbcbe9d	2026-08-22T18:56:50Z
DOLE	DOLE_20260223-224003.tar.gz	24927	e898f426561362c74e62aaa58d3e862d53a89697c1471a6f3719df03ea9c0904	2026-08-22T18:56:50Z
DOLE	DOLE_20260225-222454.tar.gz	43870	bad14feaec67bd73d845df6965df197ad5897ea427ca47bf89126dcdaa3def84	2026-08-22T18:56:51Z
DOLE	DOLE_20260226-220114.tar.gz	84751	f0d88bd6be9d0bf98a708713262924639a39ce20253e79c6aa6bb6a5fd9ed975	2026-08-22T18:56:51Z
DOLE	DOLE_20260227-215222.tar.gz	7491	2aa8b6201db5317048b3f1435726255f1376d0bd44457d204ef442a6cb8a4297	2026-08-22T18:56:51Z
DOLE	DOLE_20260302-213830.tar.gz	8393	cf5e749c03a224b07138c5ec5aaa369a08dde216de0c97685a1b9d4d1812a527	2026-08-22T18:56:51Z
DOLE	DOLE_20260303-213235.tar.gz	11002	2345dc5ad328a3af96bc84de20a91ae9565dd248a74019027540a5d19d61ecd3	2026-08-22T18:56:51Z
DOLE	DOLE_20260304-214724.tar.gz	18657	8ffa424cf0e5d784736607d9d52cf44fb9e31906da13444eecb60f4c58c2288b	2026-08-22T18:56:51Z
DOLE	DOLE_20260305-214718.tar.gz	22542	e2538bf2e3cad06aefa40ea6b6d824a73d0e9a949e8da085cba921a002e2b95b	2026-08-22T18:56:51Z
DOLE	DOLE_20260309-211112.tar.gz	20907	e3a15a58f910abcc7230bd6771d885150f4060acfbb9a987330aad7f649d6142	2026-08-22T18:56:52Z
DOLE	DOLE_20260311-215438.tar.gz	2149	621e2b6d26786011972899f0fa5570cae29c14112bba0a7585f79e7e95441795	2026-08-22T18:56:52Z
DOLE	DOLE_20260312-214147.tar.gz	5455	f48a3f948bb45450668d3ab239da80736eadd661e741983afd80e6d3cc4f6a31	2026-08-22T18:56:52Z
DOLE	DOLE_20260313-214659.tar.gz	23057	c59e8cc30478fb6edb5244314d75d1d309f66b9e8db68916029254bcb3ff65a5	2026-08-22T18:56:52Z
DOLE	DOLE_20260316-213019.tar.gz	9752	0618e113329dbc773028e6027385e2fc4b81367c126d47ac46314c0d1587a16f	2026-08-22T18:56:52Z
DOLE	DOLE_20260317-212200.tar.gz	16516	307d16e126a122e424648c0d9bee25077c4f77d3e6e821e52e980ff2b7453580	2026-08-22T18:56:52Z
DOLE	DOLE_20260318-213412.tar.gz	22695	19c88e7b7d618a83c9f689b8ea7f337f6861f9a049f9ebf5df68a2c1bf43517f	2026-08-22T18:56:52Z
DOLE	DOLE_20260319-213022.tar.gz	36175	76e06bf9099d623b29570ed7ccaab1b9630a9436ced08435ce7cbadb5db5f0bd	2026-08-22T18:56:53Z
DOLE	DOLE_20260320-213900.tar.gz	34818	0210694a3832017760c6f2a4ec90dd2434677ba3ded81071706b01f7b452b3e9	2026-08-22T18:56:53Z
DOLE	DOLE_20260323-211443.tar.gz	60436	4d64426bd1f5610cd7cd4c16a01d5a36c73be111e8bcc2e65675a237585f1681	2026-08-22T18:56:53Z
DOLE	DOLE_20260324-211026.tar.gz	32861	431724b7d2d8de55c1c3d4a98b9a5617b8d2519ce0eceafd27814930b35849df	2026-08-22T18:56:53Z
DOLE	DOLE_20260325-214514.tar.gz	31050	f89eec9a98bdba773adbcf2b504fd50f3d679bacbbb6e250acaf9e672fe15a1b	2026-08-22T18:56:53Z
DOLE	DOLE_20260326-221059.tar.gz	129526	55afbb1d2d407dc59302086019f2da2cea8dd6239f55d6ae55438c73a50f1416	2026-08-22T18:56:53Z
DOLE	DOLE_20260327-214904.tar.gz	33039	77548e431f429e6f943432900fef4af0f842184b31e67e0df4c8af87adf5b78f	2026-08-22T18:56:54Z
DOLE	DOLE_20260330-213449.tar.gz	48555	0601fa5aa5fba364bb52e5d8aa277d1b5f8ff1d4d16c4638d68a75f87d04556c	2026-08-22T18:56:54Z
DOLE	DOLE_20260331-215650.tar.gz	87903	21fd47a98057f20de1b9c47909f882df06b4d7ea3e5c9b4a0cd93351ee66300d	2026-08-22T18:56:54Z
DOLE	DOLE_20260401-215458.tar.gz	101857	b126b8c451d69db65c59c98f3f26c3116767fe7343b9e2d3905b597f13fc0aa4	2026-08-22T18:56:54Z
DOLE	DOLE_20260402-215758.tar.gz	68484	35b6360b0a7199711884186db16e6b679217226b482035a051e14a5cb6e49a69	2026-08-22T18:56:54Z
DOLE	DOLE_20260403-221345.tar.gz	7743	1baa0df334faa00ad6153266bf94edaf1e23e95a9918f690d14e777e09ea1e82	2026-08-22T18:56:54Z
DOLE	DOLE_20260407-213340.tar.gz	49549	5c0bd1580050040123cdeb7a7322cc97d53edeefa4992bdc512c1232311c9955	2026-08-22T18:56:55Z
DOLE	DOLE_20260408-214134.tar.gz	137217	ed84e83fd6de63b6639702367ca9383a6be773faf64b25c296a0952555531a18	2026-08-22T18:56:55Z
DOLE	DOLE_20260409-215606.tar.gz	147109	fc21444d8637f080ef08484cb6400b2e2c8ba6ed4cabe2cf7dfd3f9c57b8b82a	2026-08-22T18:56:55Z
DOLE	DOLE_20260410-214608.tar.gz	85981	544599c3e471bde4340cd6fc728a06f6ca29bde3dc716129332575c5878eefcb	2026-08-22T18:56:55Z
DOLE	DOLE_20260413-220055.tar.gz	16989	53373bb19a76195c087851816558d0dd6aa715d7402ad97ef66732586e50c468	2026-08-22T18:56:55Z
DOLE	DOLE_20260414-215312.tar.gz	61534	6992369edf44296cb6afe8074033170b610dd0165e7d5b76bc46bcceffd9d890	2026-08-22T18:56:56Z
DOLE	DOLE_20260415-215728.tar.gz	58790	e539194b20615c91d61068215cbca9c66c5f436fa6468c9fd5055b536dc4383f	2026-08-22T18:56:56Z
DOLE	DOLE_20260416-214438.tar.gz	38544	efd6e5fee8eabbd5c6bdade8406f33b6fc5120934e9179d93283dd203696b6c6	2026-08-22T18:56:56Z
DOLE	DOLE_20260417-211846.tar.gz	156935	a32ac121003a3b5f3cf5d2106ca37ab13149e62fc88bb558a397b24fa149570d	2026-08-22T18:56:56Z
DOLE	DOLE_20260420-214116.tar.gz	28404	ab967f6ee4c1bab6a4d69c2bb3d52e8832a85ed9250c503121506908a9ec7cf6	2026-08-22T18:56:56Z
DOLE	DOLE_20260421-212406.tar.gz	27136	7f905b3a875caaf1ec6b4c82743f797394f886a8df470f00fe56fda5aa0e14a1	2026-08-22T18:56:56Z
DOLE	DOLE_20260422-214145.tar.gz	51042	50ddc20c234cfc142ae07d856cabddaf9b92bf9d3df17aedc08ccc8597736d07	2026-08-22T18:56:57Z
DOLE	DOLE_20260427-212938.tar.gz	47787	0bff4036dc93fcec28568d990285a06bf69627b07656c8ff12f2d06e1d5cd6ef	2026-08-22T18:56:57Z
DOLE	DOLE_20260428-213918.tar.gz	3147	7bcc35ecc5e7ee3ef1e65edc99b138517151c80b00ddbdae8d282ace8dac4c63	2026-08-22T18:56:57Z
DOLE	DOLE_20260429-214715.tar.gz	132918	8dcf4267f3f5eca366c5133cdb6d81ef25253f7e8100849c8332fad133acc0e4	2026-08-22T18:56:57Z
DOLE	DOLE_20260430-220503.tar.gz	17379	6e29ca1618f4f0bda827620142c73e7ba64c12304ab7f679e673384c214090f1	2026-08-22T18:56:57Z
DOLE	DOLE_20260505-215314.tar.gz	96497	350010250a86670eab81bc46aa499a6c3f9890c28ee3f19121c659b2029e8557	2026-08-22T18:56:57Z
DOLE	DOLE_20260506-212453.tar.gz	64768	df0fc85a509863fd9cf41b6cdb0316e43739eda3fa13fd348025a90f3b0a327e	2026-08-22T18:56:57Z
DOLE	DOLE_20260507-213433.tar.gz	207540	e89776d45b6f8026577384b819300d87faa973e2833cc7cbfdaafa00d48d6b82	2026-08-22T18:56:58Z
DOLE	DOLE_20260511-222130.tar.gz	85353	4bfdf0a80dde8e9e5adba5eff107b247abbfb74f0e8c57e44f5728b5c3b884c7	2026-08-22T18:56:58Z
DOLE	DOLE_20260512-214003.tar.gz	186329	93dfa6e7c8f9c1175fc72f98c513a5af13021ea6b7dc0c7e9f6e3fdeddd26b0e	2026-08-22T18:56:58Z
DOLE	DOLE_20260513-221833.tar.gz	17251	8ec9009d02865e3928d309de55bdaff2dd45a3a6323771972b252b07a1dff9b6	2026-08-22T18:56:58Z
DOLE	DOLE_20260518-211450.tar.gz	72476	ceae1d342c01863f70765cc0ace24b71faf0812bb722adc2298f571df99a63b7	2026-08-22T18:56:58Z
DOLE	DOLE_20260519-205954.tar.gz	272189	f5ea3999c46dfd664091f28b67595a6a885683b628dcc504c5652bbbea5f07ed	2026-08-22T18:56:59Z
DOLE	DOLE_20260520-213005.tar.gz	79917	d09b6a76b939c605328513d3a238537e14a25322594c18c7164b890bcbecd038	2026-08-22T18:56:59Z
DOLE	DOLE_20260521-213511.tar.gz	53474	8678c191680685500fba327090ff60d99a7da86ec85e57ad14f6ec5d12694c69	2026-08-22T18:56:59Z
DOLE	DOLE_20260522-211557.tar.gz	18351	d29ef73c5ce4cb5906a01e29dec3314e1766413783b2b3f42521fa2a825e7e34	2026-08-22T18:56:59Z
DOLE	DOLE_20260526-212444.tar.gz	47473	befb458f622d13bb638785bf270bc1f8c6e4bcb1bc5a375e4253aa5c9de28c84	2026-08-22T18:56:59Z
DOLE	DOLE_20260527-222846.tar.gz	166911	b7e0ae8fd4c8ed61f8305ac46742609b9e42c55113764af93c87687c48e5f93f	2026-08-22T18:57:00Z
DOLE	DOLE_20260528-212842.tar.gz	193020	212c63b88cab31b788b978b3a3616d003d4befb7c758fed95283894c7a2fe86e	2026-08-22T18:57:00Z
DOLE	DOLE_20260529-212228.tar.gz	71420	4d215837aa25584cf473bb638b0ac5046449e0539a677a7c56926d9290d703c1	2026-08-22T18:57:00Z
DOLE	DOLE_20260601-220831.tar.gz	35203	5c5789fd76fb86ab301f3b158b2ca50b292af1daf453f3a964188fa365e146c6	2026-08-22T18:57:00Z
DOLE	DOLE_20260602-214656.tar.gz	13387	71bcbce01a38776ad5c3a5079f5e1b0348830cc612d3690f48b097d3139d66e5	2026-08-22T18:57:00Z
DOLE	DOLE_20260603-220526.tar.gz	69516	affb3ae77e07308dd8a7b9f53d4f86faa65b7a53879840db22b2d4fc4295370f	2026-08-22T18:57:00Z
DOLE	DOLE_20260604-214139.tar.gz	131468	dd17bf901e250fc1ac8c1fb55b5425bb82e54891c5f13ffa6c8169825e77ea1e	2026-08-22T18:57:01Z
DOLE	DOLE_20260605-222728.tar.gz	29685	32835d33b495b4b465185a3abf250a01e7077125c43a60a7402bd3b1891538a8	2026-08-22T18:57:01Z
DOLE	DOLE_20260608-213910.tar.gz	139903	06f5c481408e9d4968b54ce578437048e0edf08a283ebcc2fc3a786e865bde1f	2026-08-22T18:57:01Z
DOLE	DOLE_20260609-212725.tar.gz	12447	4c76cf0a5545bc119c32102d31176ee8fbb47f9a249eba8c3d1bfd4c212c1c9c	2026-08-22T18:57:01Z
DOLE	DOLE_20260610-214017.tar.gz	57765	5ce7760ea07676fa02dd0968dd2ea3a05a4e27b40e7c47b7996cfb87be4f2919	2026-08-22T18:57:01Z
DOLE	DOLE_20260611-215545.tar.gz	70799	4b1ef35ea4a7a10a4356fb86e96bf6372a0dbd717c1a7606b568b42271f6c46f	2026-08-22T18:57:01Z
DOLE	DOLE_20260612-215918.tar.gz	42536	e0968041b60c5880ce0c349da16de510e1d548d2d936a82f59c36ad2bf9273f8	2026-08-22T18:57:02Z
DOLE	DOLE_20260615-221231.tar.gz	69911	c507424152bb777fedcc5d80b2dc87c1284347021aedc085b9849faef58fef8f	2026-08-22T18:57:02Z
DOLE	DOLE_20260616-213852.tar.gz	16357	7db3903c36501773989f8f5737798aa29b3208dcdac46c2d3011d74e1f96b9ee	2026-08-22T18:57:02Z
DOLE	DOLE_20260617-213057.tar.gz	125964	e92712e8c54cf1656b172d429a7d940331893c5bf3a3c72467196b947d23db10	2026-08-22T18:57:02Z
DOLE	DOLE_20260618-213729.tar.gz	64612	edaa281fa6b6f648f57dfb06714aaebfa995d6a65b69d7bce94d931d33109220	2026-08-22T18:57:02Z
DOLE	DOLE_20260622-213822.tar.gz	89872	949ae7e97683233b08bb5c1323ea5c9ae4f3bf44343330ba2a7263437114a7e6	2026-08-22T18:57:02Z
DOLE	DOLE_20260623-205747.tar.gz	6262	8ef36bfb434f750f0d270682caf8d053ca510097810348b8f03274866f20e0d5	2026-08-22T18:57:03Z
DOLE	DOLE_20260624-215402.tar.gz	120950	bfcb724dde1b3c1ad37ccf8244b79023260a6870edb90c07863ad10e7f9fd29e	2026-08-22T18:57:03Z
DOLE	DOLE_20260625-214542.tar.gz	137880	d84aa9e2d43e5b073362606b6e04368e2a336f7213ae70b4faf16e189bf770f3	2026-08-22T18:57:03Z
DOLE	DOLE_20260626-222225.tar.gz	72250	571f72bc13b8f033f873688a7f618ac8222e230ca6b97c9bf856625b9339adb9	2026-08-22T18:57:03Z
DOLE	DOLE_20260629-223234.tar.gz	175192	d2ded3bcb8f3ca9a5072b50e3f709f6f4767800ee3c58a182e5ca18a50f9d614	2026-08-22T18:57:03Z
DOLE	DOLE_20260630-220855.tar.gz	36186	4c861d5b82d0a2f523822063041d2bc5d1810eac5e5d579a3c1b2e05891940a1	2026-08-22T18:57:03Z
DOLE	DOLE_20260701-222046.tar.gz	127801	3eb0a2180cf6b2e89473c5c4a21762b4b27c359b6ba9e942750e9aa6b4cb1533	2026-08-22T18:57:04Z
DOLE	DOLE_20260702-223445.tar.gz	130828	e7f6eb4029fe576651b1b07631f2ccbe9e89384c7be22fbc280ac58a3b940210	2026-08-22T18:57:04Z
DOLE	DOLE_20260703-214412.tar.gz	98604	31fc916b96732ed192243b619bdaca24e3a3bc70d68973c9921975d90b12627d	2026-08-22T18:57:04Z
DOLE	DOLE_20260706-211216.tar.gz	46595	daf6ddefb019d7a7e264f4b2a858875b38ec8c83cdb90ece8d7d157cb14e5811	2026-08-22T18:57:04Z
DOLE	DOLE_20260707-211437.tar.gz	34083	423e55e5cbf7540eaed173a050a62bb2aa95186e02311c32c51de34b01e86a08	2026-08-22T18:57:04Z
DOLE	DOLE_20260708-215132.tar.gz	60460	e3bfa76996db735c02562332a27af6005c2c8190cd88571395782a87677ff2bd	2026-08-22T18:57:05Z
DOLE	DOLE_20260709-215602.tar.gz	63181	8e02b53e3f96760f8277de609ca00e1fe77f017ab8716b38277e607af8832518	2026-08-22T18:57:05Z
DOLE	DOLE_20260710-220101.tar.gz	50569	4ab7a65ce4b8c005b820589c218f5792630229ca4f11a1f5b521738c3e9c996d	2026-08-22T18:57:05Z
DOLE	DOLE_20260713-212510.tar.gz	106834	bc1cbc689cb3154587661dcebb6639aaeb43b1e2add12c756758c0571f7f25ad	2026-08-22T18:57:05Z
DOLE	DOLE_20260715-212020.tar.gz	16651	d8ba08ae1f5a4910a0d7e345b56e5ade370be663d5d0623a207bffca86af59bc	2026-08-22T18:57:05Z
DOLE	DOLE_20260716-214918.tar.gz	51672	140235fe4a79a16e9d091d2388adeaa9d68f3299dc51f5e63a4cd582283d2101	2026-08-22T18:57:05Z
DOLE	DOLE_20260717-215733.tar.gz	148107	541aaf0c15440618f3b13df34081f79c16566f2bafe840a930a42b0f9f09836f	2026-08-22T18:57:06Z
DOLE	DOLE_20260720-210701.tar.gz	91410	effb80e1044483fe2d0cd871ece47a7b21f82800a701a78424c3fd0c37c9ffe7	2026-08-22T18:57:06Z
DOLE	DOLE_20260721-211112.tar.gz	250868	f774556fee4bb13f1c2470e6dd6ab9f0b17dc3f6002386a0751b6bf703e1799a	2026-08-22T18:57:06Z
DOLE	DOLE_20260722-220255.tar.gz	120470	d663c2ff76025a4dbf1653cb5d36f7566a0233c13c918004ceea1410a2aa9132	2026-08-22T18:57:06Z
DOLE	DOLE_20260723-224400.tar.gz	42917	3747e9495cd74645d533ce3e0455bf1d08ea14648466222b0172d560f93765ce	2026-08-22T18:57:06Z
DOLE	DOLE_20260724-222927.tar.gz	25145	74edd326b0252fe0c7d49649b6e047e304e5f93c75ee05d828f2ff4dcdf34577	2026-08-22T18:57:07Z
DOLE	DOLE_20260727-214936.tar.gz	534286	bd6e331ae570c0b0b398c47046c95b140ea2b54414cc8fbd1f0bc2db165e5df9	2026-08-22T18:57:07Z
DOLE	DOLE_20260728-220005.tar.gz	19554	56015cf6a6d802e147531b3a69d48c1ea991d9fcf1c5c156666e2e70a9a06438	2026-08-22T18:57:07Z
DOLE	DOLE_20260729-223923.tar.gz	24966	d853b0220f00b3ced04179c27d4f6edb76b9298e4cee899847da5eb24d67e1ac	2026-08-22T18:57:07Z
DOLE	DOLE_20260803-212828.tar.gz	49541	a37cf5c3256faeead8aed1b2bfc66ac3cbfab76a0f2235b1a6f48b4844897975	2026-08-22T18:57:07Z
DOLE	DOLE_20260804-220219.tar.gz	8576	b657c4cd24d48c7af418c374c96fd7568ce54159e1c60c2996b66ad9ca5924a8	2026-08-22T18:57:07Z
DOLE	DOLE_20260805-214530.tar.gz	5615	4789b9bc906b8b915189d8bb3b471ace2cdfcbcda3af67183f61cb5406ec1cdb	2026-08-22T18:57:08Z
DOLE	DOLE_20260811-214348.tar.gz	84819	1b519e9c82ac19b6c42e8fa8d31850230e09e11d71b7a8259bcb68fbd2838248	2026-08-22T18:57:08Z
DOLE	DOLE_20260812-214541.tar.gz	187028	124053c9395888888fc235d3d02b3826765cc084f73e622adae28f7f841c7351	2026-08-22T18:57:08Z
DOLE	DOLE_20260813-212523.tar.gz	5592	6251f39e9823c86106f5b90bcc19f295a08617b7e44af1ec0b4da3045bb3c153	2026-08-22T18:57:08Z
DOLE	DOLE_20260818-223511.tar.gz	134831	c653f850cb0c519d1f1dfb6e730cf13df475bcdfd0bf2d7060343496baff55ab	2026-08-22T18:57:08Z
DOLE	DOLE_20260819-222711.tar.gz	76075	ba8b6bf1e8815d27e6516c84abd53253623363166fd82345175a62f935064d10	2026-08-22T18:57:08Z
DOLE	DOLE_20260820-220411.tar.gz	150974	c45560d839d733ee150750dcc36c466d2618069d07c7f188d227b9b5feae386d	2026-08-22T18:57:09Z
DOLE	Freemium_dole_global_20250713-140000.tar.gz	18698444	921d3dfb3ed3c92373426f93d494a41186c1138b4b82e8554d8e16c2e96a0eb8	2026-08-22T18:57:13Z
