verdict	cle	chambre	amendement	sort	auteur	dossier	article	segment	longueur_fenetre	vise	nb_segments_fenetre	fenetre	dispositif	segment_texte	url
juste	98e1a93b47d5d27d	senat	661 rect.	Adopté	LE GOUVERNEMENT	JORFDOLE000027383756	L218-1	LEGIARTI000028748371:4	60	oui	2	e contrôle des opérations faisant appel à l'informatique, il	Après l’article 37 Insérer un article additionnel ainsi rédigé : L'article L. 218-1 du code de la consommation est ainsi modifié : 1° Au premier alinéa, les mots : « , en présence de l’occupant des lieux ou de son représentant, » et les mots : « auprès du professionnel, qui est tenu de les fournir, » sont supprimés ; 2° Il est ajouté trois alinéas ainsi rédigés : « Les agents peuvent exiger la com […]	Pour le contrôle des opérations faisant appel à l'informatique, ils ont accès aux logiciels et aux données stockées ainsi qu'à la restitution en clair des informations propres à faciliter l'accomplissement de leurs missions. Ils peuvent en demander la transcription par tout traitement approprié dans des documents directement utilisables pour les besoins du contrôle.	//www.senat.fr/amendements/2012-2013/810/Amdt_661.html
juste	996515b9e4718c42	assemblee	391	Adopté	Mme Catherine Vautrin	JORFDOLE000027383756	L113-8	LEGIARTI000028742316:0	60	sans visée	1	s taxes et redevances individualisées et affichées comme tel	Après l’alinéa 18, insérer les deux alinéas suivants : « II bis. – Après le premier alinéa du même article, est inséré un alinéa ainsi rédigé : « Les transporteurs aériens remboursent, sans frais, les taxes et redevances individualisées et affichées comme telles dans le prix du titre de transport dont l’exigibilité procède de l’embarquement effectif du passager, lorsque le titre de transport n’est […]	Les transporteurs aériens et les personnes physiques ou morales commercialisant des titres de transport aérien remboursent les taxes et redevances individualisées et affichées comme telles dans le prix du titre qu'ils ont vendu, dont l'exigibilité procède de l'embarquement effectif du passager, lorsque le titre n'est plus valide et n'a pas donné lieu à transport. Ce remboursement intervient au plu […]	
juste	999c1976a211f85c	senat	1238 rect.	Adopté	LE GOUVERNEMENT	JORFDOLE000029589477	L141-1	LEGIARTI000031932457:38	60	sans visée	1	ode de la santé publique et des dispositions complémentaires	A. – Alinéa 1 Remplacer cet alinéa par dix‑huit alinéas ainsi rédigés : I. – Le code de la santé publique est ainsi modifié : 1° L’article L. 1111‑3 est ainsi rédigé : « Art. L. 1111‑3. – Toute personne a droit à une information sur les frais auxquels elle pourrait être exposée à l’occasion d’activités de prévention, de diagnostic et de soins et, le cas échéant, sur les conditions de leur prise en […]	17° Des articles L. 1111-3 et L. 1111-3-2 à L. 1111-3-5 du code de la santé publique et des dispositions complémentaires prises pour leur application.	//www.senat.fr/amendements/2014-2015/654/Amdt_1238.html
juste	9a976b5963b7916f	senat	98 rect.	Adopté	M. RIETMANN	JORFDOLE000043701629	L412-11	LEGIARTI000044224587:0	60	sans visée	1	s les établissements titulaires d'une licence de débit de bo	I. – Alinéa 4 Remplacer cet alinéa par quatre alinéas ainsi rédigés : b) Les deuxième à avant-dernier alinéas sont ainsi rédigés : « Le consommateur est informé, au moyen de l’étiquetage, de l’origine du cacao des produits à base de cacao et de chocolat et de l’origine de la gelée royale. « Il est également informé de tous les pays d’origine des miels composant un mélange de miels en provenance de […]	Dans les établissements titulaires d'une licence de débit de boissons à consommer sur place ou à emporter ou d'une licence de restaurant, les consommateurs sont informés, par un affichage lisible sur les menus, les cartes des vins ou tout autre support, de la provenance et, le cas échéant, de la dénomination de l'appellation d'origine protégée ou de l'indication géographique protégée des vins mis  […]	//www.senat.fr/amendements/2020-2021/829/Amdt_98.html
juste	9ab4754d2b287438	assemblee	2	Adopté	M. Razzy Hammadi	JORFDOLE000027383756	L121-34	LEGIARTI000028747663:1	60	oui	1	est interdit à un professionnel, directement ou par l'inter	I. - Supprimer les alinéas 70 à 77 et l’alinéa 129 ; II. – A l’alinéa 78, remplacer la référence « L. 121-20-2 » par la référence « L. 121-20-1 » ; III. – A l’alinéa 79, remplacer la référence « L. 121-20-3 » par la référence « L. 121-20-2 » ; IV. - Compléter l’article 5 par les alinéas suivants : « III. – La section 4 du même chapitre Ier est ainsi rédigé : « Section 4 « Régime d’opposition au dé […]	Il est interdit à un professionnel, directement ou par l'intermédiaire d'un tiers agissant pour son compte, de démarcher téléphoniquement un consommateur inscrit sur cette liste, sauf en cas de relations contractuelles préexistantes.	
juste	9b11ea6f8f3b7136	assemblee	2	Adopté	M. Razzy Hammadi	JORFDOLE000027383756	L121-34	LEGIARTI000028747663:7	60	oui	1	présent article s'applique sans préjudice des articles 38 à	I. - Supprimer les alinéas 70 à 77 et l’alinéa 129 ; II. – A l’alinéa 78, remplacer la référence « L. 121-20-2 » par la référence « L. 121-20-1 » ; III. – A l’alinéa 79, remplacer la référence « L. 121-20-3 » par la référence « L. 121-20-2 » ; IV. - Compléter l’article 5 par les alinéas suivants : « III. – La section 4 du même chapitre Ier est ainsi rédigé : « Section 4 « Régime d’opposition au dé […]	Le présent article s'applique sans préjudice des articles 38 à 40 de la loi n° 78-17 du 6 janvier 1978 relative à l'informatique, aux fichiers et aux libertés.	
juste	9e9b083c21e3dca6	senat	616	Adopté	LE GOUVERNEMENT	JORFDOLE000027383756	L215-2-2	LEGIARTI000028748385:0	60	oui, par renumérotation	2	es agents mentionnés à l'article l. 215-1 sont habilités à r	A. - Alinéa 18 Remplacer cet alinéa par deux alinéas ainsi rédigés : IV - L’article L. 215-2-4 du code de la consommation est ainsi rédigé : « Art. L. 215-2-4. - Les agents mentionnés à l'article L. 215-1 sont habilités à rechercher et à constater, dans les conditions prévues au présent livre, les infractions aux dispositions du chapitre VII du titre V du livre V du code de l'environnement lorsqu' […]	Les agents mentionnés à l'article L. 215-1 sont habilités à rechercher et à constater, dans les conditions prévues au présent livre, les infractions à la loi n° 2010-729 du 30 juin 2010 tendant à suspendre la commercialisation de tout conditionnement comportant du bisphénol A et destiné à recevoir des produits alimentaires.	//www.senat.fr/amendements/2012-2013/810/Amdt_616.html
juste	9f8fd853eb1e5fbc	senat	174	Adopté	M. COINTAT	JORFDOLE000027383756	L311-8-1	LEGIARTI000028748057:0	60	oui	1	pour un montant supérieur à un seuil fixé par décret, le pr	Alinéa 2 Rédiger ainsi cet alinéa : « Art. L. 311-8-1 - Lorsqu'un consommateur se voit proposer une offre de crédit renouvelable pour un montant supérieur à un seuil fixé par décret, le prêteur, l'établissement de crédit ou l'intermédiaire de crédit est tenu d'accompagner systématiquement cette offre de crédit renouvelable d'une offre de crédit amortissable, selon des modalités définies par arrêté […]	Lorsqu'un consommateur se voit proposer, sur le lieu de vente ou par un moyen de vente de biens ou de services à distance, un contrat de crédit renouvelable pour financer l'achat de biens ou de prestations de services particuliers pour un montant supérieur à un seuil fixé par décret, le prêteur ou l'intermédiaire de crédit accompagne l'offre de crédit renouvelable d'une proposition de crédit amort […]	//www.senat.fr/amendements/2013-2014/283/Amdt_174.html
juste	9ff18b9c2678c466	assemblee	30	Adopté	M. Jean-Louis Bricout	JORFDOLE000027383756	L121-111	LEGIARTI000028741268:1	60	sans visée	2	mmes versées par le consommateur au titre d'un dépôt de gara	I. – Après l’alinéa 35, insérer les vingt-cinq alinéas suivants : « Section 17 « Contrats relatifs au gaz de pétrole liquéfié « Art. L. 121‑105. – Les dispositions de la présente section s’appliquent aux contrats souscrits par un consommateur ayant pour objet la fourniture de gaz de pétrole liquéfié en vrac, la mise à disposition ou la vente de matériels de stockage de gaz de pétrole liquéfié en v […]	Les sommes versées par le consommateur au titre d'un dépôt de garantie lui sont restituées par le professionnel au plus tard dans un délai de trente jours à compter de la reprise par ce dernier de l'objet garanti, qui est effectuée au plus tard dans un délai de trois mois à compter de la résiliation du contrat.	
juste	a19bd04d4a2d9b19	assemblee	637	Adopté	M. Razzy Hammadi	JORFDOLE000027383756	L311-17-1	LEGIARTI000028748091:0	60	sans visée	1	soit à un compte de dépôt et à un crédit renouvelable, soit	Au premier alinéa de l’article L. 311‑17‑1 du code de la consommation, les mots : « à la fois à un compte de dépôt et à un crédit renouvelable », sont remplacés par les mots : « soit à un compte de dépôt et à un crédit renouvelable, soit à un compte de paiement et à un crédit renouvelable ».	Lorsqu'une carte de paiement émise par un établissement de crédit est associée soit à un compte de dépôt et à un crédit renouvelable, soit à un compte de paiement et à un crédit renouvelable, l'utilisation du crédit doit résulter de l'accord exprès du consommateur exprimé lors du paiement avec la carte ou dans un délai raisonnable, à réception de l'état actualisé de l'exécution du contrat de crédi […]	
juste	a3011dbe27da8aa3	senat	158 rect.	Adopté	Mme DINI	JORFDOLE000026795365	L331-3-1	LEGIARTI000027783213:3	60	sans visée	2	le déblocage des allocations de logement s'effectue dans les	I. – Alinéas 7 et 8 Remplacer ces alinéas par trois alinéas ainsi rédigés : - la première phrase est complétée par les mots : « et aux allocations de logement » ; - la seconde phrase est ainsi rédigée : « Le déblocage des allocations de logement s’effectue dans les conditions prévues aux articles L. 542‑7‑1 et L. 831‑8 du code de la sécurité sociale. » ; II. – Alinéa 10 1° Première phrase Remplace […]	La décision déclarant la recevabilité de la demande emporte rétablissement des droits à l'aide personnalisée au logement et aux allocations de logement. Le déblocage des allocations de logement s'effectue dans les conditions prévues aux articles L. 542-7-1 et L. 831-8 du code de la sécurité sociale.	//www.senat.fr/amendements/2012-2013/423/Amdt_158.html
juste	a45a1eb9a929751c	assemblee	30	Adopté	M. Jean-Louis Bricout	JORFDOLE000027383756	L121-110	LEGIARTI000028741266:0	60	sans visée	1	rojet de modification des conditions contractuelles à l'init	I. – Après l’alinéa 35, insérer les vingt-cinq alinéas suivants : « Section 17 « Contrats relatifs au gaz de pétrole liquéfié « Art. L. 121‑105. – Les dispositions de la présente section s’appliquent aux contrats souscrits par un consommateur ayant pour objet la fourniture de gaz de pétrole liquéfié en vrac, la mise à disposition ou la vente de matériels de stockage de gaz de pétrole liquéfié en v […]	Tout projet de modification des conditions contractuelles à l'initiative du professionnel est communiqué par écrit par ce professionnel au consommateur au moins un mois avant son entrée en vigueur, assorti de l'information, énoncée de manière claire, précise et visible, selon laquelle ce dernier peut, tant qu'il n'a pas expressément accepté les nouvelles conditions, résilier le contrat, sans pénal […]	
juste	a847f539fb112208	assemblee	641	Adopté	M. Razzy Hammadi	JORFDOLE000027383756	L121-42	LEGIARTI000028744497:2	60	sans visée	1	rateur en relation contractuelle avec le consommateur l'info	I. – Après l’article L. 121‑41 du code de la consommation, la section 7 est ainsi rédigée : « Section 7 « Achats par l’intermédiaire des opérateurs de communications électroniques « Art. L. 121‑42. – L’opérateur de communications électroniques, au sens du 6° de l’article L. 32 du code des postes et des communications électroniques, exploitant un numéro à valeur ajoutée, son abonné auquel ce numéro […]	L'opérateur en relation contractuelle avec le consommateur l'informe, sur son site internet, de l'existence de cet outil et des moyens permettant d'y accéder.	
juste	a9aeeae80dddcc62	assemblee	30	Adopté	M. Jean-Louis Bricout	JORFDOLE000027383756	L121-107	LEGIARTI000028741260:2	60	sans visée	1	escription des produits et des services contractuels et les	I. – Après l’alinéa 35, insérer les vingt-cinq alinéas suivants : « Section 17 « Contrats relatifs au gaz de pétrole liquéfié « Art. L. 121‑105. – Les dispositions de la présente section s’appliquent aux contrats souscrits par un consommateur ayant pour objet la fourniture de gaz de pétrole liquéfié en vrac, la mise à disposition ou la vente de matériels de stockage de gaz de pétrole liquéfié en v […]	2° La description des produits et des services contractuels et les délais nécessaires pour en assurer la livraison ou la prestation ;	
juste	aa3d39dfdb5a95b1	senat	10	Adopté	LE GOUVERNEMENT	JORFDOLE000041566073	L521-3-1	LEGIARTI000042615686:3	60	sans visée	1	les adresses électroniques des interfaces en ligne dont les	Rétablir cet article dans la rédaction suivante : Le livre V du code de la consommation est ainsi modifié : 1° Après l’article L. 521‑3, il est inséré un article L. 521‑3‑1 ainsi rédigé : « Art. L. 521‑3‑1. – Lorsque les agents habilités constatent, avec les pouvoirs du présent livre, une infraction ou un manquement à partir d’une interface en ligne et que l’auteur de la pratique ne peut être iden […]	a) Notifier aux personnes relevant du I de l'article L. 111-7 du présent code les adresses électroniques des interfaces en ligne dont les contenus sont manifestement illicites pour qu'elles prennent toute mesure utile destinée à faire cesser leur référencement ;	//www.senat.fr/amendements/2019-2020/553/Amdt_10.html
juste	aa9f167e211784f7	senat	229 rect.	Adopté	LE GOUVERNEMENT	JORFDOLE000021369332	L122-1	LEGIARTI000024039761:0	60	oui	1	dès lors que cette subordination constitue une pratique comm	Après l'article 26, insérer un article additionnel ainsi rédigé : Le code de la consommation est ainsi modifié : 1° Les 1°, 4° et 5° de l'article L. 115-30 sont abrogés ; 2° Le dernier alinéa de l'article L. 121-8 est supprimé ; 3° Le premier alinéa de l'article L. 121-35 est complété par les mots : « dès lors que la pratique en cause revêt un caractère déloyal au sens de l'article L. 120-1 » ; 4° […]	Il est interdit de refuser à un consommateur la vente d'un produit ou la prestation d'un service, sauf motif légitime, et de subordonner la vente d'un produit à l'achat d'une quantité imposée ou à l'achat concomitant d'un autre produit ou d'un autre service ainsi que de subordonner la prestation d'un service à celle d'un autre service ou à l'achat d'un produit dès lors que cette subordination cons […]	//www.senat.fr/amendements/2010-2011/21/Amdt_229.html
juste	abd91080b8b9ccde	senat	525	Adopté	Mme BATAILLE	JORFDOLE000027383756	L121-34-2	LEGIARTI000028742080:2	60	sans visée	1	tion des communications électroniques et des postes, définit	Après l’alinéa 79 Insérer deux alinéas ainsi rédigés : « Le numéro affiché avant l’établissement de l’appel en application du premier alinéa est affecté au professionnel pour le compte duquel l’appel est effectué. En cas de rappel du consommateur à ce numéro, ce professionnel s’identifie préalablement à la facturation de toute prestation de service autre que le prix de la communication. « Un arrêt […]	Un arrêté conjoint des ministres chargés de la consommation et de l'économie numérique, pris après avis de l'Autorité de régulation des communications électroniques et des postes, définit les tranches de numéro qui ne peuvent être utilisées comme identifiant d'appel par un professionnel qui joint un consommateur, en tenant compte du plafond de tarification et du format de ces numéros.	//www.senat.fr/amendements/2012-2013/810/Amdt_525.html
juste	ac6282c12d5347a0	assemblee	526	Adopté	LE GOUVERNEMENT	JORFDOLE000027383756	L312-9	LEGIARTI000028748108:0	60	sans visée	2	de survenance d'un des risques que ce contrat définit, soit	Rédiger ainsi cet article : « I. – L’article L. 312‑9 du code de la consommation, dans sa rédaction issue de la loi n° 2013‑672 du 26 juillet 2013 de séparation et de régulation des activités bancaires, est ainsi modifié : « a) Au premier alinéa, les mots : « l’adhésion à » et les mots : « de groupe qu’il a souscrit » sont supprimés. « b) Au troisième alinéa, le mot : « ou » est remplacé par le si […]	Lorsque le prêteur propose à l'emprunteur un contrat d'assurance en vue de garantir en cas de survenance d'un des risques que ce contrat définit, soit le remboursement total ou partiel du montant du prêt restant dû, soit le paiement de tout ou partie des échéances dudit prêt, les dispositions suivantes sont obligatoirement appliquées :	
juste	acd183121d9e0297	senat	229 rect.	Adopté	LE GOUVERNEMENT	JORFDOLE000021369332	L122-3	LEGIARTI000024039758:1	60	oui	1	ion de cette interdiction est punie des peines prévues aux a	Après l'article 26, insérer un article additionnel ainsi rédigé : Le code de la consommation est ainsi modifié : 1° Les 1°, 4° et 5° de l'article L. 115-30 sont abrogés ; 2° Le dernier alinéa de l'article L. 121-8 est supprimé ; 3° Le premier alinéa de l'article L. 121-35 est complété par les mots : « dès lors que la pratique en cause revêt un caractère déloyal au sens de l'article L. 120-1 » ; 4° […]	La violation de cette interdiction est punie des peines prévues aux articles L. 122-12 à L. 122-14.	//www.senat.fr/amendements/2010-2011/21/Amdt_229.html
juste	ad5ab9f63ce6421e	senat	2171	Adopté	LE GOUVERNEMENT	JORFDOLE000043113774	L315-9	LEGIARTI000043977203:3	60	sans visée	1	dans le cas d'un prêt avance mutation, l'estimation peut êtr	I. – Alinéa 2 Rédiger ainsi cet alinéa : « 4° Les prêts avance mutation définis à l’article L. 315‑2 du code de la consommation et destinés à la réalisation de travaux permettant d’améliorer la performance énergétique du logement. La garantie ne peut couvrir la totalité du prêt et des intérêts. Le décret mentionné au IV fixe notamment des conditions de ressources pour les personnes bénéficiant de  […]	3° La valeur du bien hypothéqué estimée par un expert choisi par les parties et les frais afférents à l'expertise, lorsqu'ils sont mis à la charge de l'emprunteur. Dans le cas d'un prêt avance mutation, l'estimation peut être réalisée par l'établissement prêteur ;	//www.senat.fr/amendements/2020-2021/667/Amdt_2171.html
juste	ad68c712792a2340	senat	10	Adopté	LE GOUVERNEMENT	JORFDOLE000041566073	L521-3-1	LEGIARTI000042615686:6	60	sans visée	1	élai, fixé par l'autorité administrative, qui ne peut être i	Rétablir cet article dans la rédaction suivante : Le livre V du code de la consommation est ainsi modifié : 1° Après l’article L. 521‑3, il est inséré un article L. 521‑3‑1 ainsi rédigé : « Art. L. 521‑3‑1. – Lorsque les agents habilités constatent, avec les pouvoirs du présent livre, une infraction ou un manquement à partir d’une interface en ligne et que l’auteur de la pratique ne peut être iden […]	Ces mesures sont mises en œuvre dans un délai, fixé par l'autorité administrative, qui ne peut être inférieur à quarante-huit heures.	//www.senat.fr/amendements/2019-2020/553/Amdt_10.html
juste	addd74a85ea023e7	assemblee	30	Adopté	M. Jean-Louis Bricout	JORFDOLE000027383756	L121-107	LEGIARTI000028741260:1	60	sans visée	1	'identité du professionnel, ses adresses postale et électron	I. – Après l’alinéa 35, insérer les vingt-cinq alinéas suivants : « Section 17 « Contrats relatifs au gaz de pétrole liquéfié « Art. L. 121‑105. – Les dispositions de la présente section s’appliquent aux contrats souscrits par un consommateur ayant pour objet la fourniture de gaz de pétrole liquéfié en vrac, la mise à disposition ou la vente de matériels de stockage de gaz de pétrole liquéfié en v […]	1° L'identité du professionnel, ses adresses postale et électronique, ses coordonnées téléphoniques ainsi que celles de son site internet s'il en dispose ;	
juste	aeb9b03782830d3b	senat	158	Adopté	Mme LOISIER	JORFDOLE000043701629	L412-11	LEGIARTI000044224587:0	60	sans visée	1	s les établissements titulaires d'une licence de débit de bo	I. – Alinéa 4 Remplacer cet alinéa par quatre alinéas ainsi rédigés : b) Les deuxième à avant-dernier alinéas sont ainsi rédigés : « Le consommateur est informé, au moyen de l’étiquetage, de l’origine du cacao des produits à base de cacao et de chocolat et de l’origine de la gelée royale. « Il est également informé de tous les pays d’origine des miels composant un mélange de miels en provenance de […]	Dans les établissements titulaires d'une licence de débit de boissons à consommer sur place ou à emporter ou d'une licence de restaurant, les consommateurs sont informés, par un affichage lisible sur les menus, les cartes des vins ou tout autre support, de la provenance et, le cas échéant, de la dénomination de l'appellation d'origine protégée ou de l'indication géographique protégée des vins mis  […]	//www.senat.fr/amendements/2020-2021/829/Amdt_158.html
juste	afac497351ca9961	senat	2171	Adopté	LE GOUVERNEMENT	JORFDOLE000043113774	L315-3	LEGIARTI000043977228:0	60	sans visée	1	prêt viager hypothécaire et le prêt avance mutation ne peuve	I. – Alinéa 2 Rédiger ainsi cet alinéa : « 4° Les prêts avance mutation définis à l’article L. 315‑2 du code de la consommation et destinés à la réalisation de travaux permettant d’améliorer la performance énergétique du logement. La garantie ne peut couvrir la totalité du prêt et des intérêts. Le décret mentionné au IV fixe notamment des conditions de ressources pour les personnes bénéficiant de  […]	Le prêt viager hypothécaire et le prêt avance mutation ne peuvent être destinés à financer les besoins d'une activité professionnelle.	//www.senat.fr/amendements/2020-2021/667/Amdt_2171.html
juste	afc1f24c8d376d9b	assemblee	2	Adopté	M. Razzy Hammadi	JORFDOLE000027383756	L121-34	LEGIARTI000028747663:6	60	oui	1	dictions prévues aux deuxième et quatrième alinéas ne s'appl	I. - Supprimer les alinéas 70 à 77 et l’alinéa 129 ; II. – A l’alinéa 78, remplacer la référence « L. 121-20-2 » par la référence « L. 121-20-1 » ; III. – A l’alinéa 79, remplacer la référence « L. 121-20-3 » par la référence « L. 121-20-2 » ; IV. - Compléter l’article 5 par les alinéas suivants : « III. – La section 4 du même chapitre Ier est ainsi rédigé : « Section 4 « Régime d’opposition au dé […]	Les interdictions prévues aux deuxième et quatrième alinéas ne s'appliquent pas à la prospection en vue de la fourniture de journaux, de périodiques ou de magazines.	
juste	aff88beb1d2c2529	assemblee	2	Adopté	M. Razzy Hammadi	JORFDOLE000027383756	L121-34	LEGIARTI000028747663:2	60	oui	1	n professionnel est amené à recueillir auprès d'un consommat	I. - Supprimer les alinéas 70 à 77 et l’alinéa 129 ; II. – A l’alinéa 78, remplacer la référence « L. 121-20-2 » par la référence « L. 121-20-1 » ; III. – A l’alinéa 79, remplacer la référence « L. 121-20-3 » par la référence « L. 121-20-2 » ; IV. - Compléter l’article 5 par les alinéas suivants : « III. – La section 4 du même chapitre Ier est ainsi rédigé : « Section 4 « Régime d’opposition au dé […]	Lorsqu'un professionnel est amené à recueillir auprès d'un consommateur des données téléphoniques, il l'informe de son droit à s'inscrire sur la liste d'opposition au démarchage téléphonique. Lorsque ce recueil d'information se fait à l'occasion de la conclusion d'un contrat, le contrat mentionne, de manière claire et compréhensible, l'existence de ce droit pour le consommateur.	
juste	b01f32650159f773	assemblee	539	Adopté	M. Razzy Hammadi	JORFDOLE000027383756	L121-34	LEGIARTI000028747663:1	60	sans visée	1	l est interdit à un professionnel, directement ou par l'inte	Compléter cet article par les douze alinéas suivants : « III. – La section 4 du même chapitre Ier est ainsi rédigée : « Section 4 « Régime d’opposition au démarchage téléphonique « Art. L. 121‑34. – Le consommateur qui ne souhaite pas faire l’objet de prospection commerciale par voie téléphonique peut gratuitement s’inscrire sur une liste d’opposition au démarchage téléphonique. « Il est interdit  […]	Il est interdit à un professionnel, directement ou par l'intermédiaire d'un tiers agissant pour son compte, de démarcher téléphoniquement un consommateur inscrit sur cette liste, sauf en cas de relations contractuelles préexistantes.	
faux	b0eea0d53eed9f21	assemblee	377	Adopté	Mme Jeanine Dubié	JORFDOLE000027383756	L121-49	LEGIARTI000029947799:1	60	sans visée	1	sont recherchés et constatés dans les conditions prévues au	Substituer à l’alinéa 11 les deux alinéas suivants : « Art. L. 731‑3. – Tout manquement à l’article L. 731‑2 est passible d’une amende administrative dont le montant ne peut excéder 100 000 euros. L’amende est prononcée par l’autorité administrative chargée de la concurrence et de la consommation dans les conditions prévues à l’article L. 141‑1‑2 du code de la consommation « Art. L. 731‑4. – Les m […]	Les manquements à la présente section sont recherchés et constatés dans les conditions prévues au I de l'article L. 141-1.	
juste	b14f4ef707395ff4	senat	365	Adopté	M. LORIDANT	JORFDOLE000017760141	L331-3	LEGIARTI000006292631:5	60	oui	1	l'information des établissements de crédit et des comptables	Après le 3° du IV de cet article, insérer un paragraphe ainsi rédigé : … Le sixième alinéa de l'article L. 331-3 du code de la consommation est complété par la phrase suivante : « L'information des établissements de crédit et des comptables du Trésor peut être effectuée par télécopie ou par courrier électronique dans des conditions fixées par décret. »	Après avoir été informés par la commission de l'état du passif déclaré par le débiteur, les créanciers disposent d'un délai de trente jours pour fournir, en cas de désaccord sur cet état, les justifications de leurs créances en principal, intérêts et accessoires. A défaut, la créance est prise en compte par la commission au vu des seuls éléments fournis par le débiteur. L'information des établisse […]	//www.senat.fr/amendements/2002-2003/398/Amdt_365.html
juste	b1543acc73ca184a	senat	112	Adopté	M. MARINI	JORFDOLE000017760197	L311-4	LEGIARTI000006292383:2	60	oui	1	er le montant, en euros, des remboursements par échéance ou,	Après l'article 59, insérer un article additionnel ainsi rédigé : Le code de la consommation est ainsi modifié : I. - L'article L. 311-4 est ainsi rédigé : « Art. L. 311-4 . – Toute publicité faite, reçue ou perçue en France qui, quel que soit son support, porte sur l'une des opérations de crédit à la consommation visées à l'article L. 311-2, est loyale et informative. Son contenu doit : « 1º Préc […]	2° Préciser le montant, en euros, des remboursements par échéance ou, en cas d'impossibilité, le moyen de le déterminer. Ce montant inclut le coût de l'assurance lorsque celle-ci est obligatoire pour obtenir le financement et, le cas échéant, le coût des perceptions forfaitaires ;	//www.senat.fr/amendements/2002-2003/166/Amdt_112.html
juste	b15c0a191ae2e187	senat	10	Adopté	LE GOUVERNEMENT	JORFDOLE000041566073	L521-3-1	LEGIARTI000042615686:7	60	sans visée	1	rface en ligne s'entend de tout logiciel, y compris un site	Rétablir cet article dans la rédaction suivante : Le livre V du code de la consommation est ainsi modifié : 1° Après l’article L. 521‑3, il est inséré un article L. 521‑3‑1 ainsi rédigé : « Art. L. 521‑3‑1. – Lorsque les agents habilités constatent, avec les pouvoirs du présent livre, une infraction ou un manquement à partir d’une interface en ligne et que l’auteur de la pratique ne peut être iden […]	Une interface en ligne s'entend de tout logiciel, y compris un site internet, une partie de site internet ou une application, exploité par un professionnel ou pour son compte et permettant aux utilisateurs finals d'accéder aux biens ou aux services qu'il propose.	//www.senat.fr/amendements/2019-2020/553/Amdt_10.html
juste	b176d5ae9c448179	senat	112	Adopté	M. MARINI	JORFDOLE000017760197	L311-4	LEGIARTI000006292383:5	60	oui	1	entraîne une augmentation de ressources ou accorde une réser	Après l'article 59, insérer un article additionnel ainsi rédigé : Le code de la consommation est ainsi modifié : I. - L'article L. 311-4 est ainsi rédigé : « Art. L. 311-4 . – Toute publicité faite, reçue ou perçue en France qui, quel que soit son support, porte sur l'une des opérations de crédit à la consommation visées à l'article L. 311-2, est loyale et informative. Son contenu doit : « 1º Préc […]	Il est interdit, dans toute publicité, quel que soit le support utilisé, d'indiquer qu'un prêt peut être octroyé sans élément d'information permettant d'apprécier la situation financière de l'emprunteur, ou de suggérer que le prêt entraîne une augmentation de ressources ou accorde une réserve automatique d'argent immédiatement disponible, sans contrepartie financière identifiable.	//www.senat.fr/amendements/2002-2003/166/Amdt_112.html
juste	b19653a74f099670	assemblee	95	Adopté	M. Laurent Grandguillaume	JORFDOLE000027383756	L311-5	LEGIARTI000028748025:2	60	sans visée	1	lorsqu'une publicité compare le montant des échéances d'un o	Le troisième alinéa de l’article L. 311‑5 du code de la consommation est complété par une phrase ainsi rédigée : « Lorsqu’une publicité compare le montant des échéances d’un ou plusieurs crédits antérieurs, et le cas échéant d’autres dettes, à celui d’une échéance résultant d’une opération de regroupement de crédits, elle mentionne de manière claire et apparente d’une part la somme des coûts totau […]	Il est interdit dans toute publicité d'indiquer qu'une opération ou un contrat de crédit, ou une opération de crédit consistant à regrouper des crédits antérieurs peut être consenti sans élément d'information permettant d'apprécier la situation financière de l'emprunteur, ou de laisser entendre que le prêt améliore la situation financière ou le budget de l'emprunteur, entraîne une augmentation de  […]	
juste	b2ef61dd997a6d15	senat	174	Adopté	M. GONTARD	JORFDOLE000038746653	L120-2	LEGIARTI000041557387:1	60	sans visée	1	t consommateur final peut demander à être servi dans un cont	Après l'article 5 Insérer un article additionnel ainsi rédigé : Le titre II du livre I er du code de la consommation est ainsi modifié : 1° À l’intitulé, les mots : « interdites et pratiques commerciales règlementées » sont supprimés ; 2° Il est jouté un chapitre ainsi rédigé : « Chapitre ... « Pratiques commerciales encouragées « Section ... « Vente de produits non pré‑emballés « Art. L. …. ‑ Dan […]	Tout consommateur final peut demander à être servi dans un contenant apporté par ses soins, dans la mesure où ce dernier est visiblement propre et adapté à la nature du produit acheté.	//www.senat.fr/amendements/2018-2019/728/Amdt_174.html
juste	b5d9e644cdf7880e	senat	98	Adopté	LE GOUVERNEMENT	JORFDOLE000050427907	L621-7	LEGIARTI000051560155:0	60	sans visée	1	vent agir devant la juridiction civile pour faire cesser ou	Alinéas 114 à 116 Remplacer ces alinéas par un alinéa ainsi rédigé : « Art. L. 621‑7. – Les associations mentionnées à l’article L. 621‑1 peuvent agir devant la juridiction civile pour faire cesser ou interdire tout agissement illicite portant directement ou indirectement atteinte à l’intérêt collectif des consommateurs. » ;	Les associations mentionnées à l'article L. 621-1 peuvent agir devant la juridiction civile pour faire cesser ou interdire tout agissement illicite portant directement ou indirectement atteinte à l'intérêt collectif des consommateurs.	//www.senat.fr/amendements/2024-2025/402/Amdt_98.html
juste	b69dbb056b025cac	assemblee	30	Adopté	M. Jean-Louis Bricout	JORFDOLE000027383756	L121-110	LEGIARTI000028741266:1	60	sans visée	1	contrats à durée déterminée ne comportant pas de clause dét	I. – Après l’alinéa 35, insérer les vingt-cinq alinéas suivants : « Section 17 « Contrats relatifs au gaz de pétrole liquéfié « Art. L. 121‑105. – Les dispositions de la présente section s’appliquent aux contrats souscrits par un consommateur ayant pour objet la fourniture de gaz de pétrole liquéfié en vrac, la mise à disposition ou la vente de matériels de stockage de gaz de pétrole liquéfié en v […]	Pour les contrats à durée déterminée ne comportant pas de clause déterminant précisément les hypothèses pouvant entraîner une modification contractuelle ou de clause portant sur la modification du prix, le consommateur peut exiger l'application des conditions initiales jusqu'au terme de la durée contractuelle.	
juste	b6c7f2d039435bfa	assemblee	993	Adopté	LE GOUVERNEMENT	JORFDOLE000027383756	L116-1	LEGIARTI000028743109:3	60	sans visée	1	nter de faire croire qu'un produit bénéficie d'une indicatio	Compléter cet article par les treize alinéas suivants : « II. - Le titre I du livre I du code de la consommation, est complété par un chapitre VI ainsi rédigé : « Chapitre VI » « Dispositions relatives à l’outre-mer « Art. L. 116‑1.- L’article L. 115‑16 est applicable dans les îles Wallis et Futuna dans la rédaction suivante : « Est puni de deux ans d’emprisonnement et d’une amende de 35 800 000 f […]	"""3° De faire croire ou tenter de faire croire qu'un produit bénéficie d'une indication géographique ;"	
juste	b6ec7581c0d07a4f	assemblee	405	Adopté	M. Razzy Hammadi	JORFDOLE000027383756	L141-1	LEGIARTI000028748275:31	60	sans visée	1	2 de l'article 3 du règlement (ce) n° 924/2009 du parlement	Après l’alinéa 24, insérer les deux alinéas suivants : « 14° Des points 1 et 2 de l’article 3 du règlement (CE) n° 924/2009 du Parlement européen et du Conseil du 16 septembre 2009 concernant les paiements transfrontaliers dans la Communauté et abrogeant le règlement (CE) n° 2560/2001 ; « 15° Du d) du point 3 et du point 8 de l’article 5, de l’article 8 et de l’article 16 du règlement (UE) n° 260/ […]	14° Des 1 et 2 de l'article 3 du règlement (CE) n° 924/2009 du Parlement européen et du Conseil, du 16 septembre 2009, concernant les paiements transfrontaliers dans la Communauté et abrogeant le règlement (CE) n° 2560/2001 ;	
juste	b70d2bff0c084d1c	senat	112	Adopté	M. MARINI	JORFDOLE000017760197	L311-4	LEGIARTI000006292383:3	60	oui	1	quer, pour les opérations à durée déterminée, le nombre d'éc	Après l'article 59, insérer un article additionnel ainsi rédigé : Le code de la consommation est ainsi modifié : I. - L'article L. 311-4 est ainsi rédigé : « Art. L. 311-4 . – Toute publicité faite, reçue ou perçue en France qui, quel que soit son support, porte sur l'une des opérations de crédit à la consommation visées à l'article L. 311-2, est loyale et informative. Son contenu doit : « 1º Préc […]	3° Indiquer, pour les opérations à durée déterminée, le nombre d'échéances.	//www.senat.fr/amendements/2002-2003/166/Amdt_112.html
juste	b717ab4ccff2b28e	assemblee	522	Adopté	LE GOUVERNEMENT	JORFDOLE000027383756	L121-36-1	LEGIARTI000028744931:1	60	sans visée	1	est conditionnée à une obligation d'achat, ces pratiques co	I. – Substituer à l’alinéa 10 les deux alinéas suivants : « I bis. – La section 6 du chapitre Ier du titre II du livre Ier du code de la consommation est ainsi modifiée : « 1° L’article L. 121‑36 est ainsi rédigé : ». II. – En conséquence, après l’alinéa 12, insérer les quatre alinéas suivants : « 2° Après l’article L. 121‑36, est inséré un article L. 121‑36‑1 ainsi rédigé : « Art. L. 121‑36‑1. –  […]	Lorsque la participation des consommateurs aux pratiques mentionnées au premier alinéa du présent article est conditionnée à une obligation d'achat, ces pratiques commerciales ne sont illicites que dans la mesure où elles revêtent un caractère déloyal au sens de l'article L. 120-1.	
juste	b74d2d8968d1da59	senat	523	Adopté	Mme BATAILLE	JORFDOLE000027383756	L121-45	LEGIARTI000028744506:1	60	sans visée	1	ositif peut être mutualisé par plusieurs des fournisseurs me	I. – Après l’alinéa 9 Insérer trois alinéas ainsi rédigés : « Art. L. 121‑44‑1. – Tout fournisseur d’un service téléphonique au public, au sens du 7° de l’article L. 32 du code des postes et des communications électroniques, propose aux consommateurs avec lesquels il est en relation contractuelle un dispositif leur permettant de signaler, par messages textuels, les appels et messages textuels non  […]	Ce dispositif peut être mutualisé par plusieurs des fournisseurs mentionnés au premier alinéa du présent article.	//www.senat.fr/amendements/2012-2013/810/Amdt_523.html
juste	b7aceae64f1f4b75	senat	691	Adopté	M. Martial BOURQUIN	JORFDOLE000027383756	L121-37	LEGIARTI000028749202:1	60	oui	1	ils comportent un inventaire lisible des lots mis en jeu pré	Alinéas 8 à 11 Remplacer ces alinéas par six alinéas ainsi rédigés : I bis. – Les articles L. 121-36 et L. 121-37 du code de la consommation sont ainsi rédigés : « Art. L. 121-36. - Les pratiques commerciales, mises en œuvre par les professionnels sous la forme d'opérations promotionnelles, tendant à faire naître l'espérance d'un gain attribué à chacun des participants, quelles que soient les moda […]	Ils comportent un inventaire lisible des lots mis en jeu précisant, pour chacun d'eux, leur nature, leur nombre exact et leur valeur commerciale.	//www.senat.fr/amendements/2012-2013/810/Amdt_691.html
juste	b7f75a5e2a4c5cbf	senat	95 rect.	Adopté	M. VERZELEN	JORFDOLE000051045642	L132-14-1	LEGIARTI000051828125:1	60	oui	1	tant de l'amende peut être porté, de manière proportionnée a	Après l'alinéa 5 Insérer cinq alinéas ainsi rédigés : .... – Le livre I er est ainsi modifié : 1° Au troisième alinéa de l’article L. 121-11, après le mot : « vendu », sont insérés les mots : « ou au consentement au démarchage téléphonique mentionné au chapitre III du titre II du livre II » ; 2° Après l’article L. 132-14, il est inséré un article L. 132-14-1 ainsi rédigé : « Art. L. 132-14-1 . – L […]	Le montant de l'amende peut être porté, de manière proportionnée aux avantages tirés du délit, à 10 % du chiffre d'affaires moyen annuel, calculé sur les trois derniers chiffres d'affaires annuels connus à la date des faits.	//www.senat.fr/amendements/2024-2025/469/Amdt_95.html
juste	b80aeeedaa872553	senat	212	Adopté	M. MERCIER	JORFDOLE000017760141	L333-4	LEGIARTI000006292595:2	60	sans visée	1	1 est saisie par un débiteur en application du premier aliné	Avant l'article 27 bis, insérer un article additionnel ainsi rédigé : Au début de la première phrase du troisième alinéa de l'article L. 333-4 du code de la consommation, les mots : « Lorsque la commission instituée à l'article L. 331-1 a vérifié que le débiteur qui l'a saisie se trouve dans la situation visée à l'article L.331-2 » sont remplacés par les mots : « Dès que la commission instituée à  […]	Dès que la commission instituée à l'article L. 331-1 est saisie par un débiteur en application du premier alinéa de l'article L. 331-3, elle en informe la Banque de France aux fins d'inscription au fichier institué au premier alinéa du présent article. La même obligation pèse sur le greffe du juge de l'exécution lorsque, sur recours de l'intéressé en application du deuxième alinéa de l'article L.  […]	//www.senat.fr/amendements/2002-2003/398/Amdt_212.html
juste	b9a112f722e547d8	senat	84 rect.	Adopté	LE GOUVERNEMENT	JORFDOLE000029134377	L121-36	LEGIARTI000029947687:0	60	sans visée	1	s pratiques commerciales mises en œuvre par les professionne	Après l’alinéa 12 Insérer quatre alinéas ainsi rédigés : …° La section 6 du chapitre I er du titre II du livre I er est ainsi modifiée : a) L’article L. 121‑36 est ainsi rédigé : « Art. L. 121‑36. – Les pratiques commerciales mises en œuvre par les professionnels à l’égard des consommateurs, sous la forme d’opérations promotionnelles tendant à l’attribution d’un gain ou d’un avantage de toute natu […]	Les pratiques commerciales mises en œuvre par les professionnels à l'égard des consommateurs, sous la forme d'opérations promotionnelles tendant à l'attribution d'un gain ou d'un avantage de toute nature par la voie d'un tirage au sort, quelles qu'en soient les modalités, ou par l'intervention d'un élément aléatoire, sont licites dès lors qu'elles ne sont pas déloyales au sens de l'article L. 120- […]	//www.senat.fr/amendements/2014-2015/60/Amdt_84.html
juste	bc5577610fa7c57b	senat	174	Adopté	M. GONTARD	JORFDOLE000038746653	L120-2	LEGIARTI000041557387:0	60	sans visée	1	dans les commerces de vente au détail, le contenant réutilis	Après l'article 5 Insérer un article additionnel ainsi rédigé : Le titre II du livre I er du code de la consommation est ainsi modifié : 1° À l’intitulé, les mots : « interdites et pratiques commerciales règlementées » sont supprimés ; 2° Il est jouté un chapitre ainsi rédigé : « Chapitre ... « Pratiques commerciales encouragées « Section ... « Vente de produits non pré‑emballés « Art. L. …. ‑ Dan […]	Dans les commerces de vente au détail, le contenant réutilisable peut être fourni par le détaillant sur le lieu de vente ou être apporté par le consommateur.	//www.senat.fr/amendements/2018-2019/728/Amdt_174.html
juste	bfbd0aae02878587	senat	679	Adopté	M. FAUCONNIER	JORFDOLE000027383756	L121-29	LEGIARTI000028747592:11	60	sans visée	1	l'exercice du droit de rétractation emporte résolution de pl	Après l'alinéa 163 Insérer trois alinéas ainsi rédigés : ...) Le dernier alinéa est remplacé par deux alinéas ainsi rédigés : « L’exercice du droit de rétractation emporte résolution de plein droit du contrat de vente ou de prestation de services. « Si le bien ou la prestation de services à financer ne sont pas vendus à distance et que le consommateur, par une demande expresse, sollicite la livrai […]	L'exercice du droit de rétractation emporte résolution de plein droit du contrat de vente ou de prestation de services.	//www.senat.fr/amendements/2012-2013/810/Amdt_679.html
juste	bfdc804201129dd7	senat	89	Adopté	M. HYEST	JORFDOLE000017760141	L331-1	LEGIARTI000006292621:3	60	oui	1	une personne justifiant d'une expérience dans le domaine de	Rédiger comme suit le 1° du II de cet article : II. - 1° L'article L. 331-1 est complété par un alinéa ainsi rédigé : « Une personne justifiant d'une expérience dans le domaine de l'économie sociale et familiale est associée à l'instruction du dossier et assiste aux réunions de la commission de surendettement avec voix consultative. »	Une personne justifiant d'une expérience dans le domaine de l'économie sociale et familiale ainsi qu'une personne justifiant d'un diplôme et d'une expérience dans le domaine juridique sont associées à l'instruction du dossier et assistent aux réunions de la commission de surendettement avec voix consultative.	//www.senat.fr/amendements/2002-2003/398/Amdt_89.html
juste	c1db33651dc1d932	assemblee	40	Adopté	M. Frédéric Barbier	JORFDOLE000027383756	L121-42	LEGIARTI000028744497:5	60	sans visée	1	ce même contrat prévoit également, sous peine de la suspensi	Substituer à l’alinéa 8 les cinq alinéas suivants : « L’opérateur mentionné au premier alinéa prévoit dans le contrat avec l’abonné auquel il affecte un numéro à valeur ajoutée, sous peine de résiliation, que l’abonné l’informe de toute modification concernant son identité et son adresse, lesquelles doivent figurer dans le contrat. « Ce même contrat prévoit également, sous peine de la suspension d […]	Ce même contrat prévoit également, sous peine de la suspension de l'accès aux numéros concernés, qui peut être suivie de la résiliation du contrat en cas de récidive, que l'abonné fournit à l'opérateur mentionné au premier alinéa les informations prévues à ce même alinéa et informe l'opérateur de toute modification avec un préavis suffisant afin que l'outil soit mis à jour. La description du produ […]	
juste	c2e3b10d3b4e6a07	assemblee	495	Adopté	Mme Catherine Vautrin	JORFDOLE000027383756	L113-8	LEGIARTI000028742316:2	60	sans visée	1	nditions générales de vente ou de transport précisent la pos	I. – Supprimer les alinéas 27 et 28. II. – En conséquence, après l’alinéa 34, insérer les quatre alinéas suivants : « Art. L. 113‑8. - Les transporteurs aériens et personnes physiques ou morales commercialisant des titres de transport aérien remboursent les taxes et redevances individualisées et affichées comme telles dans le prix du titre qu’ils ont vendu, dont l’exigibilité procède de l’embarque […]	Les conditions générales de vente ou de transport précisent la possibilité du remboursement et ses modalités.	
juste	c32d0d37311fca0c	senat	109	Adopté	M. HYEST	JORFDOLE000017760141	L332-12	LEGIARTI000006292584:0	60	oui	1	tout moment de la procédure, le juge peut, s'il estime que l	Rédiger comme suit le dernier alinéa du V de cet article : « Art. L. 332-12. - A tout moment de la procédure, le juge peut, s'il estime que la situation du débiteur n'est pas irrémédiablement compromise, renvoyer le dossier à la commission. »	A tout moment de la procédure, le juge peut, s'il estime que la situation du débiteur n'est pas irrémédiablement compromise, renvoyer le dossier à la commission.	//www.senat.fr/amendements/2002-2003/398/Amdt_109.html
juste	c3575aede5560513	senat	660	Adopté	LE GOUVERNEMENT	JORFDOLE000027383756	L218-4	LEGIARTI000028748407:0	60	sans visée	1	l est établi que des produits ne sont pas conformes à la rég	Rédiger ainsi cet article : L’article L. 218‑4 du code de la consommation est ainsi rédigé : « Art. L. 218‑4. – S’il est établi que des produits ne sont pas conformes à la réglementation en vigueur ou présentent ou sont susceptibles de présenter, compte tenu de leurs conditions communes de production ou de commercialisation, un danger pour la santé publique ou la sécurité des consommateurs, le pré […]	S'il est établi que des produits ne sont pas conformes à la réglementation en vigueur ou présentent ou sont susceptibles de présenter, compte tenu de leurs conditions communes de production ou de commercialisation, un danger pour la santé publique ou la sécurité des consommateurs, le préfet ou, à Paris, le préfet de police peut ordonner une ou plusieurs des mesures suivantes : la suspension de la  […]	//www.senat.fr/amendements/2012-2013/810/Amdt_660.html
juste	c5d2d45a7fa7e80e	assemblee	636	Adopté	M. Razzy Hammadi	JORFDOLE000027383756	L311-10	LEGIARTI000028748027:0	60	sans visée	1	cette fiche est conservée par le prêteur pendant toute la du	Avant la dernière phrase de l’article L. 311‑10 du code de la consommation, est insérée une phrase ainsi rédigée : « Cette fiche est conservée par le prêteur pendant toute la durée du prêt. ».	Lorsque les opérations de crédit sont conclues sur le lieu de vente ou au moyen d'une technique de communication à distance, une fiche d'informations distincte de la fiche mentionnée à l'article L. 311-6 est remise par le prêteur ou par l'intermédiaire de crédit à l'emprunteur. Cette fiche, établie par écrit ou sur un autre support durable, comporte notamment les éléments relatifs aux ressources e […]	
juste	c5d5a73e99b156fa	senat	426	Adopté	M. LEMOYNE	JORFDOLE000046027237	L215-1-1	LEGIARTI000046190107:1	60	sans visée	1	t, le professionnel met à la disposition du consommateur une	I. – Alinéas 1 à 6 Remplacer ces alinéas par quatorze alinéas ainsi rédigés : I. – Le code de la consommation est ainsi modifié : 1° Le chapitre V du titre I er du livre II est ainsi modifié : a) Le titre est ainsi rédigé : « Reconduction et modalités de résiliation des contrats » ; b) Après l’article L. 215‑1, il est inséré un article L. 215‑1‑1, ainsi rédigé : « Art. L. 215‑1‑1. – Lorsqu’un cont […]	A cet effet, le professionnel met à la disposition du consommateur une fonctionnalité gratuite permettant d'accomplir, par voie électronique, la notification et les démarches nécessaires à la résiliation du contrat. Lorsque le consommateur notifie la résiliation du contrat, le professionnel lui confirme la réception de la notification et l'informe, sur un support durable et dans des délais raisonn […]	//www.senat.fr/amendements/2021-2022/828/Amdt_426.html
juste	c6a2d20f7ba6208c	senat	148	Adopté	LE GOUVERNEMENT	JORFDOLE000051045642	L122-26	LEGIARTI000051828610:3	60	sans visée	1	article est passible d'une amende administrative dont le mo	Amendement n° 120 I. – Après l’alinéa 6 Insérer un alinéa ainsi rédigé : « Les modalités et le contenu de cette information sont précisés par arrêté. II. – Alinéa 8 Rédiger ainsi cet alinéa : « Tout manquement aux dispositions du présent article est passible d’une amende administrative dont le montant ne peut excéder 15 000 € pour une personne physique et 75 000 € pour une personne morale. ». III. […]	Tout manquement au présent article est passible d'une amende administrative dont le montant ne peut excéder 15 000 € pour une personne physique et 75 000 € pour une personne morale.	//www.senat.fr/amendements/2024-2025/469/Amdt_148.html
juste	c6c9f48ae4f3273d	assemblee	2	Adopté	M. Razzy Hammadi	JORFDOLE000027383756	L121-34	LEGIARTI000028747663:3	60	oui	1	terdite la location ou la vente de fichiers contenant des do	I. - Supprimer les alinéas 70 à 77 et l’alinéa 129 ; II. – A l’alinéa 78, remplacer la référence « L. 121-20-2 » par la référence « L. 121-20-1 » ; III. – A l’alinéa 79, remplacer la référence « L. 121-20-3 » par la référence « L. 121-20-2 » ; IV. - Compléter l’article 5 par les alinéas suivants : « III. – La section 4 du même chapitre Ier est ainsi rédigé : « Section 4 « Régime d’opposition au dé […]	Est interdite la location ou la vente de fichiers contenant des données téléphoniques et comportant les coordonnées d'un ou plusieurs consommateurs inscrits sur la liste d'opposition au démarchage téléphonique.	
faux	c7d9329687f8c654	senat	167	Adopté	M. COINTAT	JORFDOLE000027383756	L121-91-1	LEGIARTI000028742102:0	60	non : L121-84-11	1	l est tenu d'offrir gratuitement à tous ses clients la possi	Rédiger ainsi cet article : I. – Le code de la consommation est ainsi modifié : 1° Après l'article L. 121-84-11, il est inséré un article L. 121-84-12 ainsi rédigé : « Art. L. 121-84-12. - Le fournisseur de téléphonie fixe et mobile et d'accès à internet est tenu de proposer le paiement par chèque et un mode de paiement en espèces dans les conditions prévues par le code monétaire et financier. Il  […]	Le fournisseur d'électricité et de gaz naturel est tenu d'offrir gratuitement à tous ses clients la possibilité de payer ses factures par mandat compte.	//www.senat.fr/amendements/2013-2014/283/Amdt_167.html
juste	c7e7fe9bf17412c4	senat	174	Adopté	M. GONTARD	JORFDOLE000038746653	L120-2	LEGIARTI000041557387:3	60	sans visée	1	ns ce cas, le consommateur est responsable de l'hygiène et d	Après l'article 5 Insérer un article additionnel ainsi rédigé : Le titre II du livre I er du code de la consommation est ainsi modifié : 1° À l’intitulé, les mots : « interdites et pratiques commerciales règlementées » sont supprimés ; 2° Il est jouté un chapitre ainsi rédigé : « Chapitre ... « Pratiques commerciales encouragées « Section ... « Vente de produits non pré‑emballés « Art. L. …. ‑ Dan […]	Dans ce cas, le consommateur est responsable de l'hygiène et de l'aptitude du contenant.	//www.senat.fr/amendements/2018-2019/728/Amdt_174.html
juste	c7ee4f754dcb817d	senat	167	Adopté	M. SCHOSTECK	JORFDOLE000017760141	L331-3	LEGIARTI000006292631:5	60	oui	1	l'information des établissements de crédit et des comptables	Après le 3° du IV de cet article, insérer un 3° bis ainsi rédigé : 3° bis - Le sixième alinéa de l'article L. 331-3 du code de la consommation est complété par la phrase suivante : « L'information des établissements de crédit et des comptables du Trésor peut être effectuée par télécopie ou par courrier électronique dans des conditions fixées par décret. »	Après avoir été informés par la commission de l'état du passif déclaré par le débiteur, les créanciers disposent d'un délai de trente jours pour fournir, en cas de désaccord sur cet état, les justifications de leurs créances en principal, intérêts et accessoires. A défaut, la créance est prise en compte par la commission au vu des seuls éléments fournis par le débiteur. L'information des établisse […]	//www.senat.fr/amendements/2002-2003/398/Amdt_167.html
juste	c80e558c4b2f3e0c	senat	426	Adopté	M. LEMOYNE	JORFDOLE000046027237	L215-1-1	LEGIARTI000046190107:0	60	sans visée	1	nclu par un autre moyen et que le professionnel, au jour de	I. – Alinéas 1 à 6 Remplacer ces alinéas par quatorze alinéas ainsi rédigés : I. – Le code de la consommation est ainsi modifié : 1° Le chapitre V du titre I er du livre II est ainsi modifié : a) Le titre est ainsi rédigé : « Reconduction et modalités de résiliation des contrats » ; b) Après l’article L. 215‑1, il est inséré un article L. 215‑1‑1, ainsi rédigé : « Art. L. 215‑1‑1. – Lorsqu’un cont […]	Lorsqu'un contrat a été conclu par voie électronique ou a été conclu par un autre moyen et que le professionnel, au jour de la résiliation par le consommateur, offre au consommateur la possibilité de conclure des contrats par voie électronique, la résiliation est rendue possible selon cette modalité.	//www.senat.fr/amendements/2021-2022/828/Amdt_426.html
juste	c9041386edb78802	senat	669 rect. bis	Adopté	M. LABBÉ	JORFDOLE000038746653	L441-3	LEGIARTI000041556395:2	60	sans visée	1	la réparabilité du produit est considérée comme une des cara	Après l'article 4 ter Insérer un article additionnel ainsi rédigé : Après l’article L. 213‑4‑1 du code de la consommation, il est inséré un article L. 213‑4‑1‑… ainsi rédigé : « Art. L. 213‑4‑1‑…. – Toute technique, y compris logicielle, par laquelle un metteur sur le marché vise à rendre impossible la réparation ou le reconditionnement d’un appareil hors de ses circuits agréés est interdite. « La […]	La réparabilité du produit est considérée comme une des caractéristiques essentielles du bien ou du service tel que défini aux articles L. 111-1 à L. 111-7 du présent code.	//www.senat.fr/amendements/2018-2019/728/Amdt_669.html
juste	caffe3c05608e668	senat	4	Adopté	M. Martial BOURQUIN	JORFDOLE000032669047	L224-99	LEGIARTI000034072650:1	60	oui	1	l'exercice du droit de rétractation met fin aux obligations	Après l'article 3 Insérer un article additionnel ainsi rédigé : I. – L’article L. 224-99 du code de la consommation est ainsi modifié : 1° Le premier alinéa est ainsi modifié : a) À la première phrase, le mot : « vingt-quatre » est remplacé par le mot : « quarante-huit » ; b) La seconde phrase est supprimée ; 2° Après le même premier alinéa, il est inséré un alinéa ainsi rédigé : « L’exercice du d […]	L'exercice du droit de rétractation met fin aux obligations des parties. Le consommateur doit alors rembourser au professionnel le prix perçu et, en contrepartie, ce dernier doit lui restituer le ou les objets achetés. A défaut de restituer le ou les objets achetés, le professionnel verse au consommateur une somme équivalente au double du prix de vente perçu pour le bien ou les objets achetés.	//www.senat.fr/amendements/2016-2017/190/Amdt_4.html
juste	cbf7793aa4c65365	senat	158	Adopté	Mme LOISIER	JORFDOLE000043701629	L412-4	LEGIARTI000044224589:4	60	sans visée	1	s modalités d'application des troisième et quatrième alinéas	I. – Alinéa 4 Remplacer cet alinéa par quatre alinéas ainsi rédigés : b) Les deuxième à avant-dernier alinéas sont ainsi rédigés : « Le consommateur est informé, au moyen de l’étiquetage, de l’origine du cacao des produits à base de cacao et de chocolat et de l’origine de la gelée royale. « Il est également informé de tous les pays d’origine des miels composant un mélange de miels en provenance de […]	Les modalités d'application des troisième et quatrième alinéas du présent article sont fixées par décret en Conseil d'Etat après que la Commission européenne a déclaré compatible avec le droit de l'Union européenne l'obligation prévue au présent article.	//www.senat.fr/amendements/2020-2021/829/Amdt_158.html
juste	cc49e80396af74ee	senat	91 rect.	Adopté	M. VERZELEN	JORFDOLE000051045642	L223-1	LEGIARTI000051830285:5	60	sans visée	1	peut avoir lieu lorsqu'elle est autorisée en application du	Alinéa 16 et 17 Remplacer ces alinéas par un alinéa ainsi rédigé : – après le mot : « téléphonique », la fin du septième alinéa est ainsi rédigée : « peut avoir lieu lorsqu'elle est autorisée en application du présent article. Toutefois, le professionnel peut solliciter le consommateur en dehors des jours, horaires et fréquence prévus par le décret si le consommateur consent explicitement à être a […]	Un décret, pris après avis du Conseil national de la consommation, détermine les jours et horaires ainsi que la fréquence auxquels la prospection commerciale par voie téléphonique peut avoir lieu lorsqu'elle est autorisée en application du présent article. Toutefois, le professionnel peut solliciter le consommateur en dehors des jours et horaires prévus par le décret si le consommateur consent exp […]	//www.senat.fr/amendements/2024-2025/469/Amdt_91.html
juste	cc890e6522c4b30e	assemblee	641	Adopté	M. Razzy Hammadi	JORFDOLE000027383756	L121-42	LEGIARTI000028744497:1	60	sans visée	1	une période qui ne peut être inférieure à douze mois à compt	I. – Après l’article L. 121‑41 du code de la consommation, la section 7 est ainsi rédigée : « Section 7 « Achats par l’intermédiaire des opérateurs de communications électroniques « Art. L. 121‑42. – L’opérateur de communications électroniques, au sens du 6° de l’article L. 32 du code des postes et des communications électroniques, exploitant un numéro à valeur ajoutée, son abonné auquel ce numéro […]	L'outil mentionné au premier alinéa permet aux consommateurs d'obtenir les informations prévues au même alinéa pendant une période qui ne peut être inférieure à douze mois à compter de la date d'achat du produit ou du service. Il est mis à la disposition des consommateurs sous la forme d'un accès unique dédié aux numéros d'appel et d'un accès unique dédié aux numéros de messages textuels.	
faux	cd62145d0c337b3c	assemblee	28	Adopté	M. Frédéric Barbier	JORFDOLE000027383756	L122-14	LEGIARTI000028748832:0	60	sans visée	1	2 encourent, outre l'amende suivant les modalités prévues à	Après l’alinéa 6, insérer les six alinéas suivants : « VII bis. – La section 9 du chapitre Ier du titre II du livre Ier du code de la consommation est ainsi modifiée : « 1° au premier alinéa de l’article L. 121‑79‑2, le montant : « 15 000 € » est remplacé par le montant : « 150 000 € » ; « 2° Au premier alinéa de l’article L. 121‑79‑3, le montant : « 30 000 € » est remplacé par le montant : « 300  […]	Les personnes morales déclarées pénalement responsables du délit prévu à l'article L. 122-12 encourent, outre l'amende suivant les modalités prévues à l'article 131-38 du code pénal, les peines prévues aux 2° à 9° de l'article 131-39 du même code. L'interdiction mentionnée au 2° du même article 131-39 porte sur l'activité dans l'exercice ou à l'occasion de l'exercice de laquelle l'infraction a été […]	
juste	cd771633f79c3eb8	senat	691	Adopté	M. Martial BOURQUIN	JORFDOLE000027383756	L121-37	LEGIARTI000028749202:0	60	oui	1	le l. 121-36 sont réalisées par voie d'écrit et donnent lieu	Alinéas 8 à 11 Remplacer ces alinéas par six alinéas ainsi rédigés : I bis. – Les articles L. 121-36 et L. 121-37 du code de la consommation sont ainsi rédigés : « Art. L. 121-36. - Les pratiques commerciales, mises en œuvre par les professionnels sous la forme d'opérations promotionnelles, tendant à faire naître l'espérance d'un gain attribué à chacun des participants, quelles que soient les moda […]	Lorsque les opérations mentionnées à l'article L. 121-36 sont réalisées par voie d'écrit et donnent lieu à un tirage au sort, quelles qu'en soient les modalités, le bulletin de participation à ces opérations doit être distinct de tout bon de commande de bien ou de service. Les documents présentant l'opération publicitaire ne doivent pas être de nature à susciter la confusion avec un document admin […]	//www.senat.fr/amendements/2012-2013/810/Amdt_691.html
juste	cef4315216d020ff	senat	616	Adopté	LE GOUVERNEMENT	JORFDOLE000027383756	L215-2-4	LEGIARTI000028748390:0	60	oui	2	es agents mentionnés à l'article l. 215-1 sont habilités à r	A. - Alinéa 18 Remplacer cet alinéa par deux alinéas ainsi rédigés : IV - L’article L. 215-2-4 du code de la consommation est ainsi rédigé : « Art. L. 215-2-4. - Les agents mentionnés à l'article L. 215-1 sont habilités à rechercher et à constater, dans les conditions prévues au présent livre, les infractions aux dispositions du chapitre VII du titre V du livre V du code de l'environnement lorsqu' […]	Les agents mentionnés à l'article L. 215-1 sont habilités à rechercher et à constater, dans les conditions prévues au présent livre, les infractions aux dispositions du chapitre VII du titre V du livre V du code de l'environnement lorsqu'elles concernent des produits destinés aux consommateurs.	//www.senat.fr/amendements/2012-2013/810/Amdt_616.html
juste	cf17ac8249ea6c9a	senat	147	Adopté	M. KERN	JORFDOLE000043701629	L121-4	LEGIARTI000044224578:27	60	sans visée	1	24° de faire figurer un drapeau français, une carte de franc	Compléter cet article par deux paragraphes ainsi rédigés : …. – L’article L. 121‑4 du code de la consommation est complété par deux alinéas ainsi rédigés : « 24° De faire figurer un drapeau français, une carte de France ou tout symbole représentatif de la France sur les emballages alimentaires lorsque les ingrédients primaires définis par le règlement (UE) n° 1169/2011 du Parlement européen et du  […]	24° De faire figurer un drapeau français, une carte de France ou tout symbole représentatif de la France sur les emballages alimentaires lorsque les ingrédients primaires définis par le règlement (UE) n° 1169/2011 du Parlement européen et du Conseil du 25 octobre 2011 concernant l'information des consommateurs sur les denrées alimentaires, modifiant les règlements (CE) n° 1924/2006 et (CE) n° 1925 […]	//www.senat.fr/amendements/2020-2021/829/Amdt_147.html
juste	cf2a0c3241fb3ffd	senat	701	Adopté	LE GOUVERNEMENT	JORFDOLE000027383756	L111-5	LEGIARTI000028744682:0	60	sans visée	1	ns préjudice des obligations d'information prévues à l'artic	Amendement n° 60 rectifié bis Alinéa 3 Remplacer cet alinéa par deux alinéas ainsi rédigés : Le chapitre I er du titre I er du livre I er du code de la consommation est complété par un article L. 111‑… ainsi rédigé : « Art. L. 111-… - Sans préjudice des obligations d’information prévues à l’article 19 de la loi n° 2004‑575 du 21 juin 2004 pour la confiance dans l’économie numérique, toute personne […]	Sans préjudice des obligations d'information prévues à l'article 19 de la loi n° 2004-575 du 21 juin 2004 pour la confiance dans l'économie numérique, toute personne dont l'activité consiste en la fourniture d'informations en ligne permettant la comparaison des prix et des caractéristiques de biens et de services proposés par des professionnels est tenue d'apporter une information loyale, claire e […]	//www.senat.fr/amendements/2012-2013/810/Amdt_701.html
juste	d01b5e22c09c9c66	assemblee	641	Adopté	M. Razzy Hammadi	JORFDOLE000027383756	L121-42	LEGIARTI000028744497:0	60	sans visée	1	eur de communications électroniques, au sens du 6° de l'arti	I. – Après l’article L. 121‑41 du code de la consommation, la section 7 est ainsi rédigée : « Section 7 « Achats par l’intermédiaire des opérateurs de communications électroniques « Art. L. 121‑42. – L’opérateur de communications électroniques, au sens du 6° de l’article L. 32 du code des postes et des communications électroniques, exploitant un numéro à valeur ajoutée, son abonné auquel ce numéro […]	L'opérateur de communications électroniques, au sens du 6° de l'article L. 32 du code des postes et des communications électroniques, exploitant un numéro à valeur ajoutée, son abonné auquel ce numéro est affecté et, s'il est différent, le fournisseur du produit ou du service à valeur ajoutée mettent gratuitement à la disposition des consommateurs un outil accessible en ligne permettant d'identifi […]	
juste	d0aedecfc01116ae	assemblee	305	Adopté	M. Philippe Kemel	JORFDOLE000026795365	L332-5-2	LEGIARTI000027762004:0	60	sans visée	1	le rétablissement personnel sans liquidation judiciaire emp	Après l'alinéa 12, insérer les treize alinéas suivants : « 5° L'avant-dernier alinéa de l’article L. 330‑1 est ainsi rédigé : « À l’occasion des recours exercés devant lui en application des articles L. 331‑4, L. 331‑7 et L. 332‑2, le juge du tribunal d’instance peut avec l’accord du débiteur, décider l’ouverture d’une procédure de rétablissement personnel avec liquidation judiciaire. Lorsqu’il st […]	Lorsque le juge d'instance statue en application de l'avant-dernier alinéa de l'article L. 330-1, le rétablissement personnel sans liquidation judiciaire emporte les mêmes effets que ceux mentionnés à l'article L. 332-5.	
juste	d1616a68b238d740	senat	117	Adopté	M. HYEST	JORFDOLE000017760141	L333-4	LEGIARTI000006292595:2	60	oui	1	ou lorsque le débiteur a bénéficié de l'effacement des dette	Rédiger comme suit le dernier alinéa (XV) de cet article : XV. - La seconde phrase du troisième alinéa de l'article L. 333-4 est complétée par les mots : « ou lorsque le débiteur a bénéficié de l'effacement des dettes résultant de la procédure de rétablissement personnel en application de l'article L. 332-8 » et dans les quatrième et cinquième alinéas du même article, le nombre : « huit » est remp […]	Dès que la commission instituée à l'article L. 331-1 est saisie par un débiteur en application du premier alinéa de l'article L. 331-3, elle en informe la Banque de France aux fins d'inscription au fichier institué au premier alinéa du présent article. La même obligation pèse sur le greffe du juge de l'exécution lorsque, sur recours de l'intéressé en application du deuxième alinéa de l'article L.  […]	//www.senat.fr/amendements/2002-2003/398/Amdt_117.html
juste	d32bcdb8521e3de6	senat	152 rect. bis	Adopté	Mme LIENEMANN	JORFDOLE000026795365	L331-3-1	LEGIARTI000027783213:3	60	sans visée	2	le déblocage des allocations de logement s'effectue dans les	I. – Alinéas 7 et 8 Remplacer ces alinéas par trois alinéas ainsi rédigés : - la première phrase est complétée par les mots : « et aux allocations de logement » ; - la seconde phrase est ainsi rédigée : « Le déblocage des allocations de logement s’effectue dans les conditions prévues aux articles L. 542‑7‑1 et L. 831‑8 du code de la sécurité sociale. » ; II. – Alinéa 10 1° Première phrase Remplace […]	La décision déclarant la recevabilité de la demande emporte rétablissement des droits à l'aide personnalisée au logement et aux allocations de logement. Le déblocage des allocations de logement s'effectue dans les conditions prévues aux articles L. 542-7-1 et L. 831-8 du code de la sécurité sociale.	//www.senat.fr/amendements/2012-2013/423/Amdt_152.html
faux	d43da337e2385a17	senat	101	Adopté	Mme LÉTARD	JORFDOLE000027383756	L121-91-1	LEGIARTI000028742102:0	60	non : L121-84-11	1	l est tenu d'offrir gratuitement à tous ses clients la possi	Rédiger ainsi cet article : I. – Le code de la consommation est ainsi modifié : 1° Après l'article L. 121-84-11, il est inséré un article L. 121-84-12 ainsi rédigé : « Art. L. 121-84-12. - Le fournisseur de téléphonie fixe et mobile et d'accès à internet est tenu de proposer le paiement par chèque et un mode de paiement en espèces dans les conditions prévues par le code monétaire et financier. Il  […]	Le fournisseur d'électricité et de gaz naturel est tenu d'offrir gratuitement à tous ses clients la possibilité de payer ses factures par mandat compte.	//www.senat.fr/amendements/2013-2014/283/Amdt_101.html
juste	d47f86adf7928531	assemblee	204	Adopté	Mme Laure de La Raudière	JORFDOLE000027383756	L111-3	LEGIARTI000028747406:2	60	sans visée	1	un décret précise les modalités et conditions d'application	Après l’alinéa 13, insérer l’alinéa suivant : « Un décret précise les modalités et conditions d’application du présent article. ».	Un décret précise les modalités et conditions d'application du présent article.	
juste	d4f3e893e6dc4822	senat	229 rect.	Adopté	LE GOUVERNEMENT	JORFDOLE000021369332	L121-35	LEGIARTI000024039771:0	60	oui	1	dès lors que la pratique en cause revêt un caractère déloyal	Après l'article 26, insérer un article additionnel ainsi rédigé : Le code de la consommation est ainsi modifié : 1° Les 1°, 4° et 5° de l'article L. 115-30 sont abrogés ; 2° Le dernier alinéa de l'article L. 121-8 est supprimé ; 3° Le premier alinéa de l'article L. 121-35 est complété par les mots : « dès lors que la pratique en cause revêt un caractère déloyal au sens de l'article L. 120-1 » ; 4° […]	Est interdite toute vente ou offre de vente de produits ou de biens ou toute prestation ou offre de prestation de services faite aux consommateurs et donnant droit, à titre gratuit, immédiatement ou à terme, à une prime consistant en produits, biens ou services sauf s'ils sont identiques à ceux qui font l'objet de la vente ou de la prestation dès lors que la pratique en cause revêt un caractère dé […]	//www.senat.fr/amendements/2010-2011/21/Amdt_229.html
juste	d5151abab5d34f1c	assemblee	30	Adopté	M. Jean-Louis Bricout	JORFDOLE000027383756	L121-111	LEGIARTI000028741268:3	60	sans visée	2	mmes versées par le consommateur au titre d'un dépôt de gara	I. – Après l’alinéa 35, insérer les vingt-cinq alinéas suivants : « Section 17 « Contrats relatifs au gaz de pétrole liquéfié « Art. L. 121‑105. – Les dispositions de la présente section s’appliquent aux contrats souscrits par un consommateur ayant pour objet la fourniture de gaz de pétrole liquéfié en vrac, la mise à disposition ou la vente de matériels de stockage de gaz de pétrole liquéfié en v […]	En cas de transaction portant sur la propriété immobilière où la citerne est installée, le professionnel ne peut subordonner la restitution des sommes versées par le consommateur au titre d'un dépôt de garantie à la souscription d'un contrat par le nouveau propriétaire.	
juste	d6311c1404142ced	senat	661 rect.	Adopté	LE GOUVERNEMENT	JORFDOLE000027383756	L218-1	LEGIARTI000028748371:3	60	oui	2	les agents peuvent exiger la communication et obtenir ou pre	Après l’article 37 Insérer un article additionnel ainsi rédigé : L'article L. 218-1 du code de la consommation est ainsi modifié : 1° Au premier alinéa, les mots : « , en présence de l’occupant des lieux ou de son représentant, » et les mots : « auprès du professionnel, qui est tenu de les fournir, » sont supprimés ; 2° Il est ajouté trois alinéas ainsi rédigés : « Les agents peuvent exiger la com […]	Les agents peuvent exiger la communication et obtenir ou prendre copie par tout moyen et sur tout support des documents de toute nature, entre quelques mains qu'ils se trouvent, propres à faciliter l'accomplissement de leur mission et la mise à leur disposition des moyens indispensables pour effectuer leurs vérifications.	//www.senat.fr/amendements/2012-2013/810/Amdt_661.html
juste	d6dcf157a8532a1f	senat	87	Adopté	LE GOUVERNEMENT	JORFDOLE000029134377	L121-21	LEGIARTI000029947703:3	60	sans visée	1	xercer son droit de rétractation à compter de la conclusion	Après l’alinéa 5 Insérer deux alinéas ainsi rédigés : …) Le 2° de l’article L. 121‑21 est complété par une phrase ainsi rédigée : « Toutefois, le consommateur doit être en mesure d’exercer son droit de rétractation à compter de la conclusion du contrat. » ;	2° De la réception du bien par le consommateur ou un tiers, autre que le transporteur, désigné par lui, pour les contrats de vente de biens et les contrats de prestation de services incluant la livraison de biens. Le consommateur peut exercer son droit de rétractation à compter de la conclusion du contrat.	//www.senat.fr/amendements/2014-2015/60/Amdt_87.html
juste	d71684ba077a0886	senat	105	Adopté	M. HYEST	JORFDOLE000017760141	L332-9	LEGIARTI000006292580:0	60	oui	1	que l'actif réalisé est suffisant pour désintéresser les cré	Rédiger comme suit le texte proposé par le V de cet article pour insérer un article L. 332-9 dans le code de la consommation : « Art. L. 332-9 - Lorsque l'actif réalisé est suffisant pour désintéresser les créanciers, le juge prononce la clôture de la procédure. Lorsque l'actif réalisé est insuffisant pour désintéresser les créanciers ou lorsque le débiteur ne possède rien d'autre que des biens me […]	Lorsque l'actif réalisé est suffisant pour désintéresser les créanciers, le juge prononce la clôture de la procédure. Lorsque l'actif réalisé est insuffisant pour désintéresser les créanciers ou lorsque le débiteur ne possède rien d'autre que des biens meublants nécessaires à la vie courante et des biens non professionnels indispensables à l'exercice de son activité professionnelle, le juge pronon […]	//www.senat.fr/amendements/2002-2003/398/Amdt_105.html
douteux	d7f72008c1ae7885	senat	23 rect. bis	Adopté	M. REICHARDT	JORFDOLE000051045642	L223-1	LEGIARTI000051830285:3	60	sans visée	1	l'interdiction prévue au premier alinéa n'est pas applicable	Alinéa 14 Rédiger ainsi cet alinéa : « L’interdiction prévue au premier alinéa n’est pas applicable lorsque la personne appelée est un client. Dans ce cas, le professionnel peut le démarcher par téléphone pour lui proposer tout produit ou service qu’il commercialise, sans préjudice du droit d’opposition du client à la conservation et l’utilisation de ses données à caractère personnel. » ;	L'interdiction prévue au premier alinéa n'est pas applicable lorsque la sollicitation intervient dans le cadre de l'exécution d'un contrat en cours et a un rapport avec l'objet de ce contrat, y compris lorsqu'il s'agit de proposer au consommateur des produits ou des services afférents ou complémentaires à l'objet du contrat en cours ou de nature à améliorer ses performances ou sa qualité.	//www.senat.fr/amendements/2024-2025/469/Amdt_23.html
juste	da73468a794a2e94	assemblee	539	Adopté	M. Razzy Hammadi	JORFDOLE000027383756	L121-34	LEGIARTI000028747663:0	60	sans visée	1	onsommateur qui ne souhaite pas faire l'objet de prospection	Compléter cet article par les douze alinéas suivants : « III. – La section 4 du même chapitre Ier est ainsi rédigée : « Section 4 « Régime d’opposition au démarchage téléphonique « Art. L. 121‑34. – Le consommateur qui ne souhaite pas faire l’objet de prospection commerciale par voie téléphonique peut gratuitement s’inscrire sur une liste d’opposition au démarchage téléphonique. « Il est interdit  […]	Le consommateur qui ne souhaite pas faire l'objet de prospection commerciale par voie téléphonique peut gratuitement s'inscrire sur une liste d'opposition au démarchage téléphonique.	
juste	dabf6c1d5847e2a3	assemblee	2	Adopté	M. Razzy Hammadi	JORFDOLE000027383756	L121-34	LEGIARTI000028747663:5	60	oui	1	at, pris après avis de la commission nationale de l'informat	I. - Supprimer les alinéas 70 à 77 et l’alinéa 129 ; II. – A l’alinéa 78, remplacer la référence « L. 121-20-2 » par la référence « L. 121-20-1 » ; III. – A l’alinéa 79, remplacer la référence « L. 121-20-3 » par la référence « L. 121-20-2 » ; IV. - Compléter l’article 5 par les alinéas suivants : « III. – La section 4 du même chapitre Ier est ainsi rédigé : « Section 4 « Régime d’opposition au dé […]	Un décret en Conseil d'Etat, pris après avis de la Commission nationale de l'informatique et des libertés, détermine les modalités de fonctionnement du mécanisme d'opposition au démarchage téléphonique, les conditions dans lesquelles les entreprises ont accès à une version actualisée de la liste et les modalités du contrôle de l'Etat sur l'organisme gestionnaire.	
juste	db75b61d020deeb3	senat	426	Adopté	M. LEMOYNE	JORFDOLE000046027237	L215-1-1	LEGIARTI000046190107:2	60	sans visée	1	es modalités techniques de nature à garantir une identificat	I. – Alinéas 1 à 6 Remplacer ces alinéas par quatorze alinéas ainsi rédigés : I. – Le code de la consommation est ainsi modifié : 1° Le chapitre V du titre I er du livre II est ainsi modifié : a) Le titre est ainsi rédigé : « Reconduction et modalités de résiliation des contrats » ; b) Après l’article L. 215‑1, il est inséré un article L. 215‑1‑1, ainsi rédigé : « Art. L. 215‑1‑1. – Lorsqu’un cont […]	Un décret fixe notamment les modalités techniques de nature à garantir une identification du consommateur et un accès facile, direct et permanent à la fonctionnalité mentionnée au deuxième alinéa, telles que ses modalités de présentation et d'utilisation. Il détermine les informations devant être fournies par le consommateur.	//www.senat.fr/amendements/2021-2022/828/Amdt_426.html
juste	dd07c689b6d3c460	senat	409 rect.	Adopté	LE GOUVERNEMENT	JORFDOLE000017760141	L332-5	LEGIARTI000006292676:0	60	sans visée	1	casion des recours exercés devant le juge de l'exécution pou	Avant le quatrième alinéa du V de cet article, insérer deux alinéas ainsi rédigés : « Art. L. … - A l'occasion des recours exercés devant le juge de l'exécution pour contester les décisions de la commission en matière d'orientation du dossier ou en application des articles L. 331‑4 et L. 332‑2, celui‑ci peut, avec l'accord du débiteur, décider l'ouverture d'une procédure de rétablissement personne […]	A l'occasion des recours exercés devant le juge de l'exécution pour contester les décisions de la commission en matière d'orientation du dossier ou en application des articles L. 331-4 et L. 332-2, celui-ci peut, avec l'accord du débiteur, décider l'ouverture d'une procédure de rétablissement personnel.	//www.senat.fr/amendements/2002-2003/398/Amdt_409.html
juste	dd7c5402ab946361	senat	660	Adopté	LE GOUVERNEMENT	JORFDOLE000027383756	L218-4	LEGIARTI000028748407:1	60	sans visée	1	utefois, lorsque l'opérateur apporte la preuve qu'une partie	Rédiger ainsi cet article : L’article L. 218‑4 du code de la consommation est ainsi rédigé : « Art. L. 218‑4. – S’il est établi que des produits ne sont pas conformes à la réglementation en vigueur ou présentent ou sont susceptibles de présenter, compte tenu de leurs conditions communes de production ou de commercialisation, un danger pour la santé publique ou la sécurité des consommateurs, le pré […]	Toutefois, lorsque l'opérateur apporte la preuve qu'une partie des produits est conforme à la réglementation en vigueur ou ne présente pas de danger pour la santé publique ou la sécurité des consommateurs, il peut remettre ces produits sur le marché.	//www.senat.fr/amendements/2012-2013/810/Amdt_660.html
juste	de1ae51fbd67dab7	senat	288	Adopté	M. YUNG	JORFDOLE000026795365	L331-3-1	LEGIARTI000027860258:5	60	oui	2	de la décision déclarant la recevabilité de la demande, le d	Après l’article 18 Insérer un article ainsi rédigé : L’article L. 331-3-1 du code de la consommation est complété par un alinéa ainsi rédigé : « À compter de la décision déclarant la recevabilité de la demande, le délai de trente jours mentionné au deuxième alinéa de l’article L. 113-3 du code des assurances, lorsqu’il est applicable, est porté à cent vingt jours pour les assurances ayant pour obj […]	A compter de la décision déclarant la recevabilité de la demande, le délai de trente jours mentionné au deuxième alinéa de l'article L. 113-3 du code des assurances, lorsqu'il est applicable, est porté à cent vingt jours pour les assurances ayant pour objet la garantie de remboursement d'un emprunt relevant du chapitre II du titre Ier du présent livre III et figurant dans l'état du passif définiti […]	//www.senat.fr/amendements/2012-2013/423/Amdt_288.html
juste	de2c17834f314aee	senat	664	Adopté	LE GOUVERNEMENT	JORFDOLE000027383756	L121-35	LEGIARTI000028747839:1	60	oui	1	cas où ces primes sont constituées d'objets distribués dans	Après l'article 13 Insérer un article additionnel ainsi rédigé : L’article L. 121-35 du code de la consommation est ainsi rédigé : « Art. L. 121-35 - Est interdite toute vente ou offre de vente de produits ou de biens ou toute prestation ou offre de prestation de services faite aux consommateurs et donnant droit, à titre gratuit, immédiatement ou à terme, à une prime consistant en produits, biens  […]	Dans le cas où ces primes sont constituées d'objets distribués dans le but de satisfaire à des exigences environnementales, ils doivent être entièrement recyclables, qu'il s'agisse de carton recyclable ignifugé ou d'encres alimentaires.	//www.senat.fr/amendements/2012-2013/810/Amdt_664.html
juste	ded78f4e5b8aecd3	senat	2198	Adopté	LE GOUVERNEMENT	JORFDOLE000043113774	L121-2	LEGIARTI000043974654:4	60	sans visée	1	origine france ou de toute mention, signe ou symbole équiva	"Rédiger ainsi cet article : Au b du 2° de l’article L. 121‑2 du code de la consommation, après les mots : « son origine », sont insérés les mots : « notamment, au regard des règles justifiant l’apposition de la mention ""fabriqué en France"", ""origine France"" ou de toute mention, signe ou symbole équivalent, au sens du code européen des douanes sur l’origine non préférentielle des produits »."	b) Les caractéristiques essentielles du bien ou du service, à savoir : ses qualités substantielles, sa composition, ses accessoires, son origine, notamment au regard des règles justifiant l'apposition des mentions “ fabriqué en France ” ou “ origine France ” ou de toute mention, signe ou symbole équivalent, au sens du code des douanes de l'Union sur l'origine non préférentielle des produits, sa qu […]	//www.senat.fr/amendements/2020-2021/667/Amdt_2198.html
juste	dfc9b213f466d306	senat	95 rect.	Adopté	M. VERZELEN	JORFDOLE000051045642	L121-11	LEGIARTI000051830271:2	60	oui, par renumérotation	1	ou au consentement au démarchage téléphonique mentionné au c	Après l'alinéa 5 Insérer cinq alinéas ainsi rédigés : .... – Le livre I er est ainsi modifié : 1° Au troisième alinéa de l’article L. 121-11, après le mot : « vendu », sont insérés les mots : « ou au consentement au démarchage téléphonique mentionné au chapitre III du titre II du livre II » ; 2° Après l’article L. 132-14, il est inséré un article L. 132-14-1 ainsi rédigé : « Art. L. 132-14-1 . – L […]	Est également interdit le fait de subordonner la vente d'un bien ou la fourniture d'un service à la conclusion d'un contrat d'assurance accessoire au bien ou au service vendu ou au consentement au démarchage téléphonique mentionné au chapitre III du titre II du livre II, sans permettre au consommateur d'acheter le bien ou d'obtenir la fourniture du service séparément.	//www.senat.fr/amendements/2024-2025/469/Amdt_95.html
juste	e04f96176fbad0ad	senat	112	Adopté	M. MARINI	JORFDOLE000017760197	L311-4	LEGIARTI000006292383:1	60	oui	1	iser l'identité du prêteur, la nature, l'objet et la durée d	Après l'article 59, insérer un article additionnel ainsi rédigé : Le code de la consommation est ainsi modifié : I. - L'article L. 311-4 est ainsi rédigé : « Art. L. 311-4 . – Toute publicité faite, reçue ou perçue en France qui, quel que soit son support, porte sur l'une des opérations de crédit à la consommation visées à l'article L. 311-2, est loyale et informative. Son contenu doit : « 1º Préc […]	1° Préciser l'identité du prêteur, la nature, l'objet et la durée de l'opération proposée ainsi que le coût total et, s'il y a lieu, le taux effectif global annuel du crédit, à l'exclusion de tout autre taux, ainsi que les perceptions forfaitaires ;	//www.senat.fr/amendements/2002-2003/166/Amdt_112.html
juste	e18396134b23ddc2	senat	409 rect.	Adopté	LE GOUVERNEMENT	JORFDOLE000017760141	L332-5	LEGIARTI000006292676:1	60	sans visée	1	i, au terme d'un délai de neuf mois à compter du dépôt du do	Avant le quatrième alinéa du V de cet article, insérer deux alinéas ainsi rédigés : « Art. L. … - A l'occasion des recours exercés devant le juge de l'exécution pour contester les décisions de la commission en matière d'orientation du dossier ou en application des articles L. 331‑4 et L. 332‑2, celui‑ci peut, avec l'accord du débiteur, décider l'ouverture d'une procédure de rétablissement personne […]	Si, au terme d'un délai de neuf mois à compter du dépôt du dossier, la commission n'a pas décidé de son orientation, le débiteur peut saisir le juge aux fins d'ouverture d'une procédure de rétablissement personnel. Au cours des trois mois suivant la date d'expiration du délai visé au premier alinéa de l'article L. 331-3, le taux d'intérêt applicable à tous les emprunts en cours contractés par le d […]	//www.senat.fr/amendements/2002-2003/398/Amdt_409.html
juste	e1a98d82ba1908ec	assemblee	2	Adopté	M. Razzy Hammadi	JORFDOLE000027383756	L121-34-1	LEGIARTI000028742042:0	60	oui	1	t manquement à l'article l. 121-34 est passible d'une amende	I. - Supprimer les alinéas 70 à 77 et l’alinéa 129 ; II. – A l’alinéa 78, remplacer la référence « L. 121-20-2 » par la référence « L. 121-20-1 » ; III. – A l’alinéa 79, remplacer la référence « L. 121-20-3 » par la référence « L. 121-20-2 » ; IV. - Compléter l’article 5 par les alinéas suivants : « III. – La section 4 du même chapitre Ier est ainsi rédigé : « Section 4 « Régime d’opposition au dé […]	Tout manquement à l'article L. 121-34 est passible d'une amende administrative dont le montant ne peut excéder 15 000 € pour une personne physique et 75 000 € pour une personne morale. L'amende est prononcée dans les conditions prévues à l'article L. 141-1-2.	
juste	e21076075f018101	assemblee	30	Adopté	M. Jean-Louis Bricout	JORFDOLE000027383756	L121-111	LEGIARTI000028741268:2	60	sans visée	1	éfaut, les sommes dues par le professionnel mentionnées aux	I. – Après l’alinéa 35, insérer les vingt-cinq alinéas suivants : « Section 17 « Contrats relatifs au gaz de pétrole liquéfié « Art. L. 121‑105. – Les dispositions de la présente section s’appliquent aux contrats souscrits par un consommateur ayant pour objet la fourniture de gaz de pétrole liquéfié en vrac, la mise à disposition ou la vente de matériels de stockage de gaz de pétrole liquéfié en v […]	A défaut, les sommes dues par le professionnel mentionnées aux deux premiers alinéas sont de plein droit majorées de moitié.	
faux	e2662634f0250004	assemblee	475	Adopté	M. François Brottes	JORFDOLE000027383756	L218-1	LEGIARTI000028748371:4	60	sans visée	2	par tout traitement approprié dans des documents directement	Le III de l’article 44 de la loi n° 78‑17 du 6 janvier 1978 relative à l’informatique, aux fichiers et aux libertés est ainsi modifié : 1° Après le troisième alinéa, il est inséré un alinéa ainsi rédigé : « En dehors des contrôles sur place et sur convocation, ils peuvent procéder à toute constatation utile ; ils peuvent notamment, à partir d’un service de communication au public en ligne, consult […]	Pour le contrôle des opérations faisant appel à l'informatique, ils ont accès aux logiciels et aux données stockées ainsi qu'à la restitution en clair des informations propres à faciliter l'accomplissement de leurs missions. Ils peuvent en demander la transcription par tout traitement approprié dans des documents directement utilisables pour les besoins du contrôle.	
juste	e2d9408ac3136cae	assemblee	993	Adopté	LE GOUVERNEMENT	JORFDOLE000027383756	L116-1	LEGIARTI000028743109:2	60	sans visée	1	briqués, mis en vente ou destinés à être mis en vente, une i	Compléter cet article par les treize alinéas suivants : « II. - Le titre I du livre I du code de la consommation, est complété par un chapitre VI ainsi rédigé : « Chapitre VI » « Dispositions relatives à l’outre-mer « Art. L. 116‑1.- L’article L. 115‑16 est applicable dans les îles Wallis et Futuna dans la rédaction suivante : « Est puni de deux ans d’emprisonnement et d’une amende de 35 800 000 f […]	"""2° D'apposer ou de faire apparaître, par addition, retranchement ou par une altération quelconque, sur des produits, naturels ou fabriqués, mis en vente ou destinés à être mis en vente, une indication géographique définie au même article L. 721-2 en la sachant inexacte ;"	
juste	e3901588d8f56b02	assemblee	30	Adopté	M. Jean-Louis Bricout	JORFDOLE000027383756	L121-112	LEGIARTI000028741270:0	60	sans visée	1	sente section est d'ordre public. elle est applicable aux co	I. – Après l’alinéa 35, insérer les vingt-cinq alinéas suivants : « Section 17 « Contrats relatifs au gaz de pétrole liquéfié « Art. L. 121‑105. – Les dispositions de la présente section s’appliquent aux contrats souscrits par un consommateur ayant pour objet la fourniture de gaz de pétrole liquéfié en vrac, la mise à disposition ou la vente de matériels de stockage de gaz de pétrole liquéfié en v […]	La présente section est d'ordre public. Elle est applicable aux consommateurs et aux non-professionnels.	
juste	e3e2de8d4a8e27a1	assemblee	41	Adopté	M. Frédéric Barbier	JORFDOLE000027383756	L121-42	LEGIARTI000028744497:0	60	sans visée	1	service accessible à ce numéro d'appel ou de message textue	À l’alinéa 4, substituer à la seconde occurrence du mot : « service » les mots : « produit ou service accessible à ce numéro d’appel ou de message textuel, la description sommaire du produit ou service ».	L'opérateur de communications électroniques, au sens du 6° de l'article L. 32 du code des postes et des communications électroniques, exploitant un numéro à valeur ajoutée, son abonné auquel ce numéro est affecté et, s'il est différent, le fournisseur du produit ou du service à valeur ajoutée mettent gratuitement à la disposition des consommateurs un outil accessible en ligne permettant d'identifi […]	
juste	e4f4c023e0bfaca9	senat	96 rect.	Adopté	M. VERZELEN	JORFDOLE000051045642	L221-16	LEGIARTI000051830288:0	60	sans visée	1	si le consommateur s'oppose à la poursuite de la communicati	Alinéa 8 Rédiger ainsi cet alinéa : aa) La seconde phrase du premier alinéa de l’article L. 221‑16 est ainsi rédigée : « Si le consommateur s’oppose à la poursuite de la communication, le professionnel met fin sans délai à l’appel et s’abstient de le contacter à nouveau. »	Sans préjudice des dispositions de l'article L. 221-12, le professionnel qui contacte un consommateur par téléphone en vue de conclure un contrat portant sur la vente d'un bien ou sur la fourniture d'un service indique au début de la conversation, de manière claire, précise et compréhensible, son identité, le cas échéant l'identité de la personne pour le compte de laquelle il effectue cet appel et […]	//www.senat.fr/amendements/2024-2025/469/Amdt_96.html
juste	e6d36f84f6d3345c	assemblee	526	Adopté	LE GOUVERNEMENT	JORFDOLE000027383756	L312-9	LEGIARTI000028748108:5	60	sans visée	4	délai de douze mois à compter de la signature de l'offre de	Rédiger ainsi cet article : « I. – L’article L. 312‑9 du code de la consommation, dans sa rédaction issue de la loi n° 2013‑672 du 26 juillet 2013 de séparation et de régulation des activités bancaires, est ainsi modifié : « a) Au premier alinéa, les mots : « l’adhésion à » et les mots : « de groupe qu’il a souscrit » sont supprimés. « b) Au troisième alinéa, le mot : « ou » est remplacé par le si […]	Si l'offre définie à l'article L. 312-7 a été émise, le prêteur notifie à l'emprunteur sa décision d'acceptation ou de refus et lui adresse, s'il y a lieu, l'offre modifiée mentionnée à l'article L. 312-8, dans un délai de dix jours ouvrés à compter de la réception de la demande de substitution. Si l'emprunteur fait usage du droit de résiliation du contrat d'assurance dans le délai de douze mois à […]	
juste	e810433302b6c477	assemblee	30	Adopté	M. Jean-Louis Bricout	JORFDOLE000027383756	L121-107	LEGIARTI000028741260:3	60	sans visée	1	les prix des produits et services contractuels à la date d'e	I. – Après l’alinéa 35, insérer les vingt-cinq alinéas suivants : « Section 17 « Contrats relatifs au gaz de pétrole liquéfié « Art. L. 121‑105. – Les dispositions de la présente section s’appliquent aux contrats souscrits par un consommateur ayant pour objet la fourniture de gaz de pétrole liquéfié en vrac, la mise à disposition ou la vente de matériels de stockage de gaz de pétrole liquéfié en v […]	3° Les prix des produits et services contractuels à la date d'entrée en vigueur du contrat ;	
juste	e88e2f089f66496c	assemblee	993	Adopté	LE GOUVERNEMENT	JORFDOLE000027383756	L116-1	LEGIARTI000028743109:6	60	sans visée	1	e tribunal peut, en outre, ordonner l'affichage du jugement	Compléter cet article par les treize alinéas suivants : « II. - Le titre I du livre I du code de la consommation, est complété par un chapitre VI ainsi rédigé : « Chapitre VI » « Dispositions relatives à l’outre-mer « Art. L. 116‑1.- L’article L. 115‑16 est applicable dans les îles Wallis et Futuna dans la rédaction suivante : « Est puni de deux ans d’emprisonnement et d’une amende de 35 800 000 f […]	"""Le tribunal peut, en outre, ordonner l'affichage du jugement dans les lieux qu'il désigne et son insertion intégrale ou par extraits dans les journaux qu'il indique, le tout aux frais du condamné."	
juste	e8e71123ec19d098	senat	632	Adopté	LE GOUVERNEMENT	JORFDOLE000027383756	L215-3-4	LEGIARTI000028743251:1	60	sans visée	1	le contrôle de la vente de biens et de la fourniture de ser	Alinéa 11 Rédiger ainsi cet alinéa : « II. – Pour le contrôle de la vente de biens et de la fourniture de services sur internet, les agents mentionnés au I peuvent faire usage d’une identité d’emprunt. »	II.-Pour le contrôle de la vente de biens et de la fourniture de services sur internet, les agents mentionnés au I du présent article peuvent faire usage d'une identité d'emprunt.	//www.senat.fr/amendements/2012-2013/810/Amdt_632.html
faux	eaab1cd9f24102e1	assemblee	624	Adopté	M. Frédéric Barbier	JORFDOLE000027383756	L136-2	LEGIARTI000028741835:0	60	sans visée	1	ralement dans les contrats de prestation de services auxquel	Le code de la consommation est ainsi modifié : 1° Le premier alinéa de l’article L. 136‑1 est ainsi modifié : a) Après le mot : « écrit », sont insérés les mots : « , par lettre nominative ou courrier électronique dédiés » ; b) Il est complété par une phrase ainsi rédigée : « Cette information délivrée dans des termes clairs et compréhensibles fait apparaître dans un encadré apparent la date limit […]	L'article L. 136-1 est reproduit intégralement dans les contrats de prestation de services auxquels il s'applique.	
juste	eae8dc264ca12136	senat	229 rect.	Adopté	LE GOUVERNEMENT	JORFDOLE000021369332	L122-3	LEGIARTI000024039758:2	60	oui	1	rat conclu consécutivement à la mise en œuvre de la pratique	Après l'article 26, insérer un article additionnel ainsi rédigé : Le code de la consommation est ainsi modifié : 1° Les 1°, 4° et 5° de l'article L. 115-30 sont abrogés ; 2° Le dernier alinéa de l'article L. 121-8 est supprimé ; 3° Le premier alinéa de l'article L. 121-35 est complété par les mots : « dès lors que la pratique en cause revêt un caractère déloyal au sens de l'article L. 120-1 » ; 4° […]	Tout contrat conclu consécutivement à la mise en œuvre de la pratique commerciale illicite visée au premier alinéa du présent article est nul et de nul effet.	//www.senat.fr/amendements/2010-2011/21/Amdt_229.html
juste	eb81c40335e91a49	senat	430 rect.	Adopté	Mme Michèle ANDRÉ	JORFDOLE000027383756	L311-17	LEGIARTI000028748089:3	60	oui	1	utre les informations obligatoires prévues à l'article l. 31	Rédiger ainsi cet article : L’article L. 311‑17 du code de la consommation est ainsi rédigé : « Art. L. 311-17 .- Lorsque le crédit renouvelable mentionné à l’article L. 311‑16 est assorti d’un programme ouvrant droit à des avantages de toute nature, le bénéfice de ces avantages ne peut être subordonné au paiement à crédit. Dans ce cas, le prêteur ou l’intermédiaire de crédit a l’obligation de pro […]	Outre les informations obligatoires prévues à l'article L. 311-18, le contrat de crédit indique à l'emprunteur les modalités selon lesquelles cette carte offre la possibilité de payer au comptant ou à crédit et l'informe des modalités d'utilisation du crédit.	//www.senat.fr/amendements/2012-2013/810/Amdt_430.html
juste	ebe4be45c2ce3cc0	senat	95	Adopté	M. HYEST	JORFDOLE000017760141	L331-3	LEGIARTI000006292631:1	60	sans visée	1	en cas de rejet d'un avis de prélèvement postérieur à la not	Rédiger comme suit le 2° du IV de cet article 2° Le deuxième alinéa est compété par une phrase ainsi rédigée : « En cas de rejet d'un avis de prélèvement postérieur à la notification de la décision de recevabilité, les créanciers ne peuvent percevoir des frais ou commissions y afférents. »	La commission vérifie que le demandeur se trouve dans la situation définie à l'article L. 331-2. En cas de rejet d'un avis de prélèvement postérieur à la notification de la décision de recevabilité, les créanciers ne peuvent percevoir des frais ou commissions y afférents.	//www.senat.fr/amendements/2002-2003/398/Amdt_95.html
juste	ed7c4564003e20bc	senat	664	Adopté	LE GOUVERNEMENT	JORFDOLE000027383756	L121-35	LEGIARTI000028747839:2	60	oui	1	i ces objets appartiennent à la catégorie de produits et ing	Après l'article 13 Insérer un article additionnel ainsi rédigé : L’article L. 121-35 du code de la consommation est ainsi rédigé : « Art. L. 121-35 - Est interdite toute vente ou offre de vente de produits ou de biens ou toute prestation ou offre de prestation de services faite aux consommateurs et donnant droit, à titre gratuit, immédiatement ou à terme, à une prime consistant en produits, biens  […]	Si ces objets appartiennent à la catégorie de produits et ingrédients, définis à l'article L. 3511-1 du code de la santé publique, ils ne doivent comporter aucune référence, graphisme, présentation ou tout autre signe distinctif qui rappelle un produit ou un ingrédient, défini à ce même article. Dans ce cas, les avertissements sanitaires relatifs aux dangers du tabac doivent être mentionnés. Les r […]	//www.senat.fr/amendements/2012-2013/810/Amdt_664.html
faux	f0da0f00036123a5	assemblee	49	Adopté	M. Frédéric Barbier	JORFDOLE000027383756	L121-83-2	LEGIARTI000028742092:0	60	sans visée	1	rticle l. 44 du code des postes et des communications électr	Compléter cet article par les quatre alinéas suivants : « III. – L’article L. 44 du code des postes et des communications électroniques, est ainsi modifié : « 1° Après le douzième alinéa, il est inséré un alinéa ainsi rédigé : « Dans le cas d’un contrat conclu à distance, à la suite d’un démarchage téléphonique ou hors établissement, et dont le consommateur a demandé l’exécution avant la fin du dé […]	Dans le cas d'un contrat conclu à distance, à la suite d'un démarchage téléphonique ou hors établissement, et dont le consommateur a demandé l'exécution avant la fin du délai de rétractation prévu à l'article L. 121-21 et, le cas échéant, à l'article L. 121-21-1 du présent code, la demande de conservation du numéro prévue à l'article L. 44 du code des postes et des communications électroniques adr […]	
douteux	f1d7dd84e7d01289	senat	118	Adopté	Mme ESCOFFIER	JORFDOLE000020542090	L311-26	LEGIARTI000022425786:11	60	sans visée	1	nt obligatoirement, en caractères lisibles, sur la première	Compléter le E de cet article par deux alinéas ainsi rédigés : ...° Il est complété par un alinéa ainsi rédigé : « Ces informations, à l'exception de celles mentionnées au huitième alinéa, figurent obligatoirement, en caractères lisibles, sur la première page du document adressé à l'emprunteur. »	Ces informations figurent obligatoirement, en caractères lisibles, sur la première page du document adressé à l'emprunteur.	//www.senat.fr/amendements/2008-2009/448/Amdt_118.html
juste	f1e928269804e137	senat	523	Adopté	Mme BATAILLE	JORFDOLE000027383756	L121-45	LEGIARTI000028744506:0	60	sans visée	1	ostes et des communications électroniques, propose aux conso	I. – Après l’alinéa 9 Insérer trois alinéas ainsi rédigés : « Art. L. 121‑44‑1. – Tout fournisseur d’un service téléphonique au public, au sens du 7° de l’article L. 32 du code des postes et des communications électroniques, propose aux consommateurs avec lesquels il est en relation contractuelle un dispositif leur permettant de signaler, par messages textuels, les appels et messages textuels non  […]	Tout fournisseur d'un service téléphonique au public, au sens du 7° de l'article L. 32 du code des postes et des communications électroniques, propose aux consommateurs avec lesquels il est en relation contractuelle un dispositif leur permettant de signaler, par messages textuels, les appels et messages textuels non sollicités émis par des professionnels et le numéro de téléphone de leurs émetteur […]	//www.senat.fr/amendements/2012-2013/810/Amdt_523.html
juste	f272be42c3708e8c	senat	190 rect. ter	Adopté	M. VINCENT	JORFDOLE000026795365	L312-3-1	LEGIARTI000027759656:1	60	oui	1	informés des risques inhérents à un tel contrat de prêt et l	Après l’article 17 Insérer un article additionnel ainsi rédigé : La section 1 du chapitre II du titre I er du livre III du code de la consommation est complétée par un article L. 312-3-1 ainsi rédigé : « Art. L. 312-3-1 – Les emprunteurs, personnes physiques n'agissant pas pour des besoins professionnels, ne peuvent contracter de prêts libellés dans une devise étrangère à l'Union européenne rembou […]	Ils sont informés des risques inhérents à un tel contrat de prêt et les possibilités éventuelles de conversion des remboursements en monnaie nationale en cours de prêts leur sont précisées avant l'émission de l'offre de prêt.	//www.senat.fr/amendements/2012-2013/423/Amdt_190.html
juste	f528915630ace9e9	assemblee	30	Adopté	M. Jean-Louis Bricout	JORFDOLE000027383756	L121-107	LEGIARTI000028741260:0	60	sans visée	1	écrits, le consommateur n'étant engagé que par sa signature	I. – Après l’alinéa 35, insérer les vingt-cinq alinéas suivants : « Section 17 « Contrats relatifs au gaz de pétrole liquéfié « Art. L. 121‑105. – Les dispositions de la présente section s’appliquent aux contrats souscrits par un consommateur ayant pour objet la fourniture de gaz de pétrole liquéfié en vrac, la mise à disposition ou la vente de matériels de stockage de gaz de pétrole liquéfié en v […]	Les contrats mentionnés à l'article L. 121-106 sont écrits, le consommateur n'étant engagé que par sa signature. Ces contrats doivent préciser au moins les informations suivantes sous une forme claire, détaillée et aisément accessible :	
juste	f66491e0c8e5fea4	senat	A-1	Adopté	LE GOUVERNEMENT	JORFDOLE000017760141	L332-5	LEGIARTI000006292676:1	60	sans visée	1	au cours des trois mois suivant la date d'expiration du déla	(Art. L. 332-5-1 du code de la consommation) Compléter le texte proposé par le V de cet article pour insérer un article L. 332‑5‑1 dans le code de la consommation par une phrase ainsi rédigée : « Au cours des trois mois suivant la date d'expiration du délai visé au premier alinéa de l'article L. 331‑3, le taux d'intérêt applicable à tous les emprunts en cours contractés par le débiteur est le taux […]	Si, au terme d'un délai de neuf mois à compter du dépôt du dossier, la commission n'a pas décidé de son orientation, le débiteur peut saisir le juge aux fins d'ouverture d'une procédure de rétablissement personnel. Au cours des trois mois suivant la date d'expiration du délai visé au premier alinéa de l'article L. 331-3, le taux d'intérêt applicable à tous les emprunts en cours contractés par le d […]	//www.senat.fr/amendements/2002-2003/398/Amdt_A-1.html
juste	f6aabefea98d611c	assemblee	993	Adopté	LE GOUVERNEMENT	JORFDOLE000027383756	L116-1	LEGIARTI000028743109:5	60	sans visée	1	tre produit bénéficiant d'une indication géographique lorsqu	Compléter cet article par les treize alinéas suivants : « II. - Le titre I du livre I du code de la consommation, est complété par un chapitre VI ainsi rédigé : « Chapitre VI » « Dispositions relatives à l’outre-mer « Art. L. 116‑1.- L’article L. 115‑16 est applicable dans les îles Wallis et Futuna dans la rédaction suivante : « Est puni de deux ans d’emprisonnement et d’une amende de 35 800 000 f […]	"""5° De mentionner sur un produit la présence, dans sa composition, d'un autre produit bénéficiant d'une indication géographique lorsque cette mention détourne ou affaiblit la réputation de l'indication concernée."	
juste	f6f9eb2632b012e9	senat	190	Adopté	M. MERCIER	JORFDOLE000017760141	L331-3	LEGIARTI000006292631:5	60	sans visée	1	l'information des établissements de crédit et des comptables	Après le 3°du IV de cet article, insérer un alinéa ainsi rédigé : …° - Au sixième alinéa, la phrase suivante est ajoutée in fine : « L'information des établissements de crédit et des comptables du Trésor peut être effectuée par télécopie ou par courrier électronique dans des conditions fixées par décret » ;	Après avoir été informés par la commission de l'état du passif déclaré par le débiteur, les créanciers disposent d'un délai de trente jours pour fournir, en cas de désaccord sur cet état, les justifications de leurs créances en principal, intérêts et accessoires. A défaut, la créance est prise en compte par la commission au vu des seuls éléments fournis par le débiteur. L'information des établisse […]	//www.senat.fr/amendements/2002-2003/398/Amdt_190.html
juste	f96fe262402b71e5	assemblee	83	Adopté	M. Lionel Tardy	JORFDOLE000027383756	L111-1	LEGIARTI000028747416:4	60	sans visée	1	. la liste et le contenu précis de ces informations sont fix	Après le mot : « contractuelles », rédiger ainsi la fin de la l’alinéa 8 : « . La liste et le contenu précis de ces informations sont fixés par décret en Conseil d’État. ».	4° Les informations relatives à son identité, à ses coordonnées postales, téléphoniques et électroniques et à ses activités, pour autant qu'elles ne ressortent pas du contexte, ainsi que, s'il y a lieu, celles relatives aux garanties légales, aux fonctionnalités du contenu numérique et, le cas échéant, à son interopérabilité, à l'existence et aux modalités de mise en œuvre des garanties et aux aut […]	
juste	f9a3ae0c39b125ba	assemblee	653	Adopté	M. Razzy Hammadi	JORFDOLE000027383756	L423-10	LEGIARTI000028740967:0	60	sans visée	1	, le juge, après avoir statué sur la responsabilité du profe	Substituer aux alinéas 24 et 25 les trois alinéas suivants : « Art. L. 423‑4‑1. – Lorsque les consommateurs sont identifiés, le juge, après avoir statué sur la responsabilité du professionnel, peut condamner ce dernier, le cas échéant, sous astreinte prononcée au profit de l’association, à indemniser directement et individuellement, dans un délai déterminé, les consommateurs lésés, selon les modal […]	Lorsque l'identité et le nombre des consommateurs lésés sont connus et lorsque ces consommateurs ont subi un préjudice d'un même montant, d'un montant identique par prestation rendue ou d'un montant identique par référence à une période ou à une durée, le juge, après avoir statué sur la responsabilité du professionnel, peut condamner ce dernier à les indemniser directement et individuellement, dan […]	
juste	fa737515f306eda8	senat	348 rect. bis	Adopté	M. Joël BIGOT	JORFDOLE000038746653	L441-3	LEGIARTI000041556395:2	60	sans visée	1	la réparabilité du produit est considérée comme une des cara	Après l'article 4 ter Insérer un article additionnel ainsi rédigé : Après l’article L. 213‑4‑1 du code de la consommation, il est inséré un article L. 213‑4‑1‑…. ainsi rédigé : « Art. L. 213‑4‑1‑…. – Toute technique, y compris logicielle, par laquelle un metteur sur le marché vise à rendre impossible la réparation ou le reconditionnement d’un appareil hors de ses circuits agréés est interdite. « L […]	La réparabilité du produit est considérée comme une des caractéristiques essentielles du bien ou du service tel que défini aux articles L. 111-1 à L. 111-7 du présent code.	//www.senat.fr/amendements/2018-2019/728/Amdt_348.html
