verdict	cle	chambre	amendement	sort	auteur	dossier	article	segment	longueur_fenetre	vise	nb_segments_fenetre	fenetre	dispositif	segment_texte	url	verdict_bis	verdict_ter	juge	juge_bis	juge_ter	commentaire	commentaire_bis	commentaire_ter	date_jugement
juste	00699a46747a6ef3	assemblee	306	Adopté	M. Philippe Kemel	JORFDOLE000026795365	L330-1	LEGIARTI000027805308:0	60	sans visée	1	et que la valeur estimée de celle-ci à la date du dépôt du d	Le code de la consommation est ainsi modifié : I. – À la dernière phrase du premier alinéa de l’article L. 330‑1, après le mot : « principale » sont insérés les mots : « et que la valeur estimée de celle-ci à la date du dépôt du dossier de surendettement soit égale ou supérieure au montant de l’ensemble des dettes non professionnelles exigibles et à échoir ». II. – L’article L. 331‑2 est complété  […]	La situation de surendettement des personnes physiques est caractérisée par l'impossibilité manifeste pour le débiteur de bonne foi de faire face à l'ensemble de ses dettes non professionnelles exigibles et à échoir. L'impossibilité manifeste pour une personne physique de bonne foi de faire face à l'engagement qu'elle a donné de cautionner ou d'acquitter solidairement la dette d'un entrepreneur in […]										
juste	0084b47d250847f0	assemblee	198	Adopté	M. Philippe Noguès	JORFDOLE000027750379	L117-1	LEGIARTI000029324900:1	60	sans visée	1	distributeur ne possède pas l'information demandée, il est t	Compléter cet article par les sept alinéas suivants : « II. – Le titre Ier du livre Ier du même code est complété par un chapitre VII ainsi rédigé : « Chapitre VII « Transparence sur les conditions sociales de fabrication d’un produit « Art. L. 117‑1. – Le fabricant, producteur ou distributeur d’un bien commercialisé en France transmet au consommateur qui en fait la demande et qui a connaissance d […]	Lorsque le fabricant, le producteur ou le distributeur ne possède pas l'information demandée, il est tenu d'en informer le consommateur à l'origine de la demande.										
juste	01077541bf5725db	assemblee	305	Adopté	M. Philippe Kemel	JORFDOLE000026795365	L332-5-2	LEGIARTI000027762004:1	60	sans visée	1	e greffe procède à des mesures de publicité pour permettre a	Après l'alinéa 12, insérer les treize alinéas suivants : « 5° L'avant-dernier alinéa de l’article L. 330‑1 est ainsi rédigé : « À l’occasion des recours exercés devant lui en application des articles L. 331‑4, L. 331‑7 et L. 332‑2, le juge du tribunal d’instance peut avec l’accord du débiteur, décider l’ouverture d’une procédure de rétablissement personnel avec liquidation judiciaire. Lorsqu’il st […]	Le greffe procède à des mesures de publicité pour permettre aux créanciers qui n'ont pas été avisés du recours de former tierce opposition à l'encontre de ce jugement. Les créances dont les titulaires n'ont pas formé tierce opposition dans un délai de deux mois à compter de cette publicité sont éteintes.										
juste	013b7c55b09dabbb	senat	147	Adopté	M. KERN	JORFDOLE000043701629	L121-4	LEGIARTI000044224578:28	60	sans visée	1	érogation au 24° du présent article, sont exclus du disposit	Compléter cet article par deux paragraphes ainsi rédigés : …. – L’article L. 121‑4 du code de la consommation est complété par deux alinéas ainsi rédigés : « 24° De faire figurer un drapeau français, une carte de France ou tout symbole représentatif de la France sur les emballages alimentaires lorsque les ingrédients primaires définis par le règlement (UE) n° 1169/2011 du Parlement européen et du  […]	Par dérogation au 24° du présent article, sont exclus du dispositif les ingrédients primaires dont l'origine française est difficile, voire impossible à garantir, car issus de filières non productrices en France ou dont la production est manifestement insuffisante sur le territoire.	//www.senat.fr/amendements/2020-2021/829/Amdt_147.html									
juste	02ed76489cc125cd	senat	664	Adopté	LE GOUVERNEMENT	JORFDOLE000027383756	L121-35	LEGIARTI000028747839:4	60	oui	1	gles relatives aux ventes avec primes applicables aux produi	Après l'article 13 Insérer un article additionnel ainsi rédigé : L’article L. 121-35 du code de la consommation est ainsi rédigé : « Art. L. 121-35 - Est interdite toute vente ou offre de vente de produits ou de biens ou toute prestation ou offre de prestation de services faite aux consommateurs et donnant droit, à titre gratuit, immédiatement ou à terme, à une prime consistant en produits, biens  […]	Les règles relatives aux ventes avec primes applicables aux produits et services proposés pour la gestion d'un compte de dépôt sont fixées au 2 du I de l'article L. 312-1-2 du code monétaire et financier.	//www.senat.fr/amendements/2012-2013/810/Amdt_664.html									
juste	0314b798073aa6ee	senat	146 rect. ter	Adopté	LE GOUVERNEMENT	JORFDOLE000031978450	L251-1	LEGIARTI000032748706:1	60	sans visée	1	, les mots : à l'article 38 du règlement ue n° 1379/2013 du	"Après l’article 22 sexies Insérer un article additionnel ainsi rédigé : I. – L’article L. 123‑6 du code de la consommation est complété par un alinéa ainsi rédigé : « Pour l’application de l’article L. 121‑82‑3 à Saint‑Barthélemy et Saint‑Pierre‑et‑Miquelon, les mots : ""à l’article 38 du règlement UE n° 1379/2013 du Parlement européen et du Conseil du 11 décembre 2013 portant organisation commune  […]"	"Pour l'application de l'article L. 412-6 à Saint-Barthélemy et à Saint-Pierre-et-Miquelon, les mots : "" à l'article 38 du règlement UE n° 1379/2013 du Parlement européen et du Conseil du 11 décembre 2013 portant organisation commune des marchés dans le secteur des produits de pêche et de l'aquaculture, modifiant les règlements n° 1184/2006 et n° 1224/2009 du Conseil et abrogeant le règlement n° 10 […]"	//www.senat.fr/amendements/2015-2016/431/Amdt_146.html									
juste	03bfca6e25e9708d	senat	347	Adopté	M. DOSSUS	JORFDOLE000043113774	L121-24	LEGIARTI000043959521:0	60	sans visée	1	interdite toute forme de publicité ou de communication propo	Après l’article 4 Insérer un article additionnel ainsi rédigé : Le chapitre I er du titre II du livre I er du code de la consommation est complété par une section ainsi rédigée : « Section … « Remises ou réductions annulant l’effet du malus applicable aux voitures particulières les plus polluantes « Art. L. 121‑... – Est interdite toute forme de publicité ou de communication proposant une remise o […]	Est interdite toute forme de publicité ou de communication proposant une remise ou une réduction annulant ou réduisant pour le consommateur final l'effet du malus prévu à l'article 1012 ter du code général des impôts.	//www.senat.fr/amendements/2020-2021/667/Amdt_347.html									
juste	092be6032c3f37bc	assemblee	981	Adopté	LE GOUVERNEMENT	JORFDOLE000027383756	L121-82-2	LEGIARTI000028740783:2	60	oui	1	conditions dans lesquelles le titre de maître-restaurateur e	Après l’article L. 121-82 du code de la consommation, est insérée une section 10 bis ainsi rédigée : « Section 10 bis « Qualité et transparence dans l’élaboration des plats proposés dans le cadre d’une activité de restauration commerciale « Art. L. 121-82-1. - Les personnes ou entreprises qui transforment ou distribuent des produits alimentaires dans le cadre d’une activité de restauration commerc […]	Les conditions dans lesquelles le titre de maître-restaurateur est délivré par l'autorité administrative et dans lesquelles le cahier des charges est établi sont définies par décret en Conseil d'Etat.										
juste	09b02eea38eff783	senat	158	Adopté	Mme LOISIER	JORFDOLE000043701629	L412-12	LEGIARTI000044224585:0	60	sans visée	1	n de ne pas induire en erreur le consommateur quant à l'orig	I. – Alinéa 4 Remplacer cet alinéa par quatre alinéas ainsi rédigés : b) Les deuxième à avant-dernier alinéas sont ainsi rédigés : « Le consommateur est informé, au moyen de l’étiquetage, de l’origine du cacao des produits à base de cacao et de chocolat et de l’origine de la gelée royale. « Il est également informé de tous les pays d’origine des miels composant un mélange de miels en provenance de […]	Afin de ne pas induire en erreur le consommateur quant à l'origine de la bière, le consommateur est informé, au moyen d'un étiquetage mettant en évidence ces indications, du nom du brasseur et du lieu de brassage des bières.	//www.senat.fr/amendements/2020-2021/829/Amdt_158.html									
juste	0aed383db4207bb6	senat	148	Adopté	LE GOUVERNEMENT	JORFDOLE000051045642	L122-26	LEGIARTI000051828610:1	60	sans visée	1	les modalités et le contenu de cette information sont précis	Amendement n° 120 I. – Après l’alinéa 6 Insérer un alinéa ainsi rédigé : « Les modalités et le contenu de cette information sont précisés par arrêté. II. – Alinéa 8 Rédiger ainsi cet alinéa : « Tout manquement aux dispositions du présent article est passible d’une amende administrative dont le montant ne peut excéder 15 000 € pour une personne physique et 75 000 € pour une personne morale. ». III. […]	Les modalités et le contenu de cette information sont précisés par arrêté.	//www.senat.fr/amendements/2024-2025/469/Amdt_148.html									
faux	0be5157a268064f8	senat	70 rect.	Adopté	M. SIDO	JORFDOLE000027383756	L121-42	LEGIARTI000028744497:0	60	non : L121-84-10	1	de communications électroniques, au sens du 6° de l'article	Après l’article 5 Insérer un article additionnel ainsi rédigé : Après l'article L. 121-84-10 du code de la consommation, il est inséré un article L. 121-84-10-... ainsi rédigé : « Art. L. 121-84-10-... - Est un contrat de communications électroniques pour autrui le contrat régissant la fourniture d'un service de communications électroniques, au sens du 6° de l'article L. 32 du code des postes et c […]	L'opérateur de communications électroniques, au sens du 6° de l'article L. 32 du code des postes et des communications électroniques, exploitant un numéro à valeur ajoutée, son abonné auquel ce numéro est affecté et, s'il est différent, le fournisseur du produit ou du service à valeur ajoutée mettent gratuitement à la disposition des consommateurs un outil accessible en ligne permettant d'identifi […]	//www.senat.fr/amendements/2012-2013/810/Amdt_70.html									
juste	0c83668679119dd8	senat	155	Adopté	M. CAFFET	JORFDOLE000026795365	L331-3-1	LEGIARTI000027783213:8	60	oui	1	jusqu'à la mise en œuvre des mesures prévues aux 1° et 2° de	I. - Alinéas 7 et 8 Remplacer ces alinéas par cinq alinéas ainsi rédigés : 2° L’article L. 331-3-1 est ainsi modifié : a) À la troisième phrase du premier alinéa, les mots : « un an » sont remplacés par les mots : « deux ans » ; b) Sont ajoutés deux alinéas ainsi rédigés : « Les créances figurant dans l’état d’endettement du débiteur dressé par la commission ne peuvent produire d’intérêts ou génér […]	Lorsqu'un protocole de cohésion sociale prévu aux articles L. 353-15-2 et L. 442-6-5 du code de la construction et de l'habitation a été conclu avec le bailleur antérieurement à la décision de recevabilité, le paiement des arriérés de loyer prévu par ledit protocole est suspendu jusqu'à la mise en œuvre des mesures prévues aux 1° et 2° de l'article L. 330-1 ou aux articles L. 331-6 à L. 331-7-2 du […]	//www.senat.fr/amendements/2012-2013/423/Amdt_155.html									
juste	0cc4998883f7a994	assemblee	539	Adopté	M. Razzy Hammadi	JORFDOLE000027383756	L121-34	LEGIARTI000028747663:7	60	sans visée	1	présent article s'applique sans préjudice des articles 38 à	Compléter cet article par les douze alinéas suivants : « III. – La section 4 du même chapitre Ier est ainsi rédigée : « Section 4 « Régime d’opposition au démarchage téléphonique « Art. L. 121‑34. – Le consommateur qui ne souhaite pas faire l’objet de prospection commerciale par voie téléphonique peut gratuitement s’inscrire sur une liste d’opposition au démarchage téléphonique. « Il est interdit  […]	Le présent article s'applique sans préjudice des articles 38 à 40 de la loi n° 78-17 du 6 janvier 1978 relative à l'informatique, aux fichiers et aux libertés.										
juste	0d4ddf24542e6a8c	senat	229 rect.	Adopté	LE GOUVERNEMENT	JORFDOLE000021369332	L122-3	LEGIARTI000024039758:3	60	oui	1	sionnel doit, en outre, restituer les sommes qu'il aurait in	Après l'article 26, insérer un article additionnel ainsi rédigé : Le code de la consommation est ainsi modifié : 1° Les 1°, 4° et 5° de l'article L. 115-30 sont abrogés ; 2° Le dernier alinéa de l'article L. 121-8 est supprimé ; 3° Le premier alinéa de l'article L. 121-35 est complété par les mots : « dès lors que la pratique en cause revêt un caractère déloyal au sens de l'article L. 120-1 » ; 4° […]	Le professionnel doit, en outre, restituer les sommes qu'il aurait indûment perçues sans engagement exprès et préalable du consommateur. Ces sommes sont productives d'intérêts au taux légal calculé à compter de la date du paiement indu et d'intérêts au taux légal majoré de moitié à compter de la demande de remboursement faite par le consommateur.	//www.senat.fr/amendements/2010-2011/21/Amdt_229.html									
juste	0eaef86dd298e010	senat	96	Adopté	M. HYEST	JORFDOLE000017760141	L331-3	LEGIARTI000006292631:3	60	sans visée	1	, informé de cette faculté par la notification de la décisio	Rédiger comme suit le 3° du IV de cet article : Dans la première phrase du quatrième alinéa, après les mots : « Le débiteur » sont insérés les mots : « , informé de cette faculté par la notification de la décision de recevabilité, ».	Le débiteur, informé de cette faculté par la notification de la décision de recevabilité, est entendu à sa demande par la commission. Celle-ci peut également entendre toute personne dont l'audition lui paraît utile, sous réserve que celle-ci intervienne à titre gratuit.	//www.senat.fr/amendements/2002-2003/398/Amdt_96.html									
juste	10ef0029af1e1dae	senat	253	Adopté	M. DESESSARD	JORFDOLE000026795365	L312-9	LEGIARTI000028748108:5	60	sans visée	2	si l'offre définie à l'article l. 312-7 a été émise, le prêt	I. – Alinéa 20, première phrase Après les mots : le prêteur peut émettre rédiger ainsi la fin de cet alinéa : une offre modifiée ou un avenant à l’offre initiale mentionnée au premier alinéa, sans que les délais mentionnés à l’article L. 312-10 ne soient prorogés ni ne courent à nouveau. II. – Alinéas 24 à 26 Rédiger ainsi ces alinéas : b) Au début du cinquième alinéa, sont insérés les mots : « Ju […]	Si l'offre définie à l'article L. 312-7 a été émise, le prêteur notifie à l'emprunteur sa décision d'acceptation ou de refus et lui adresse, s'il y a lieu, l'offre modifiée mentionnée à l'article L. 312-8, dans un délai de dix jours ouvrés à compter de la réception de la demande de substitution. Si l'emprunteur fait usage du droit de résiliation du contrat d'assurance dans le délai de douze mois à […]	//www.senat.fr/amendements/2012-2013/423/Amdt_253.html									
juste	1162da0ca2526f26	assemblee	653	Adopté	M. Razzy Hammadi	JORFDOLE000027383756	L423-10	LEGIARTI000028740967:1	60	sans visée	1	blement à son exécution par le professionnel et selon des mo	Substituer aux alinéas 24 et 25 les trois alinéas suivants : « Art. L. 423‑4‑1. – Lorsque les consommateurs sont identifiés, le juge, après avoir statué sur la responsabilité du professionnel, peut condamner ce dernier, le cas échéant, sous astreinte prononcée au profit de l’association, à indemniser directement et individuellement, dans un délai déterminé, les consommateurs lésés, selon les modal […]	Préalablement à son exécution par le professionnel et selon des modalités et dans le délai fixés par le juge, cette décision, lorsqu'elle n'est plus susceptible de recours ordinaires ni de pourvoi en cassation, fait l'objet de mesures d'information individuelle des consommateurs concernés, aux frais du professionnel, afin de leur permettre d'accepter d'être indemnisés dans les termes de la décisio […]										
faux	11989aa3fbd1dc52	senat	2255	Adopté	LE GOUVERNEMENT	JORFDOLE000043113774	L113-3	LEGIARTI000043960821:1	60	sans visée	1	s modalités d'application du présent article sont fixées par	Amendement n° 758 I. – Alinéa 1 Remplacer le nombre : 34 par le nombre : 35 II. – Après l’alinéa 2 Insérer un alinéa ainsi rédigé : 3° L’article L. 132‑6 est ainsi rédigé : III. – Alinéa 3 Remplacer la référence : L. 114‑3 par la référence : L. 132‑6 IV. – Compléter cet amendement par un alinéa et un paragraphe ainsi rédigés : « Les conditions et les modalités d’application du présent article sont […]	Les modalités d'application du présent article sont fixées par voie réglementaire, notamment pour les fruits et légumes produits sous serre, en tenant compte de l'origine des produits.	//www.senat.fr/amendements/2020-2021/667/Amdt_2255.html									
juste	11c9a84b87222072	senat	98 rect.	Adopté	M. RIETMANN	JORFDOLE000043701629	L412-4	LEGIARTI000044224589:2	60	sans visée	1	le consommateur est informé, au moyen de l'étiquetage, de l'	I. – Alinéa 4 Remplacer cet alinéa par quatre alinéas ainsi rédigés : b) Les deuxième à avant-dernier alinéas sont ainsi rédigés : « Le consommateur est informé, au moyen de l’étiquetage, de l’origine du cacao des produits à base de cacao et de chocolat et de l’origine de la gelée royale. « Il est également informé de tous les pays d’origine des miels composant un mélange de miels en provenance de […]	Le consommateur est informé, au moyen de l'étiquetage, de l'origine du cacao des produits à base de cacao ou de chocolat et de l'origine de la gelée royale.	//www.senat.fr/amendements/2020-2021/829/Amdt_98.html									
juste	12f491de2fdf56e8	assemblee	993	Adopté	LE GOUVERNEMENT	JORFDOLE000027383756	L116-1	LEGIARTI000028743109:8	60	sans visée	1	raction définie au présent article encourent, outre une amen	Compléter cet article par les treize alinéas suivants : « II. - Le titre I du livre I du code de la consommation, est complété par un chapitre VI ainsi rédigé : « Chapitre VI » « Dispositions relatives à l’outre-mer « Art. L. 116‑1.- L’article L. 115‑16 est applicable dans les îles Wallis et Futuna dans la rédaction suivante : « Est puni de deux ans d’emprisonnement et d’une amende de 35 800 000 f […]	"""Les personnes morales déclarées responsables pénalement, dans les conditions prévues à l'article 121-2 du code pénal, de l'infraction définie au présent article encourent, outre une amende suivant les modalités prévues à l'article 131-38 du même code, les peines prévues aux 2° à 9° de l'article 131-39 dudit code. L'interdiction mentionnée au 2° du même article 131-39 porte sur l'activité dans l'e […]"										
juste	13613bfecfb3c2fe	assemblee	653	Adopté	M. Razzy Hammadi	JORFDOLE000027383756	L423-10	LEGIARTI000028740967:2	60	sans visée	1	as d'inexécution par le professionnel, à l'égard des consomm	Substituer aux alinéas 24 et 25 les trois alinéas suivants : « Art. L. 423‑4‑1. – Lorsque les consommateurs sont identifiés, le juge, après avoir statué sur la responsabilité du professionnel, peut condamner ce dernier, le cas échéant, sous astreinte prononcée au profit de l’association, à indemniser directement et individuellement, dans un délai déterminé, les consommateurs lésés, selon les modal […]	En cas d'inexécution par le professionnel, à l'égard des consommateurs ayant accepté l'indemnisation, de la décision rendue dans le délai fixé, les articles L. 423-12 et L. 423-13 sont applicables et l'acceptation de l'indemnisation dans les termes de la décision vaut mandat aux fins d'indemnisation au profit de l'association.										
juste	138cb62a102f90c8	assemblee	198	Adopté	M. Philippe Noguès	JORFDOLE000027750379	L117-1	LEGIARTI000029324900:3	60	sans visée	1	la liste des conventions mentionnées au premier alinéa est p	Compléter cet article par les sept alinéas suivants : « II. – Le titre Ier du livre Ier du même code est complété par un chapitre VII ainsi rédigé : « Chapitre VII « Transparence sur les conditions sociales de fabrication d’un produit « Art. L. 117‑1. – Le fabricant, producteur ou distributeur d’un bien commercialisé en France transmet au consommateur qui en fait la demande et qui a connaissance d […]	La liste des conventions mentionnées au premier alinéa est précisée par décret.										
juste	14ec700a287b4886	assemblee	495	Adopté	Mme Catherine Vautrin	JORFDOLE000027383756	L113-8	LEGIARTI000028742316:0	60	sans visée	1	onnes physiques ou morales commercialisant des titres de tra	I. – Supprimer les alinéas 27 et 28. II. – En conséquence, après l’alinéa 34, insérer les quatre alinéas suivants : « Art. L. 113‑8. - Les transporteurs aériens et personnes physiques ou morales commercialisant des titres de transport aérien remboursent les taxes et redevances individualisées et affichées comme telles dans le prix du titre qu’ils ont vendu, dont l’exigibilité procède de l’embarque […]	Les transporteurs aériens et les personnes physiques ou morales commercialisant des titres de transport aérien remboursent les taxes et redevances individualisées et affichées comme telles dans le prix du titre qu'ils ont vendu, dont l'exigibilité procède de l'embarquement effectif du passager, lorsque le titre n'est plus valide et n'a pas donné lieu à transport. Ce remboursement intervient au plu […]										
juste	150e3d458bb380fb	senat	645 rect.	Adopté	LE GOUVERNEMENT	JORFDOLE000027383756	L213-3	LEGIARTI000028748920:5	60	sans visée	1	1° la substance falsifiée ou corrompue est nuisible à la san	Alinéa 10 Remplacer cet alinéa par cinq alinéas ainsi rédigés : IV. – Le sixième alinéa de l’article L. 213‑3 du même code est remplacé par quatre alinéas ainsi rédigés : « II. – Les peines prévues à l’article L. 213‑1 sont portées à sept ans d’emprisonnement et à 750 000 euros d’amende si : « 1° La substance falsifiée ou corrompue est nuisible à la santé de l’homme ou de l’animal ; « 2° Les délit […]	1° La substance falsifiée ou corrompue est nuisible à la santé de l'homme ou de l'animal ;	//www.senat.fr/amendements/2012-2013/810/Amdt_645.html									
faux	158698273e1fd39f	senat	649 rect.	Adopté	LE GOUVERNEMENT	JORFDOLE000027383756	L215-3-4	LEGIARTI000028743251:2	60	sans visée	1	précise les conditions dans lesquelles ils procèdent à leur	Après l’article 72 Insérer un article additionnel ainsi rédigé : Après l'article 8 de la loi n° 81-766 du 10 août 1981 relative au prix du livre, sont insérés sept articles 8-1 à 8-7 ainsi rédigés : « Art. 8-1. - Des agents relevant du ministre chargé de la culture peuvent procéder aux enquêtes nécessaires à l'application des dispositions de la présente loi. Ces agents sont désignés par le ministr […]	Un décret en Conseil d'Etat précise les conditions dans lesquelles ils procèdent à leurs constatations.	//www.senat.fr/amendements/2012-2013/810/Amdt_649.html									
juste	15a0e2af4c24b0c5	assemblee	434	Adopté	M. Dominique Potier	JORFDOLE000027383756	L311-8-1	LEGIARTI000028748057:0	60	sans visée	1	. cette proposition comporte les informations permettant au	À la fin de l’alinéa 2, substituer aux mots : « selon des modalités définies par un arrêté du ministre chargé de l’économie » les deux phrases suivantes : « . Cette proposition comporte les informations permettant au consommateur de comparer de façon claire le fonctionnement, le coût et les modalités d’amortissement des deux crédits proposés selon au moins deux hypothèses de délais de remboursemen […]	Lorsqu'un consommateur se voit proposer, sur le lieu de vente ou par un moyen de vente de biens ou de services à distance, un contrat de crédit renouvelable pour financer l'achat de biens ou de prestations de services particuliers pour un montant supérieur à un seuil fixé par décret, le prêteur ou l'intermédiaire de crédit accompagne l'offre de crédit renouvelable d'une proposition de crédit amort […]										
juste	15ca4b7de8314c88	assemblee	329	Adopté	M. Razzy Hammadi	JORFDOLE000026795365	L312-6-2	LEGIARTI000027760364:0	60	sans visée	1	à toute personne qui se voit proposer ou qui sollicite une	Après l’alinéa 16, insérer les trois alinéas suivants : « c) Il est ajouté un article L. 312‑6‑2 ainsi rédigé : « Art. L. 312‑6‑2. – Une fiche standardisée d’information est remise à toute personne qui se voit proposer ou qui sollicite une assurance ayant pour objet de garantir le remboursement d’un prêt visé à l’article L. 312‑2. Un décret en Conseil d’État fixe les modalités d’application du pré […]	Une fiche standardisée d'information est remise, lors de la première simulation, à toute personne qui se voit proposer ou qui sollicite une assurance ayant pour objet de garantir le remboursement d'un prêt mentionné à l'article L. 312-2. Un décret en Conseil d'Etat fixe les modalités d'application du présent alinéa.										
juste	1727e930ee005e9b	senat	97	Adopté	M. HYEST	JORFDOLE000017760141	L331-3	LEGIARTI000006292631:10	60	sans visée	1	le juge de l'exécution est compétent pour connaître des reco	Compléter le IV de cet article par deux alinéas ainsi rédigés : ..° Il est complété par un alinéa ainsi rédigé : « Le juge de l'exécution est compétent pour connaître des recours dirigés contre les décisions rendues par la commission en matière de recevabilité et d'orientation du dossier. »	Le juge de l'exécution est compétent pour connaître des recours dirigés contre les décisions rendues par la commission en matière de recevabilité et d'orientation du dossier.	//www.senat.fr/amendements/2002-2003/398/Amdt_97.html									
juste	1888be17bf6e1eee	assemblee	539	Adopté	M. Razzy Hammadi	JORFDOLE000027383756	L121-34	LEGIARTI000028747663:5	60	sans visée	1	tat, pris après avis de la commission nationale de l'informa	Compléter cet article par les douze alinéas suivants : « III. – La section 4 du même chapitre Ier est ainsi rédigée : « Section 4 « Régime d’opposition au démarchage téléphonique « Art. L. 121‑34. – Le consommateur qui ne souhaite pas faire l’objet de prospection commerciale par voie téléphonique peut gratuitement s’inscrire sur une liste d’opposition au démarchage téléphonique. « Il est interdit  […]	Un décret en Conseil d'Etat, pris après avis de la Commission nationale de l'informatique et des libertés, détermine les modalités de fonctionnement du mécanisme d'opposition au démarchage téléphonique, les conditions dans lesquelles les entreprises ont accès à une version actualisée de la liste et les modalités du contrôle de l'Etat sur l'organisme gestionnaire.										
juste	1930cc5117a55fd8	assemblee	28	Adopté	M. Frédéric Barbier	JORFDOLE000027383756	L121-79-4	LEGIARTI000028748861:0	60	sans visée	1	rsonnes physiques déclarées coupables de l'une des infractio	Après l’alinéa 6, insérer les six alinéas suivants : « VII bis. – La section 9 du chapitre Ier du titre II du livre Ier du code de la consommation est ainsi modifiée : « 1° au premier alinéa de l’article L. 121‑79‑2, le montant : « 15 000 € » est remplacé par le montant : « 150 000 € » ; « 2° Au premier alinéa de l’article L. 121‑79‑3, le montant : « 30 000 € » est remplacé par le montant : « 300  […]	Les personnes physiques déclarées coupables de l'une des infractions prévues aux articles L. 121-79-2 et L. 121-79-3 du présent code encourent également, à titre de peines complémentaires, l'interdiction, suivant les modalités prévues à l'article 131-27 du code pénal, soit d'exercer une fonction publique ou d'exercer l'activité professionnelle ou sociale dans l'exercice ou à l'occasion de l'exerci […]										
juste	19703eee8a3a465c	senat	2171	Adopté	LE GOUVERNEMENT	JORFDOLE000043113774	L315-14	LEGIARTI000043977199:1	60	sans visée	1	en cas de défaillance de l'emprunteur ayant opté initialemen	I. – Alinéa 2 Rédiger ainsi cet alinéa : « 4° Les prêts avance mutation définis à l’article L. 315‑2 du code de la consommation et destinés à la réalisation de travaux permettant d’améliorer la performance énergétique du logement. La garantie ne peut couvrir la totalité du prêt et des intérêts. Le décret mentionné au IV fixe notamment des conditions de ressources pour les personnes bénéficiant de  […]	En cas de défaillance de l'emprunteur ayant opté initialement pour le remboursement périodique des intérêts d'un prêt avance mutation garanti par le fonds de garantie pour la rénovation énergétique dans les conditions prévues au 4° du I de l'article L. 312-7 du code de la construction et de l'habitation, le prêteur peut proposer à l'emprunteur d'opter pour la capitalisation annuelle des intérêts f […]	//www.senat.fr/amendements/2020-2021/667/Amdt_2171.html									
juste	1a72601b318766ac	assemblee	642	Adopté	M. Razzy Hammadi	JORFDOLE000027383756	L121-47	LEGIARTI000028744552:0	60	sans visée	1	postes et des communications électroniques, propose au cons	I. – Après l’article L. 121‑41 du code de la consommation, la section 7 est ainsi rédigée : « Section 7 « Achats par l’intermédiaire des opérateurs de communications électroniques « Art. L. 121‑42. – Tout fournisseur d’un service téléphonique au public, au sens du 7° de l’article L. 32 du code des postes et des communications électroniques, propose au consommateur une option gratuite permettant de […]	Tout fournisseur d'un service téléphonique au public, au sens du 7° de l'article L. 32 du code des postes et des communications électroniques, propose au consommateur une option gratuite permettant de bloquer les communications à destination de certaines tranches de numéros à valeur ajoutée. Ces tranches de numéros sont définies par un arrêté conjoint des ministres chargés de la consommation et de […]										
juste	1c7cc130b4a57469	senat	430 rect.	Adopté	Mme Michèle ANDRÉ	JORFDOLE000027383756	L311-17	LEGIARTI000028748089:2	60	oui	1	publicité portant sur les avantages de toute nature ouverts	Rédiger ainsi cet article : L’article L. 311‑17 du code de la consommation est ainsi rédigé : « Art. L. 311-17 .- Lorsque le crédit renouvelable mentionné à l’article L. 311‑16 est assorti d’un programme ouvrant droit à des avantages de toute nature, le bénéfice de ces avantages ne peut être subordonné au paiement à crédit. Dans ce cas, le prêteur ou l’intermédiaire de crédit a l’obligation de pro […]	La publicité portant sur les avantages de toute nature ouverts par la carte mentionnée au premier alinéa du présent article indique à l'emprunteur les modalités selon lesquelles cette carte permet de payer comptant ou à crédit et l'informe des modalités d'utilisation du crédit.	//www.senat.fr/amendements/2012-2013/810/Amdt_430.html									
juste	1e2177712a77def9	assemblee	329	Adopté	M. Razzy Hammadi	JORFDOLE000026795365	L312-6-2	LEGIARTI000027760364:1	60	sans visée	1	ssibilité pour l'emprunteur de souscrire auprès de l'assureu	Après l’alinéa 16, insérer les trois alinéas suivants : « c) Il est ajouté un article L. 312‑6‑2 ainsi rédigé : « Art. L. 312‑6‑2. – Une fiche standardisée d’information est remise à toute personne qui se voit proposer ou qui sollicite une assurance ayant pour objet de garantir le remboursement d’un prêt visé à l’article L. 312‑2. Un décret en Conseil d’État fixe les modalités d’application du pré […]	La fiche standardisée d'information mentionne la possibilité pour l'emprunteur de souscrire auprès de l'assureur de son choix une assurance dans les conditions fixées à l'article L. 312-9 et précise les types de garanties proposées. Un arrêté fixe le format de cette fiche ainsi que son contenu.										
juste	1e42c80c2dc4f050	senat	105	Adopté	M. HYEST	JORFDOLE000017760141	L332-9	LEGIARTI000006292580:1	60	oui	1	clôture entraîne l'effacement de toutes les dettes non profe	Rédiger comme suit le texte proposé par le V de cet article pour insérer un article L. 332-9 dans le code de la consommation : « Art. L. 332-9 - Lorsque l'actif réalisé est suffisant pour désintéresser les créanciers, le juge prononce la clôture de la procédure. Lorsque l'actif réalisé est insuffisant pour désintéresser les créanciers ou lorsque le débiteur ne possède rien d'autre que des biens me […]	La clôture entraîne l'effacement de toutes les dettes non professionnelles du débiteur, à l'exception de celles dont le prix a été payé au lieu et place du débiteur par la caution ou le coobligé.	//www.senat.fr/amendements/2002-2003/398/Amdt_105.html									
juste	2111a072bc01c5a7	senat	155	Adopté	M. CAFFET	JORFDOLE000026795365	L331-3-1	LEGIARTI000027783213:6	60	oui	1	les créances figurant dans l'état d'endettement du débiteur	I. - Alinéas 7 et 8 Remplacer ces alinéas par cinq alinéas ainsi rédigés : 2° L’article L. 331-3-1 est ainsi modifié : a) À la troisième phrase du premier alinéa, les mots : « un an » sont remplacés par les mots : « deux ans » ; b) Sont ajoutés deux alinéas ainsi rédigés : « Les créances figurant dans l’état d’endettement du débiteur dressé par la commission ne peuvent produire d’intérêts ou génér […]	Les créances figurant dans l'état d'endettement du débiteur dressé par la commission ne peuvent produire d'intérêts ou générer de pénalités de retard à compter de la date de recevabilité et jusqu'à la mise en œuvre des mesures prévues aux 1° et 2° de l'article L. 330-1 et aux articles L. 331-6, L. 331-7, L. 331-7-1 et L. 331-7-2.	//www.senat.fr/amendements/2012-2013/423/Amdt_155.html									
juste	21ffc97ae36112df	senat	426	Adopté	M. LEMOYNE	JORFDOLE000046027237	L241-3-1	LEGIARTI000046190202:1	60	sans visée	1	ende est prononcée dans les conditions prévues au chapitre i	I. – Alinéas 1 à 6 Remplacer ces alinéas par quatorze alinéas ainsi rédigés : I. – Le code de la consommation est ainsi modifié : 1° Le chapitre V du titre I er du livre II est ainsi modifié : a) Le titre est ainsi rédigé : « Reconduction et modalités de résiliation des contrats » ; b) Après l’article L. 215‑1, il est inséré un article L. 215‑1‑1, ainsi rédigé : « Art. L. 215‑1‑1. – Lorsqu’un cont […]	Cette amende est prononcée dans les conditions prévues au chapitre II du titre II du livre V.	//www.senat.fr/amendements/2021-2022/828/Amdt_426.html									
faux	22eccb248d75bf0c	assemblee	320	Adopté	LE GOUVERNEMENT	JORFDOLE000026795365	R311-5	LEGIARTI000027892043:30	60	sans visée	1	'autorité administrative chargée de la concurrence et de la	Le II de l’article L. 631‑1 du code monétaire et financier est complété par un alinéa ainsi rédigé : « L’Autorité de contrôle prudentiel et de résolution, l’Autorité des marchés financiers et l’autorité administrative chargée de la concurrence et de la consommation mentionnée à l’article L. 141‑1 du code de la consommation peuvent également se communiquer les renseignements utiles à l’exercice de  […]	c) L'adresse de l'Autorité de contrôle prudentiel et de résolution mentionnée à l'article L. 612-1 du code monétaire et financier et celle de l'autorité administrative chargée de la concurrence et de la consommation, au sens de l'article L. 141-1 du présent code ;										
juste	23a45f02a6fb5e89	senat	12	Adopté	Mme Michèle ANDRÉ	JORFDOLE000027926565	L321-2	LEGIARTI000028441265:2	60	sans visée	1	cette publicité doit indiquer le nom et l'adresse de l'établ	Après l'alinéa 7 Insérer deux alinéas ainsi rédigés : ...° Le second alinéa du 5° de l'article 6 est ainsi rédigé : « Cette publicité doit indiquer le nom et l'adresse de l’établissement de crédit, des établissements de crédit, de la société de financement ou des sociétés de financement pour le compte duquel, desquels, de laquelle ou desquelles l'intermédiaire exerce son activité. »	Cette publicité doit indiquer le nom et l'adresse de l'établissement de crédit, des établissements de crédit, de la société de financement ou des sociétés de financement pour le compte duquel, desquels, de laquelle ou desquelles l'intermédiaire exerce son activité.	//www.senat.fr/amendements/2013-2014/202/Amdt_12.html									
juste	24751df00c3b5fb4	senat	157 rect.	Adopté	Mme DINI	JORFDOLE000026795365	L331-3	LEGIARTI000027783302:10	60	oui	1	lorsque le débiteur a déjà bénéficié d'une mesure de rétabli	Après l'article 22 bis Insérer un article additionnel ainsi rédigé : Après le septième alinéa du II de l’article L. 331-3 du code de la consommation, il est inséré un alinéa ainsi rédigé : « Lorsque le débiteur a déjà bénéficié d’une mesure de rétablissement personnel prévue au troisième alinéa de l’article L. 330-1 et qu’il saisit à nouveau la commission, celle-ci peut, si elle estime que la situ […]	Lorsque le débiteur a déjà bénéficié d'une mesure de rétablissement personnel prévue aux 1° et 2° de l'article L. 330-1 et qu'il saisit de nouveau la commission, celle-ci peut, si elle estime que la situation du débiteur est de nouveau irrémédiablement compromise et après avis du membre de la commission justifiant d'une expérience dans le domaine de l'économie sociale et familiale, recommander au  […]	//www.senat.fr/amendements/2012-2013/423/Amdt_157.html									
juste	2491adc5ecadb86f	senat	517	Adopté	Mme BATAILLE	JORFDOLE000027383756	L121-92-1	LEGIARTI000028742188:0	60	non : L121-84-1	1	ar un fournisseur d'électricité et de gaz naturel aux person	Après l’article 9 Insérer un article additionnel ainsi rédigé : I. - Après l’article L. 121‑84‑10 du code de la consommation, il est inséré un article L. 121‑84‑11 ainsi rédigé : « Art. L. 121-84-1. - Aucun frais lié au rejet de paiement ne peut être imputé par un fournisseur de services de communications électroniques aux personnes physiques n’agissant pas pour des besoins professionnels qui se t […]	"Aucuns frais liés au rejet de paiement ne peuvent être imputés par un fournisseur d'électricité et de gaz naturel aux personnes physiques n'agissant pas pour des besoins professionnels qui bénéficient de la tarification spéciale ""produit de première nécessité"" de l'électricité ou du tarif spécial de solidarité du gaz naturel."	//www.senat.fr/amendements/2012-2013/810/Amdt_517.html									
juste	260cb5257200a17a	assemblee	539	Adopté	M. Razzy Hammadi	JORFDOLE000027383756	L121-34	LEGIARTI000028747663:3	60	sans visée	1	nterdite la location ou la vente de fichiers contenant des d	Compléter cet article par les douze alinéas suivants : « III. – La section 4 du même chapitre Ier est ainsi rédigée : « Section 4 « Régime d’opposition au démarchage téléphonique « Art. L. 121‑34. – Le consommateur qui ne souhaite pas faire l’objet de prospection commerciale par voie téléphonique peut gratuitement s’inscrire sur une liste d’opposition au démarchage téléphonique. « Il est interdit  […]	Est interdite la location ou la vente de fichiers contenant des données téléphoniques et comportant les coordonnées d'un ou plusieurs consommateurs inscrits sur la liste d'opposition au démarchage téléphonique.										
juste	26662e49c7a3de0e	senat	691	Adopté	M. Martial BOURQUIN	JORFDOLE000027383756	L121-36	LEGIARTI000028749206:0	60	oui	1	s en œuvre par les professionnels sous la forme d'opérations	Alinéas 8 à 11 Remplacer ces alinéas par six alinéas ainsi rédigés : I bis. – Les articles L. 121-36 et L. 121-37 du code de la consommation sont ainsi rédigés : « Art. L. 121-36. - Les pratiques commerciales, mises en œuvre par les professionnels sous la forme d'opérations promotionnelles, tendant à faire naître l'espérance d'un gain attribué à chacun des participants, quelles que soient les moda […]	Les pratiques commerciales mises en œuvre par les professionnels sous la forme d'opérations promotionnelles tendant à faire naître l'espérance d'un gain, quelles que soient les modalités de tirage au sort ou d'intervention d'un élément aléatoire, sont régies par la présente section.	//www.senat.fr/amendements/2012-2013/810/Amdt_691.html									
juste	26686759043f949a	assemblee	981	Adopté	LE GOUVERNEMENT	JORFDOLE000027383756	L121-82-2	LEGIARTI000028740783:1	60	oui	1	département de l'établissement pour lequel le titre est dem	Après l’article L. 121-82 du code de la consommation, est insérée une section 10 bis ainsi rédigée : « Section 10 bis « Qualité et transparence dans l’élaboration des plats proposés dans le cadre d’une activité de restauration commerciale « Art. L. 121-82-1. - Les personnes ou entreprises qui transforment ou distribuent des produits alimentaires dans le cadre d’une activité de restauration commerc […]	Il est délivré par le représentant de l'Etat dans le département de l'établissement pour lequel le titre est demandé.										
juste	27e6de8187156992	assemblee	772	Adopté	M. Dominique Potier	JORFDOLE000027383756	L332-10	LEGIARTI000028748029:1	60	sans visée	1	le plan peut cependant excéder cette durée lorsque les mesur	I. – Le code de la consommation est ainsi modifié : 1° À la deuxième phrase de l’avant‑dernier alinéa de l’article L. 331‑6, au deuxième alinéa et à la première phrase du huitième alinéa de l’article L. 331‑7 et à l’avant‑dernière phrase du second alinéa de l’article L. 332‑10, le mot : « huit » est remplacé par le mot : « cinq » ; 2° Après la deuxième phrase de l’avant-dernier alinéa de l’article […]	Le jugement qui arrête le plan le rend opposable à tous. La durée du plan est fixée par le juge. Elle ne peut excéder sept ans. En cas d'inexécution du plan, le juge en prononce la résolution. Le plan peut cependant excéder cette durée lorsque les mesures qu'il comporte concernent le remboursement de prêts contractés pour l'achat d'un bien immobilier constituant la résidence principale du débiteur […]										
juste	280b7267e82b2883	senat	516	Adopté	Mme BATAILLE	JORFDOLE000027383756	L121-91-1	LEGIARTI000028742102:0	60	non : L121-84	1	st tenu d'offrir gratuitement à tous ses clients la possibil	Après l’article 9 Insérer un article additionnel ainsi rédigé : I. - Après l’article L. 121‑84‑11 du code de la consommation, il est inséré un article L. 121‑84‑12 ainsi rédigé : « Art. L. 121-84‑12. - Le fournisseur de téléphonie fixe et mobile et d’accès à internet est tenu de proposer le chèque et un mode de paiement en espèces dans les conditions prévues par le code monétaire et financier. Il  […]	Le fournisseur d'électricité et de gaz naturel est tenu d'offrir gratuitement à tous ses clients la possibilité de payer ses factures par mandat compte.	//www.senat.fr/amendements/2012-2013/810/Amdt_516.html		juste	opus-arbitre (arbitrage)		opus-arbitre	le verdict manuel de docs/21 avait rendu « faux »		L'amendement 516 écrit, en son II, « Art. L. 121-91-1. - Le fournisseur d'électricité et de gaz naturel est tenu d'offrir gratuitement à tous ses clients la possibilité de payer ses factures par mandat compte », mot pour mot l'alinéa jugé, et il est adopté. Le verdict de docs/21 portait sur la fenêtre, prise alors dans le passage jumeau de la téléphonie (L. 121-84-12) ; l'arête, elle, est juste (docs/49 § 6, docs/55 § 3).	2026-09-24
juste	296e6edbaeaa027a	senat	155	Adopté	M. CAFFET	JORFDOLE000026795365	L333-4	LEGIARTI000027805373:9	60	non : L331-3-1	1	, dans le cadre d'une révision ou d'un renouvellement du pla	I. - Alinéas 7 et 8 Remplacer ces alinéas par cinq alinéas ainsi rédigés : 2° L’article L. 331-3-1 est ainsi modifié : a) À la troisième phrase du premier alinéa, les mots : « un an » sont remplacés par les mots : « deux ans » ; b) Sont ajoutés deux alinéas ainsi rédigés : « Les créances figurant dans l’état d’endettement du débiteur dressé par la commission ne peuvent produire d’intérêts ou génér […]	Lorsque les mesures du plan conventionnel mentionnées à l'article L. 331-6 et celles prises en application des articles L. 331-7, L. 331-7-1 et L. 331-7-2 sont exécutées sans incident, les informations relatives aux mentions qui ont entraîné leur déclaration sont radiées à l'expiration d'une période de cinq ans à compter de la signature du plan conventionnel ou de la date de la décision de la comm […]	//www.senat.fr/amendements/2012-2013/423/Amdt_155.html									
juste	2a525593da9bbe0f	senat	190 rect. ter	Adopté	M. VINCENT	JORFDOLE000026795365	L312-3-1	LEGIARTI000027759656:2	60	oui	1	conditions d'application du présent article sont fixées par	Après l’article 17 Insérer un article additionnel ainsi rédigé : La section 1 du chapitre II du titre I er du livre III du code de la consommation est complétée par un article L. 312-3-1 ainsi rédigé : « Art. L. 312-3-1 – Les emprunteurs, personnes physiques n'agissant pas pour des besoins professionnels, ne peuvent contracter de prêts libellés dans une devise étrangère à l'Union européenne rembou […]	Les conditions d'application du présent article sont fixées par décret en Conseil d'Etat.	//www.senat.fr/amendements/2012-2013/423/Amdt_190.html									
juste	2b3264f0bcfd8ea4	assemblee	526	Adopté	LE GOUVERNEMENT	JORFDOLE000027383756	L312-9	LEGIARTI000027783139:5	60	sans visée	2	délai de douze mois à compter de la signature de l'offre de	Rédiger ainsi cet article : « I. – L’article L. 312‑9 du code de la consommation, dans sa rédaction issue de la loi n° 2013‑672 du 26 juillet 2013 de séparation et de régulation des activités bancaires, est ainsi modifié : « a) Au premier alinéa, les mots : « l’adhésion à » et les mots : « de groupe qu’il a souscrit » sont supprimés. « b) Au troisième alinéa, le mot : « ou » est remplacé par le si […]	Si l'offre définie à l'article L. 312-7 a été émise, le prêteur notifie à l'emprunteur sa décision d'acceptation ou de refus et lui adresse, s'il y a lieu, l'offre modifiée mentionnée à l'article L. 312-8, dans un délai de dix jours ouvrés à compter de la réception de la demande de substitution. Si l'emprunteur fait usage du droit de résiliation du contrat d'assurance dans le délai de douze mois à […]										
juste	2b549e98c12cb7a8	senat	683	Adopté	M. FAUCONNIER	JORFDOLE000027383756	L122-3	LEGIARTI000028747738:1	60	oui	1	uffage urbain et de contenu numérique non fourni sur support	Après l'article 8 Insérer un article additionnel ainsi rédigé : Après le premier alinéa de l’article L. 122-3 du code de la consommation, il est inséré un alinéa ainsi rédigé : « Les dispositions du premier alinéa s’appliquent aux contrats portant sur la fourniture d’eau, de gaz ou d’électricité, lorsqu’ils ne sont pas conditionnés dans un volume délimité ou en quantité déterminée, ainsi que sur l […]	Le premier alinéa du présent article s'applique aux contrats portant sur la fourniture d'eau, de gaz ou d'électricité lorsqu'ils ne sont pas conditionnés dans un volume délimité ou en quantité déterminée ainsi que sur la fourniture de chauffage urbain et de contenu numérique non fourni sur support matériel.	//www.senat.fr/amendements/2012-2013/810/Amdt_683.html									
juste	2bf6e51c2fce41ca	assemblee	198	Adopté	M. Philippe Noguès	JORFDOLE000027750379	L117-1	LEGIARTI000029324900:0	60	sans visée	1	distributeur d'un bien commercialisé en france transmet au c	Compléter cet article par les sept alinéas suivants : « II. – Le titre Ier du livre Ier du même code est complété par un chapitre VII ainsi rédigé : « Chapitre VII « Transparence sur les conditions sociales de fabrication d’un produit « Art. L. 117‑1. – Le fabricant, producteur ou distributeur d’un bien commercialisé en France transmet au consommateur qui en fait la demande et qui a connaissance d […]	Le fabricant, le producteur ou le distributeur d'un bien commercialisé en France transmet au consommateur qui en fait la demande et qui a connaissance d'éléments sérieux mettant en doute le fait que ce bien a été fabriqué dans des conditions respectueuses des conventions internationales relatives aux droits humains fondamentaux toute information dont il dispose portant sur un des éléments ci-après […]										
juste	2c91cbc57d8860f8	senat	661 rect.	Adopté	LE GOUVERNEMENT	JORFDOLE000027383756	L218-1	LEGIARTI000028748371:5	60	oui	2	vent recueillir, sur place ou sur convocation, tout renseign	Après l’article 37 Insérer un article additionnel ainsi rédigé : L'article L. 218-1 du code de la consommation est ainsi modifié : 1° Au premier alinéa, les mots : « , en présence de l’occupant des lieux ou de son représentant, » et les mots : « auprès du professionnel, qui est tenu de les fournir, » sont supprimés ; 2° Il est ajouté trois alinéas ainsi rédigés : « Les agents peuvent exiger la com […]	Ils peuvent recueillir, sur place ou sur convocation, tout renseignement, toute justification ou tout document nécessaires aux contrôles.	//www.senat.fr/amendements/2012-2013/810/Amdt_661.html									
juste	2cbcedf1c04cc6a5	assemblee	526	Adopté	LE GOUVERNEMENT	JORFDOLE000027383756	L312-9	LEGIARTI000027783139:0	60	sans visée	2	s de survenance d'un des risques que ce contrat définit, soi	Rédiger ainsi cet article : « I. – L’article L. 312‑9 du code de la consommation, dans sa rédaction issue de la loi n° 2013‑672 du 26 juillet 2013 de séparation et de régulation des activités bancaires, est ainsi modifié : « a) Au premier alinéa, les mots : « l’adhésion à » et les mots : « de groupe qu’il a souscrit » sont supprimés. « b) Au troisième alinéa, le mot : « ou » est remplacé par le si […]	Lorsque le prêteur propose à l'emprunteur un contrat d'assurance en vue de garantir en cas de survenance d'un des risques que ce contrat définit, soit le remboursement total ou partiel du montant du prêt restant dû, soit le paiement de tout ou partie des échéances dudit prêt, les dispositions suivantes sont obligatoirement appliquées :										
juste	2d1f101761e0cf15	senat	16 rect.	Adopté	M. REQUIER	JORFDOLE000029134377	L121-21	LEGIARTI000029947703:6	60	sans visée	1	lorsque le contrat ayant pour objet l'acquisition ou le tran	Après l'alinéa 5 Insérer un alinéa ainsi rédigé : …) L’article L. 121-21 est complété par deux alinéas ainsi rédigés : « Lorsque le contrat ayant pour objet l'acquisition ou le transfert d'un bien immobilier est précédé d'un contrat préliminaire prévu à l'article L. 261-15 du code de la construction et de l'habitation ou d'une promesse synallagmatique ou unilatérale de vente, conclus hors établiss […]	Lorsque le contrat ayant pour objet l'acquisition ou le transfert d'un bien immobilier est précédé d'un contrat préliminaire prévu à l'article L. 261-15 du code de la construction et de l'habitation ou d'une promesse synallagmatique ou unilatérale de vente, conclus hors établissement, le délai de rétractation court à compter de la conclusion de ce contrat préliminaire ou de cette promesse.	//www.senat.fr/amendements/2014-2015/60/Amdt_16.html									
juste	2e5fcfab0a981caa	senat	98 rect.	Adopté	M. RIETMANN	JORFDOLE000043701629	L412-12	LEGIARTI000044224585:0	60	sans visée	1	n de ne pas induire en erreur le consommateur quant à l'orig	I. – Alinéa 4 Remplacer cet alinéa par quatre alinéas ainsi rédigés : b) Les deuxième à avant-dernier alinéas sont ainsi rédigés : « Le consommateur est informé, au moyen de l’étiquetage, de l’origine du cacao des produits à base de cacao et de chocolat et de l’origine de la gelée royale. « Il est également informé de tous les pays d’origine des miels composant un mélange de miels en provenance de […]	Afin de ne pas induire en erreur le consommateur quant à l'origine de la bière, le consommateur est informé, au moyen d'un étiquetage mettant en évidence ces indications, du nom du brasseur et du lieu de brassage des bières.	//www.senat.fr/amendements/2020-2021/829/Amdt_98.html									
faux	2f7fd1f313c6dabb	senat	157 rect.	Adopté	LE GOUVERNEMENT	JORFDOLE000032319792	L412-5	LEGIARTI000033612911:0	60	sans visée	1	ive à la transparence, à la lutte contre la corruption et à	I. Alinéa 1 Après la référence : 6FA insérer la référence : , 6FC II. Compléter cet article par trois paragraphes ainsi rédigés : .... – L’article L. 032‑1 du code du travail applicable à Mayotte est complété par trois alinéas ainsi rédigés : « Aucune personne ne peut être écartée d’une procédure de recrutement ou de l’accès à un stage ou à une période de formation professionnelle, aucun salarié n […]	Sans préjudice des dispositions spécifiques relatives à l'indication de l'origine des denrées alimentaires, l'indication de l'origine est rendue obligatoire pour le lait, ainsi que pour le lait utilisé en tant qu'ingrédient dans les produits laitiers et pour les viandes utilisées en tant qu'ingrédient dans les produits transformés, à titre expérimental à compter de la publication de la loi n° 2016 […]	//www.senat.fr/amendements/2016-2017/80/Amdt_157.html									
juste	2f88b34f3bc37e1c	senat	158	Adopté	Mme LOISIER	JORFDOLE000043701629	L412-4	LEGIARTI000044224589:3	60	sans visée	1	est également informé de tous les pays d'origine des miels c	I. – Alinéa 4 Remplacer cet alinéa par quatre alinéas ainsi rédigés : b) Les deuxième à avant-dernier alinéas sont ainsi rédigés : « Le consommateur est informé, au moyen de l’étiquetage, de l’origine du cacao des produits à base de cacao et de chocolat et de l’origine de la gelée royale. « Il est également informé de tous les pays d’origine des miels composant un mélange de miels en provenance de […]	Il est également informé de tous les pays d'origine des miels composant un mélange de miels en provenance de plus d'un Etat membre de l'Union européenne ou d'un pays tiers, qui sont indiqués sur l'étiquette du produit.	//www.senat.fr/amendements/2020-2021/829/Amdt_158.html									
juste	2fc2f5ca1e7efb0d	assemblee	993	Adopté	LE GOUVERNEMENT	JORFDOLE000027383756	L116-1	LEGIARTI000028743109:0	60	sans visée	1	16 est applicable dans les îles wallis et futuna dans la réd	Compléter cet article par les treize alinéas suivants : « II. - Le titre I du livre I du code de la consommation, est complété par un chapitre VI ainsi rédigé : « Chapitre VI » « Dispositions relatives à l’outre-mer « Art. L. 116‑1.- L’article L. 115‑16 est applicable dans les îles Wallis et Futuna dans la rédaction suivante : « Est puni de deux ans d’emprisonnement et d’une amende de 35 800 000 f […]	"L'article L. 115-16 est applicable dans les îles Wallis et Futuna dans la rédaction suivante : ""Art. L. 115-16. ― Est puni de deux ans d'emprisonnement et d'une amende de 35 800 000 francs CFP le fait :"										
juste	2fc89ceadb6ebfe4	senat	10	Adopté	LE GOUVERNEMENT	JORFDOLE000041566073	L521-3-1	LEGIARTI000042615686:5	60	sans visée	1	nner aux opérateurs de registre ou aux bureaux d'enregistrem	Rétablir cet article dans la rédaction suivante : Le livre V du code de la consommation est ainsi modifié : 1° Après l’article L. 521‑3, il est inséré un article L. 521‑3‑1 ainsi rédigé : « Art. L. 521‑3‑1. – Lorsque les agents habilités constatent, avec les pouvoirs du présent livre, une infraction ou un manquement à partir d’une interface en ligne et que l’auteur de la pratique ne peut être iden […]	c) Ordonner aux opérateurs de registre ou aux bureaux d'enregistrement de domaines de prendre une mesure de blocage d'un nom de domaine, d'une durée maximale de trois mois renouvelable une fois, suivie, si l'infraction constatée persiste, d'une mesure de suppression ou de transfert du nom de domaine à l'autorité compétente.	//www.senat.fr/amendements/2019-2020/553/Amdt_10.html									
juste	318dbe11083cdd61	senat	389	Adopté	LE GOUVERNEMENT	JORFDOLE000017760141	L332-8	LEGIARTI000006292578:4	60	sans visée	1	le liquidateur procède à la répartition du produit des actif	Rédiger comme suit le dernier alinéa du texte proposé par le V de cet article pour l'article L.332-8 du code de la consommation : « Le liquidateur procède à la répartition du produit des actifs et désintéresse les créanciers suivant le rang des sûretés assortissant leurs créances. ».	Le liquidateur procède à la répartition du produit des actifs et désintéresse les créanciers suivant le rang des sûretés assortissant leurs créances.	//www.senat.fr/amendements/2002-2003/398/Amdt_389.html									
faux	31911032236bd043	senat	1624 rect.	Adopté	LE GOUVERNEMENT	JORFDOLE000029883713	L141-1	LEGIARTI000031008717:38	60	sans visée	1	oi n° 71-1130 du 31 décembre 1971 portant réforme de certain	I. – Alinéas 3 à 5 Remplacer ces alinéas par deux alinéas ainsi rédigés : « Ils peuvent également, sans toutefois en faire leur activité principale, effectuer tous travaux et études d’ordre statistique, économique, administratif, ainsi que tous travaux et études à caractère administratif ou technique, dans le domaine social et fiscal, et apporter, en ces matières, leur avis devant toute autorité o […]	1° Du troisième alinéa de l'article 10 de la loi n° 71-1130 du 31 décembre 1971 portant réforme de certaines professions judiciaires et juridiques, dans le respect du secret professionnel mentionné à l'article 66-5 de la même loi ;	//www.senat.fr/amendements/2014-2015/371/Amdt_1624.html									
juste	3223a49cd93f855d	assemblee	420	Adopté	M. Frédéric Barbier	JORFDOLE000027383756	L121-83-1	LEGIARTI000028749172:0	60	sans visée	1	, sous une forme claire, comparable, actualisée et facilemen	I. – L’article L. 121‑83‑1 du code de la consommation est ainsi modifié : 1° Au premier alinéa, après le mot : « consommateurs », sont insérés les mots : « , sous une forme claire, comparable, actualisée et facilement accessible » ; 2° Au second alinéa, les mots : « à l’article L. 121‑83 » sont remplacés par les mots : « aux articles L. 111‑1, L. 121‑83 et, le cas échant, L. 121‑18 ». II. – Le cod […]	Tout fournisseur de services de communications électroniques au sens du 6° de l'article L. 32 du code des postes et des communications électroniques met à la disposition des consommateurs, sous une forme claire, comparable, actualisée et facilement accessible, et tient à jour dans ses points de vente et par un moyen téléphonique ou électronique accessible en temps réel à un tarif raisonnable les i […]										
juste	339abf1d4cb67698	senat	98 rect.	Adopté	M. RIETMANN	JORFDOLE000043701629	L412-4	LEGIARTI000044224589:4	60	sans visée	1	s modalités d'application des troisième et quatrième alinéas	I. – Alinéa 4 Remplacer cet alinéa par quatre alinéas ainsi rédigés : b) Les deuxième à avant-dernier alinéas sont ainsi rédigés : « Le consommateur est informé, au moyen de l’étiquetage, de l’origine du cacao des produits à base de cacao et de chocolat et de l’origine de la gelée royale. « Il est également informé de tous les pays d’origine des miels composant un mélange de miels en provenance de […]	Les modalités d'application des troisième et quatrième alinéas du présent article sont fixées par décret en Conseil d'Etat après que la Commission européenne a déclaré compatible avec le droit de l'Union européenne l'obligation prévue au présent article.	//www.senat.fr/amendements/2020-2021/829/Amdt_98.html									
faux	351d45caedef59fe	senat	848 rect.	Adopté	M. BIZET	JORFDOLE000029883713	L111-6-1	LEGIARTI000030993014:0	60	sans visée	1	ne amende administrative dont le montant ne peut excéder 75	Rétablir cet article dans la rédaction suivante : Le code de commerce est ainsi modifié : 1° Le II de l’article L. 441‑7 est abrogé ; 2° Après l’article L. 441‑7, sont insérés deux articles ainsi rédigés : « Art. L. 441‑7‑1. – I. – L’article L. 441‑7 n’est pas applicable entre un fournisseur et un grossiste. « Une convention écrite conclue entre le fournisseur et le grossiste indique les obligatio […]	Tout manquement aux articles L. 111-5 et L. 111-5-1 est passible d'une amende administrative dont le montant ne peut excéder 75 000 € pour une personne physique et 375 000 € pour une personne morale. L'amende est prononcée dans les conditions prévues à l'article L. 141-1-2.	//www.senat.fr/amendements/2014-2015/371/Amdt_848.html									
juste	36f38c39b3c2dbc4	assemblee	30	Adopté	M. Jean-Louis Bricout	JORFDOLE000027383756	L121-107	LEGIARTI000028741260:11	60	sans visée	1	ontant des sommes à payer à l'expiration du contrat ou en ca	I. – Après l’alinéa 35, insérer les vingt-cinq alinéas suivants : « Section 17 « Contrats relatifs au gaz de pétrole liquéfié « Art. L. 121‑105. – Les dispositions de la présente section s’appliquent aux contrats souscrits par un consommateur ayant pour objet la fourniture de gaz de pétrole liquéfié en vrac, la mise à disposition ou la vente de matériels de stockage de gaz de pétrole liquéfié en v […]	11° Le montant des sommes à payer à l'expiration du contrat ou en cas de résiliation anticipée, notamment, le cas échéant, les frais de retrait ou de neutralisation de la citerne.										
juste	371ae7aae483ff86	assemblee	641	Adopté	M. Razzy Hammadi	JORFDOLE000027383756	L121-48	LEGIARTI000028744515:0	60	sans visée	1	a présente section est applicable aux consommateurs et aux n	I. – Après l’article L. 121‑41 du code de la consommation, la section 7 est ainsi rédigée : « Section 7 « Achats par l’intermédiaire des opérateurs de communications électroniques « Art. L. 121‑42. – L’opérateur de communications électroniques, au sens du 6° de l’article L. 32 du code des postes et des communications électroniques, exploitant un numéro à valeur ajoutée, son abonné auquel ce numéro […]	La présente section est applicable aux consommateurs et aux non-professionnels.										
faux	37fe96592bd6c856	senat	397 rect.	Adopté	M. MADEC	JORFDOLE000029883713	L141-1	LEGIARTI000031008717:20	60	sans visée	1	du 6 juillet 1989 tendant à améliorer les rapports locatifs	Après l’article 24 bis Insérer un article additionnel ainsi rédigé : Après l’article L. 631‑7‑1 A du code de la construction et de l’habitation, il est inséré un article L. 631‑7‑1‑… ainsi rédigé : « Art. L. 631‑7‑1... – Une délibération du conseil municipal peut définir un régime de déclaration préalable permettant d’affecter temporairement à l’habitation des locaux destinés à un usage autre que  […]	2° De l'article 4 de la loi n° 89-462 du 6 juillet 1989 tendant à améliorer les rapports locatifs et portant modification de la loi n° 86-1290 du 23 décembre 1986 ;	//www.senat.fr/amendements/2014-2015/371/Amdt_397.html									
juste	381f08f1b38631ef	senat	660	Adopté	LE GOUVERNEMENT	JORFDOLE000027383756	L218-4	LEGIARTI000028748407:3	60	sans visée	1	rateur ayant acquis ou cédé tout ou partie des produits et a	Rédiger ainsi cet article : L’article L. 218‑4 du code de la consommation est ainsi rédigé : « Art. L. 218‑4. – S’il est établi que des produits ne sont pas conformes à la réglementation en vigueur ou présentent ou sont susceptibles de présenter, compte tenu de leurs conditions communes de production ou de commercialisation, un danger pour la santé publique ou la sécurité des consommateurs, le pré […]	Tout opérateur ayant acquis ou cédé tout ou partie des produits et ayant connaissance de la décision de suspension de mise sur le marché, de retrait ou de rappel est tenu d'en informer celui qui lui a fourni les produits et ceux à qui il les a cédés.	//www.senat.fr/amendements/2012-2013/810/Amdt_660.html									
faux	3895e097c767b6c5	senat	607	Adopté	Mme LIENEMANN	JORFDOLE000036769798	L511-7	LEGIARTI000037667927:16	60	sans visée	1	du 10 juillet 1965 fixant le statut de la copropriété des i	Après l'article 60 Insérer un article additionnel ainsi rédigé : L’article L. 255-7 du code de la construction et de l’habitation est complété par un alinéa ainsi rédigé : « Dans les immeubles en copropriété où l’ensemble des logements, ou à défaut l’ensemble des logements d’un volume distinct, font l’objet de baux réels solidaires auprès d’un même organisme de foncier solidaire, les titulaires de […]	16° De l'article 18-1 A de la loi n° 65-557 du 10 juillet 1965 fixant le statut de la copropriété des immeubles bâtis ;	//www.senat.fr/amendements/2017-2018/631/Amdt_607.html									
faux	39321bb1267a8309	assemblee	475	Adopté	M. François Brottes	JORFDOLE000027383756	L215-3	LEGIARTI000028748328:4	60	sans visée	2	par tout traitement approprié dans des documents directement	Le III de l’article 44 de la loi n° 78‑17 du 6 janvier 1978 relative à l’informatique, aux fichiers et aux libertés est ainsi modifié : 1° Après le troisième alinéa, il est inséré un alinéa ainsi rédigé : « En dehors des contrôles sur place et sur convocation, ils peuvent procéder à toute constatation utile ; ils peuvent notamment, à partir d’un service de communication au public en ligne, consult […]	Pour le contrôle des opérations faisant appel à l'informatique, ils ont accès aux logiciels et aux données stockées ainsi qu'à la restitution en clair des informations propres à faciliter l'accomplissement de leurs missions. Ils peuvent en demander la transcription par tout traitement approprié dans des documents directement utilisables pour les besoins du contrôle.										
faux	39d8f8a25cec6f14	senat	2053	Adopté	Mme HAVET	JORFDOLE000043113774	L113-4	LEGIARTI000043960823:0	60	sans visée	1	ersonne physique et 15 000 € pour une personne morale. cette	Après l’article 1 er Insérer un article additionnel ainsi rédigé : I. – Au deuxième alinéa de l’article 29 de la loi n° 2020‑105 du 10 février 2020 relative à la lutte contre le gaspillage et à l'économie circulaire, les mots : « L. 541‑9‑1 à » sont remplacés par les mots : « L. 541‑9‑2 et ». II. – Après l’article L. 541‑9‑4 du code de l’environnement, il est inséré un article L. 541‑9‑… ainsi réd […]	Tout manquement aux obligations d'affichage prévues à l'article L. 113-3 est passible d'une amende administrative dont le montant ne peut excéder 3 000 € pour une personne physique et 15 000 € pour une personne morale. Cette amende est prononcée dans les conditions prévues au chapitre II du titre II du livre V.	//www.senat.fr/amendements/2020-2021/667/Amdt_2053.html									
faux	3a2766209c102936	senat	1388	Adopté	M. Joël BIGOT	JORFDOLE000043113774	L113-4	LEGIARTI000043960823:0	60	sans visée	1	sonne physique et 15 000 € pour une personne morale. cette a	Après l’alinéa 11 Insérer deux alinéas ainsi rédigés : « Art. L. 541‑9‑9‑... – L’utilisation ou la publication d’un affichage ne remplissant pas les conditions prévues aux articles L. 541‑9‑9‑1 et L. 541‑9‑9‑2 sont interdites. « Tout manquement à cette interdiction est passible d’une amende administrative dont le montant ne peut excéder 3 000 € pour une personne physique et 15 000 € pour une perso […]	Tout manquement aux obligations d'affichage prévues à l'article L. 113-3 est passible d'une amende administrative dont le montant ne peut excéder 3 000 € pour une personne physique et 15 000 € pour une personne morale. Cette amende est prononcée dans les conditions prévues au chapitre II du titre II du livre V.	//www.senat.fr/amendements/2020-2021/667/Amdt_1388.html									
juste	3ba0f4b2a741bf21	senat	644 rect.	Adopté	LE GOUVERNEMENT	JORFDOLE000027383756	L213-2	LEGIARTI000028748928:3	60	sans visée	1	soit à l'aide d'indications frauduleuses tendant à faire cr	Alinéas 5 à 8 Remplacer ces alinéas par neuf alinéas ainsi rédigés : II. - L’article L. 213‑2 du même code est ainsi rédigé : « Art. L. 213 ‑2- I. - Les peines prévues à l’article L. 213‑1 sont portées à cinq ans d’emprisonnement et à 600 000 euros d’amende, si le délit ou la tentative de délit prévu à l’article L. 213‑1 ont été commis : « 1° Soit à l’aide de poids, mesures et autres instruments f […]	3° Soit à l'aide d'indications frauduleuses tendant à faire croire à une opération antérieure et exacte.	//www.senat.fr/amendements/2012-2013/810/Amdt_644.html									
faux	3bdfb9578d840043	assemblee	332	Adopté	LE GOUVERNEMENT	JORFDOLE000032319792	L412-5	LEGIARTI000033612911:0	60	sans visée	1	e à la transparence, à la lutte contre la corruption et à la	I. – Rétablir l’alinéa 4 dans la rédaction suivante : « 1° bis Le 4° de l’article 53 est complété par une phrase ainsi rédigée : « Lorsqu’au 16 juin 2016 le commissaire aux comptes a procédé à la certification des comptes d’une entité d’intérêt public pendant une durée excédant celle prévue au I de l’article L. 823‑3‑1 précité, son mandat relevant du 3 de l’article 41 précité est prorogé jusqu’à l […]	Sans préjudice des dispositions spécifiques relatives à l'indication de l'origine des denrées alimentaires, l'indication de l'origine est rendue obligatoire pour le lait, ainsi que pour le lait utilisé en tant qu'ingrédient dans les produits laitiers et pour les viandes utilisées en tant qu'ingrédient dans les produits transformés, à titre expérimental à compter de la publication de la loi n° 2016 […]										
juste	3eb8b3d6737897c5	assemblee	981	Adopté	LE GOUVERNEMENT	JORFDOLE000027383756	L121-82-1	LEGIARTI000028740767:0	60	oui	1	rsonnes ou entreprises qui transforment ou distribuent des p	Après l’article L. 121-82 du code de la consommation, est insérée une section 10 bis ainsi rédigée : « Section 10 bis « Qualité et transparence dans l’élaboration des plats proposés dans le cadre d’une activité de restauration commerciale « Art. L. 121-82-1. - Les personnes ou entreprises qui transforment ou distribuent des produits alimentaires dans le cadre d’une activité de restauration commerc […]	"Les personnes ou entreprises qui transforment ou distribuent des produits alimentaires dans le cadre d'une activité de restauration commerciale ou de vente à emporter de plats préparés, permanente ou occasionnelle, principale ou accessoire, précisent sur leurs cartes ou sur tout autre support qu'un plat proposé est ""fait maison""."										
juste	40637441efa51691	assemblee	981	Adopté	LE GOUVERNEMENT	JORFDOLE000027383756	L121-82-2	LEGIARTI000028740783:0	60	oui	1	le titre de maître-restaurateur distingue les personnes phys	Après l’article L. 121-82 du code de la consommation, est insérée une section 10 bis ainsi rédigée : « Section 10 bis « Qualité et transparence dans l’élaboration des plats proposés dans le cadre d’une activité de restauration commerciale « Art. L. 121-82-1. - Les personnes ou entreprises qui transforment ou distribuent des produits alimentaires dans le cadre d’une activité de restauration commerc […]	Le titre de maître-restaurateur distingue les personnes physiques qui dirigent une entreprise exploitant un fonds de commerce de restauration ou y exercent leur activité pour la qualité de leur établissement et de leur cuisine.										
juste	40baba68f8e1b2e2	assemblee	539	Adopté	M. Razzy Hammadi	JORFDOLE000027383756	L121-34	LEGIARTI000028747663:2	60	sans visée	1	un professionnel est amené à recueillir auprès d'un consomma	Compléter cet article par les douze alinéas suivants : « III. – La section 4 du même chapitre Ier est ainsi rédigée : « Section 4 « Régime d’opposition au démarchage téléphonique « Art. L. 121‑34. – Le consommateur qui ne souhaite pas faire l’objet de prospection commerciale par voie téléphonique peut gratuitement s’inscrire sur une liste d’opposition au démarchage téléphonique. « Il est interdit  […]	Lorsqu'un professionnel est amené à recueillir auprès d'un consommateur des données téléphoniques, il l'informe de son droit à s'inscrire sur la liste d'opposition au démarchage téléphonique. Lorsque ce recueil d'information se fait à l'occasion de la conclusion d'un contrat, le contrat mentionne, de manière claire et compréhensible, l'existence de ce droit pour le consommateur.										
juste	40e21b6c4d7883f0	senat	624	Adopté	LE GOUVERNEMENT	JORFDOLE000027383756	L215-1	LEGIARTI000028748441:8	60	oui	1	8° les agents figurant sur une liste établie par arrêté du m	Rédiger ainsi cet article : Le I de l’article L. 215-1 du code de la consommation est ainsi modifié : 1° Le 4° est ainsi rédigé : « 4° Les agents mentionnés à l’article L. 1312‑1 du code de la santé publique qui disposent à cet effet des pouvoirs prévus aux articles L. 1421‑2 à L. 1421‑3 du même code ; » ; 2° Le 8° est ainsi rédigé : « 8° Les agents figurant sur une liste établie par arrêté du min […]	8° Les agents figurant sur une liste établie par arrêté du ministre chargé de la consommation ;	//www.senat.fr/amendements/2012-2013/810/Amdt_624.html									
juste	41243283b759eb82	assemblee	40	Adopté	M. Frédéric Barbier	JORFDOLE000027383756	L121-42	LEGIARTI000028744497:4	60	sans visée	1	ns le contrat avec l'abonné auquel il affecte un numéro à va	Substituer à l’alinéa 8 les cinq alinéas suivants : « L’opérateur mentionné au premier alinéa prévoit dans le contrat avec l’abonné auquel il affecte un numéro à valeur ajoutée, sous peine de résiliation, que l’abonné l’informe de toute modification concernant son identité et son adresse, lesquelles doivent figurer dans le contrat. « Ce même contrat prévoit également, sous peine de la suspension d […]	L'opérateur mentionné au premier alinéa prévoit, dans le contrat avec l'abonné auquel il affecte un numéro à valeur ajoutée, sous peine de résiliation, que l'abonné l'informe de toute modification concernant son identité et son adresse, lesquelles doivent figurer dans le contrat.										
juste	414b26764f84d72a	senat	115 rect.	Adopté	M. GONTARD	JORFDOLE000038746653	L441-3	LEGIARTI000041556395:2	60	sans visée	1	la réparabilité du produit est considérée comme une des cara	Après l'article 4 ter Insérer un article additionnel ainsi rédigé : Après l’article L. 213‑4‑1 du code de la consommation, il est inséré un article L. 213‑4‑1‑…. ainsi rédigé : « Art. L. 213‑4‑1‑…. – Toute technique, y compris logicielle, par laquelle un metteur sur le marché vise à rendre impossible la réparation ou le reconditionnement d’un appareil hors de ses circuits agréés est interdite. « L […]	La réparabilité du produit est considérée comme une des caractéristiques essentielles du bien ou du service tel que défini aux articles L. 111-1 à L. 111-7 du présent code.	//www.senat.fr/amendements/2018-2019/728/Amdt_115.html									
juste	4155956650368605	assemblee	495	Adopté	Mme Catherine Vautrin	JORFDOLE000027383756	L113-8	LEGIARTI000028742316:1	60	sans visée	1	e remboursement ne peut donner lieu à la facturation de frai	I. – Supprimer les alinéas 27 et 28. II. – En conséquence, après l’alinéa 34, insérer les quatre alinéas suivants : « Art. L. 113‑8. - Les transporteurs aériens et personnes physiques ou morales commercialisant des titres de transport aérien remboursent les taxes et redevances individualisées et affichées comme telles dans le prix du titre qu’ils ont vendu, dont l’exigibilité procède de l’embarque […]	Le remboursement ne peut donner lieu à la facturation de frais excédant 20 % du montant remboursé. Il est gratuit lorsque la demande est déposée en ligne.										
juste	43c9be34beef303a	assemblee	539	Adopté	M. Razzy Hammadi	JORFDOLE000027383756	L121-34	LEGIARTI000028747663:6	60	sans visée	1	rdictions prévues aux deuxième et quatrième alinéas ne s'app	Compléter cet article par les douze alinéas suivants : « III. – La section 4 du même chapitre Ier est ainsi rédigée : « Section 4 « Régime d’opposition au démarchage téléphonique « Art. L. 121‑34. – Le consommateur qui ne souhaite pas faire l’objet de prospection commerciale par voie téléphonique peut gratuitement s’inscrire sur une liste d’opposition au démarchage téléphonique. « Il est interdit  […]	Les interdictions prévues aux deuxième et quatrième alinéas ne s'appliquent pas à la prospection en vue de la fourniture de journaux, de périodiques ou de magazines.										
juste	43e3fbaa00ff250f	assemblee	639	Adopté	M. Razzy Hammadi	JORFDOLE000027383756	L121-83-1	LEGIARTI000028749172:0	60	sans visée	1	e communications électroniques au sens du 6° de l'article l.	Après l’alinéa 1, insérer les deux alinéas suivants : « 1° A Au premier alinéa et à la première phrase du cinquième alinéa, les mots : « systèmes automatisés d’appel ou de communication » sont remplacés par les mots : « système automatisé de communications électroniques au sens du 6° de l’article L. 32 » ; « 1° B Le troisième alinéa est complété par une phrase ainsi rédigée : « Pour l’application  […]	Tout fournisseur de services de communications électroniques au sens du 6° de l'article L. 32 du code des postes et des communications électroniques met à la disposition des consommateurs, sous une forme claire, comparable, actualisée et facilement accessible, et tient à jour dans ses points de vente et par un moyen téléphonique ou électronique accessible en temps réel à un tarif raisonnable les i […]										
juste	445771b5a8d7502a	assemblee	641	Adopté	M. Razzy Hammadi	JORFDOLE000027383756	L121-44	LEGIARTI000028744503:0	60	sans visée	1	données de tout prestataire cocontractant associé à la promo	I. – Après l’article L. 121‑41 du code de la consommation, la section 7 est ainsi rédigée : « Section 7 « Achats par l’intermédiaire des opérateurs de communications électroniques « Art. L. 121‑42. – L’opérateur de communications électroniques, au sens du 6° de l’article L. 32 du code des postes et des communications électroniques, exploitant un numéro à valeur ajoutée, son abonné auquel ce numéro […]	Tout fournisseur de produit ou de service à valeur ajoutée mentionné au premier alinéa de l'article L. 121-42 conserve, pendant un délai minimal de cinq ans après la cessation des relations contractuelles, les coordonnées de tout prestataire cocontractant associé à la promotion du produit ou du service.										
juste	44c35e85dcf065dc	senat	661 rect.	Adopté	LE GOUVERNEMENT	JORFDOLE000027383756	L215-3	LEGIARTI000028748328:4	60	oui, par renumérotation	2	e contrôle des opérations faisant appel à l'informatique, il	Après l’article 37 Insérer un article additionnel ainsi rédigé : L'article L. 218-1 du code de la consommation est ainsi modifié : 1° Au premier alinéa, les mots : « , en présence de l’occupant des lieux ou de son représentant, » et les mots : « auprès du professionnel, qui est tenu de les fournir, » sont supprimés ; 2° Il est ajouté trois alinéas ainsi rédigés : « Les agents peuvent exiger la com […]	Pour le contrôle des opérations faisant appel à l'informatique, ils ont accès aux logiciels et aux données stockées ainsi qu'à la restitution en clair des informations propres à faciliter l'accomplissement de leurs missions. Ils peuvent en demander la transcription par tout traitement approprié dans des documents directement utilisables pour les besoins du contrôle.	//www.senat.fr/amendements/2012-2013/810/Amdt_661.html									
faux	44dd5f137b19a2f4	assemblee	993	Adopté	LE GOUVERNEMENT	JORFDOLE000027383756	L115-16	LEGIARTI000028748249:7	60	sans visée	1	° de mentionner sur un produit la présence dans sa compositi	Compléter cet article par les treize alinéas suivants : « II. - Le titre I du livre I du code de la consommation, est complété par un chapitre VI ainsi rédigé : « Chapitre VI » « Dispositions relatives à l’outre-mer « Art. L. 116‑1.- L’article L. 115‑16 est applicable dans les îles Wallis et Futuna dans la rédaction suivante : « Est puni de deux ans d’emprisonnement et d’une amende de 35 800 000 f […]	7° De mentionner sur un produit la présence dans sa composition d'un autre produit bénéficiant d'une appellation d'origine ou d'une indication géographique lorsque cette mention détourne ou affaiblit la réputation de l'appellation ou de l'indication concernée.										
juste	4642b0977268c7e3	senat	120	Adopté	M. GONTARD	JORFDOLE000051045642	L122-26	LEGIARTI000051828610:0	60	sans visée	1	upport de promotion ou de publicité proposant des travaux de	Après l’article 3 Insérer un article additionnel ainsi rédigé : La section 3 du chapitre II du titre II du livre I er du code de la consommation est complétée par une sous‑section ainsi rédigée : « Sous‑section 9 : « Information sur l’existence du service public de la performance énergétique de l’habitat « Art. L. 122‑26. – Tout support de promotion ou de publicité proposant des travaux de rénovat […]	Tout support de promotion ou de publicité proposant des travaux de rénovation énergétique fait mention de l'existence et du rôle du service public de la performance énergétique de l'habitat défini aux articles L. 232-1 à L. 232-3 du code de l'énergie.	//www.senat.fr/amendements/2024-2025/469/Amdt_120.html									
juste	470802d708a96c9b	senat	10	Adopté	LE GOUVERNEMENT	JORFDOLE000041566073	L521-3-1	LEGIARTI000042615686:1	60	sans visée	1	donner aux opérateurs de plateformes en ligne au sens du i d	Rétablir cet article dans la rédaction suivante : Le livre V du code de la consommation est ainsi modifié : 1° Après l’article L. 521‑3, il est inséré un article L. 521‑3‑1 ainsi rédigé : « Art. L. 521‑3‑1. – Lorsque les agents habilités constatent, avec les pouvoirs du présent livre, une infraction ou un manquement à partir d’une interface en ligne et que l’auteur de la pratique ne peut être iden […]	1° Ordonner aux opérateurs de plateformes en ligne au sens du I de l'article L. 111-7, aux personnes mentionnées au 1 du I de l'article 6 de la loi n° 2004-575 du 21 juin 2004 pour la confiance dans l'économie numérique ou à celles exploitant des logiciels permettant d'accéder à une interface en ligne l'affichage d'un message avertissant les consommateurs du risque de préjudice encouru lorsqu'ils  […]	//www.senat.fr/amendements/2019-2020/553/Amdt_10.html									
juste	472db2ff83a6aa43	assemblee	657	Adopté	M. Razzy Hammadi	JORFDOLE000027383756	L121-102	LEGIARTI000028741133:1	60	sans visée	1	ce délai de rétractation ne s'applique pas aux opérations d'	Après l’alinéa 20, insérer l’alinéa suivant : « Ce délai de rétractation ne s’applique pas aux opérations d’or investissement. ».	Ce délai de rétractation ne s'applique pas aux opérations d'or investissement.										
juste	474f2c927039e4d1	senat	81	Adopté	LE GOUVERNEMENT	JORFDOLE000043701629	L412-9	LEGIARTI000044224592:0	60	sans visée	1	, ainsi que pour les viandes utilisées en tant qu'ingrédient	Compléter cet article par un paragraphe ainsi rédigé : …. – Le I de l’article L. 412‑9 du code de la consommation est complété par les mots : « , ainsi que pour les viandes utilisées en tant qu’ingrédient dans des préparations de viandes et des produits à base de viande lorsque l’opérateur a connaissance de cette information en application d’une réglementation nationale ou européenne ».	I.- Sans préjudice de l'article L. 412-1, dans les établissements proposant des repas à consommer sur place ou dans les établissements proposant des repas à consommer sur place et à emporter ou à livrer ou dans les établissements sans salle de consommation sur place et proposant seulement des repas à emporter ou à livrer, l'indication du pays d'origine ou du lieu de provenance est obligatoire pour […]	//www.senat.fr/amendements/2020-2021/829/Amdt_81.html									
juste	47501df9f2371b01	senat	624	Adopté	LE GOUVERNEMENT	JORFDOLE000027383756	L215-1	LEGIARTI000028748441:13	60	oui	1	1° les agents mentionnés à l'article l. 40 du code des poste	Rédiger ainsi cet article : Le I de l’article L. 215-1 du code de la consommation est ainsi modifié : 1° Le 4° est ainsi rédigé : « 4° Les agents mentionnés à l’article L. 1312‑1 du code de la santé publique qui disposent à cet effet des pouvoirs prévus aux articles L. 1421‑2 à L. 1421‑3 du même code ; » ; 2° Le 8° est ainsi rédigé : « 8° Les agents figurant sur une liste établie par arrêté du min […]	11° Les agents mentionnés à l'article L. 40 du code des postes et des communications électroniques ;	//www.senat.fr/amendements/2012-2013/810/Amdt_624.html									
faux	47d09221e6171397	assemblee	351	Adopté	LE GOUVERNEMENT	JORFDOLE000026795365	L312-3-1	LEGIARTI000027759656:0	60	sans visée	1	ersonnes physiques n'agissant pas pour des besoins professio	Après l’article L. 312‑1‑2 du code monétaire et financier il est inséré un article L. 312‑1‑3-1 ainsi rédigé : « Art. L. 312‑1‑3‑1. – Il est créé auprès de la Banque de France un observatoire de l’inclusion bancaire chargé de collecter des informations sur l’accès aux services bancaires des personnes physiques n’agissant pas pour des besoins professionnels, sur l’usage que ces personnes font de ce […]	Les emprunteurs, personnes physiques n'agissant pas pour des besoins professionnels, ne peuvent contracter de prêts libellés dans une devise étrangère à l'Union européenne remboursables en monnaie nationale que s'ils déclarent percevoir principalement leurs revenus ou détenir un patrimoine dans cette devise au moment de la signature du contrat de prêt, excepté si le risque de change n'est pas supp […]										
juste	48f3d0cfe6f7bd60	assemblee	30	Adopté	M. Jean-Louis Bricout	JORFDOLE000027383756	L121-107	LEGIARTI000028741260:4	60	sans visée	1	4° si le contrat comprend une clause portant sur la modifica	I. – Après l’alinéa 35, insérer les vingt-cinq alinéas suivants : « Section 17 « Contrats relatifs au gaz de pétrole liquéfié « Art. L. 121‑105. – Les dispositions de la présente section s’appliquent aux contrats souscrits par un consommateur ayant pour objet la fourniture de gaz de pétrole liquéfié en vrac, la mise à disposition ou la vente de matériels de stockage de gaz de pétrole liquéfié en v […]	4° Si le contrat comprend une clause portant sur la modification de prix, la mention des règles sur la base desquelles cette modification peut intervenir ainsi que les moyens par lesquels le consommateur obtient une information complète sur l'état actualisé de l'ensemble des prix mentionnés au 3° ;										
juste	49ed4244c22077a8	senat	661 rect.	Adopté	LE GOUVERNEMENT	JORFDOLE000027383756	L215-3	LEGIARTI000028748328:5	60	oui, par renumérotation	2	vent recueillir, sur place ou sur convocation, tout renseign	Après l’article 37 Insérer un article additionnel ainsi rédigé : L'article L. 218-1 du code de la consommation est ainsi modifié : 1° Au premier alinéa, les mots : « , en présence de l’occupant des lieux ou de son représentant, » et les mots : « auprès du professionnel, qui est tenu de les fournir, » sont supprimés ; 2° Il est ajouté trois alinéas ainsi rédigés : « Les agents peuvent exiger la com […]	Ils peuvent prélever des échantillons. Ils peuvent recueillir, sur place ou sur convocation, tout renseignement, toute justification ou tout document nécessaires aux contrôles.	//www.senat.fr/amendements/2012-2013/810/Amdt_661.html									
juste	4da7fff06ae85bed	senat	387	Adopté	LE GOUVERNEMENT	JORFDOLE000017760141	L332-8	LEGIARTI000006292578:0	60	sans visée	1	le juge statue sur les éventuelles contestations de créances	Rédiger comme suit le premier alinéa du texte proposé par le V de cet article pour l'article L.332-8 du code de la consommation : « Le juge statue sur les éventuelles contestations de créances et prononce la liquidation judiciaire du patrimoine personnel du débiteur dont sont exclus les biens meublants nécessaires à la vie courante et les biens non professionnels indispensables à l'exercice de son […]	Le juge statue sur les éventuelles contestations de créances et prononce la liquidation judiciaire du patrimoine personnel du débiteur, dont sont exclus les biens meublants nécessaires à la vie courante et les biens non professionnels indispensables à l'exercice de son activité professionnelle. Il se prononce, le cas échéant, au vu du rapport rendu par le mandataire dans un délai de quatre mois à  […]	//www.senat.fr/amendements/2002-2003/398/Amdt_387.html									
juste	4f1192862a241d9c	assemblee	306	Adopté	M. Philippe Kemel	JORFDOLE000026795365	L331-3-1	LEGIARTI000027783213:8	60	sans visée	1	nclu avec le bailleur antérieurement à la décision de receva	Le code de la consommation est ainsi modifié : I. – À la dernière phrase du premier alinéa de l’article L. 330‑1, après le mot : « principale » sont insérés les mots : « et que la valeur estimée de celle-ci à la date du dépôt du dossier de surendettement soit égale ou supérieure au montant de l’ensemble des dettes non professionnelles exigibles et à échoir ». II. – L’article L. 331‑2 est complété  […]	Lorsqu'un protocole de cohésion sociale prévu aux articles L. 353-15-2 et L. 442-6-5 du code de la construction et de l'habitation a été conclu avec le bailleur antérieurement à la décision de recevabilité, le paiement des arriérés de loyer prévu par ledit protocole est suspendu jusqu'à la mise en œuvre des mesures prévues aux 1° et 2° de l'article L. 330-1 ou aux articles L. 331-6 à L. 331-7-2 du […]										
juste	510c5ce926a88657	assemblee	993	Adopté	LE GOUVERNEMENT	JORFDOLE000027383756	L116-1	LEGIARTI000028743109:1	60	sans visée	1	d'utiliser ou de tenter d'utiliser frauduleusement une indic	Compléter cet article par les treize alinéas suivants : « II. - Le titre I du livre I du code de la consommation, est complété par un chapitre VI ainsi rédigé : « Chapitre VI » « Dispositions relatives à l’outre-mer « Art. L. 116‑1.- L’article L. 115‑16 est applicable dans les îles Wallis et Futuna dans la rédaction suivante : « Est puni de deux ans d’emprisonnement et d’une amende de 35 800 000 f […]	"""1° D'utiliser ou de tenter d'utiliser frauduleusement une indication géographique définie à l'article L. 721-2 du code de la propriété intellectuelle ;"										
juste	52da328e1379ca88	senat	681	Adopté	M. FAUCONNIER	JORFDOLE000027383756	L121-87	LEGIARTI000028747691:20	60	oui	1	somme n'est due par le consommateur en cas d'exercice de so	Après l'article 5 Insérer un article additionnel ainsi rédigé : Le dernier alinéa de l’article L. 121-87 du code de la consommation est remplacé par deux alinéas ainsi rédigés : « Par dérogation à l’alinéa précédent et aux dispositions du premier alinéa de l’article L. 121-21-5, si le consommateur qui emménage dans un site sollicite un fournisseur et souhaite que l’exécution de son contrat conclu  […]	Aucune somme n'est due par le consommateur en cas d'exercice de son droit de rétractation si sa demande expresse n'a pas été recueillie conformément à l'avant-dernier alinéa du présent article ou si le fournisseur n'a pas respecté l'obligation d'information prévue au 4° du I de l'article L. 121-17.	//www.senat.fr/amendements/2012-2013/810/Amdt_681.html									
faux	52f89e9cc16d83e9	assemblee	180	Adopté	M. Philippe Kemel	JORFDOLE000026795365	L312-3-1	LEGIARTI000027759656:0	60	sans visée	1	sonnes physiques n'agissant pas pour des besoins professionn	Après la sous-section 1 de la section 1 du chapitre II du titre Ier du livre III du code monétaire et financier, est insérée une sous-section 1 bis ainsi rédigée : « Sous-section 1 bis « Inclusion bancaire et lutte contre le surendettement « Art. L. 312‑1 bis. – L’Association française des établissements de crédit et des entreprises d’investissement, mentionnée à l’article L. 511‑29, adopte une ch […]	Les emprunteurs, personnes physiques n'agissant pas pour des besoins professionnels, ne peuvent contracter de prêts libellés dans une devise étrangère à l'Union européenne remboursables en monnaie nationale que s'ils déclarent percevoir principalement leurs revenus ou détenir un patrimoine dans cette devise au moment de la signature du contrat de prêt, excepté si le risque de change n'est pas supp […]										
juste	5328154c1d377d1e	assemblee	198	Adopté	M. Philippe Noguès	JORFDOLE000027750379	L117-1	LEGIARTI000029324900:2	60	sans visée	1	nsmission au consommateur d'une information, en application	Compléter cet article par les sept alinéas suivants : « II. – Le titre Ier du livre Ier du même code est complété par un chapitre VII ainsi rédigé : « Chapitre VII « Transparence sur les conditions sociales de fabrication d’un produit « Art. L. 117‑1. – Le fabricant, producteur ou distributeur d’un bien commercialisé en France transmet au consommateur qui en fait la demande et qui a connaissance d […]	Si la transmission au consommateur d'une information, en application du premier alinéa, est de nature à compromettre gravement les intérêts stratégiques ou industriels du fabricant, du producteur ou du distributeur concerné par la demande, celui-ci peut décider de ne pas la transmettre à condition d'en motiver les raisons.										
juste	54d9db2011aea35b	senat	669 rect. bis	Adopté	M. LABBÉ	JORFDOLE000038746653	L441-3	LEGIARTI000041556395:0	60	sans visée	1	echnique, y compris logicielle, par laquelle un metteur sur	Après l'article 4 ter Insérer un article additionnel ainsi rédigé : Après l’article L. 213‑4‑1 du code de la consommation, il est inséré un article L. 213‑4‑1‑… ainsi rédigé : « Art. L. 213‑4‑1‑…. – Toute technique, y compris logicielle, par laquelle un metteur sur le marché vise à rendre impossible la réparation ou le reconditionnement d’un appareil hors de ses circuits agréés est interdite. « La […]	Toute technique, y compris logicielle, par laquelle un metteur sur le marché vise à rendre impossible la réparation ou le reconditionnement d'un appareil hors de ses circuits agréés est interdite.	//www.senat.fr/amendements/2018-2019/728/Amdt_669.html									
juste	5548a4f77795a1bf	senat	10	Adopté	LE GOUVERNEMENT	JORFDOLE000041566073	L521-3-1	LEGIARTI000042615686:2	60	sans visée	1	t est de nature à porter une atteinte grave à la loyauté des	Rétablir cet article dans la rédaction suivante : Le livre V du code de la consommation est ainsi modifié : 1° Après l’article L. 521‑3, il est inséré un article L. 521‑3‑1 ainsi rédigé : « Art. L. 521‑3‑1. – Lorsque les agents habilités constatent, avec les pouvoirs du présent livre, une infraction ou un manquement à partir d’une interface en ligne et que l’auteur de la pratique ne peut être iden […]	2° Lorsque l'infraction constatée est passible d'une peine d'au moins deux ans d'emprisonnement et est de nature à porter une atteinte grave à la loyauté des transactions ou à l'intérêt des consommateurs :	//www.senat.fr/amendements/2019-2020/553/Amdt_10.html									
juste	55f233592f64778d	senat	664	Adopté	LE GOUVERNEMENT	JORFDOLE000027383756	L121-35	LEGIARTI000028747839:0	60	oui	1	interdite toute vente ou offre de vente de produits ou de b	Après l'article 13 Insérer un article additionnel ainsi rédigé : L’article L. 121-35 du code de la consommation est ainsi rédigé : « Art. L. 121-35 - Est interdite toute vente ou offre de vente de produits ou de biens ou toute prestation ou offre de prestation de services faite aux consommateurs et donnant droit, à titre gratuit, immédiatement ou à terme, à une prime consistant en produits, biens  […]	Est interdite toute vente ou offre de vente de produits ou de biens ou toute prestation ou offre de prestation de services faite aux consommateurs et donnant droit, à titre gratuit, immédiatement ou à terme, à une prime consistant en produits, biens ou services, dès lors que la pratique en cause revêt un caractère déloyal au sens de l'article L. 120-1.	//www.senat.fr/amendements/2012-2013/810/Amdt_664.html									
juste	56e123665c4861bc	senat	92	Adopté	M. MIQUEL	JORFDOLE000029310724	L213-4-1	LEGIARTI000031053376:2	60	sans visée	1	ntant de l'amende peut être porté, de manière proportionnée	Alinéa 6 Rédiger ainsi cet alinéa : « III. Le montant de l'amende peut être porté, de manière proportionnée aux avantages tirés du manquement, à 5 % du chiffre d'affaires moyen annuel, calculé sur les trois derniers chiffres d'affaires annuels connus à la date des faits. »	III.-Le montant de l'amende peut être porté, de manière proportionnée aux avantages tirés du manquement, à 5 % du chiffre d'affaires moyen annuel, calculé sur les trois derniers chiffres d'affaires annuels connus à la date des faits.	//www.senat.fr/amendements/2014-2015/530/Amdt_92.html									
juste	56e20362f26c67dd	senat	92 rect.	Adopté	M. VERZELEN	JORFDOLE000051045642	L223-2	LEGIARTI000051830282:0	60	sans visée	1	suppose son consentement préalable. lorsque ce recueil de do	Alinéa 21 Remplacer cet alinéa par trois alinéas ainsi rédigés : a bis) L’article L. 223‑2 est ainsi rédigé : « Art. L. 223‑2 . – Lorsqu’un professionnel est amené à recueillir les données téléphoniques d’un consommateur, il informe celui‑ci que, en l’absence d’un contrat en cours d’exécution, toute sollicitation téléphonique effectuée à des fins commerciales suppose son consentement préalable. Lo […]	Lorsqu'un professionnel recueille les données téléphoniques d'un consommateur, il informe celui-ci que toute sollicitation téléphonique effectuée à des fins commerciales, sauf si elle intervient dans le cadre de l'exécution d'un contrat en cours au sens du quatrième alinéa de l'article L. 223-1, suppose son consentement préalable. Lorsque ce recueil de données téléphoniques se fait à l'occasion de […]	//www.senat.fr/amendements/2024-2025/469/Amdt_92.html									
faux	571ff2f8731bd514	assemblee	31	Adopté	Mme Laure de La Raudière	JORFDOLE000029134377	L141-1	LEGIARTI000029947732:19	60	sans visée	1	6 juillet 1989 tendant à améliorer les rapports locatifs et	L’article L. 123‑5‑1 du code de l’urbanisme est ainsi modifié : 1° Au premier l’alinéa, après le mot : « habitation », sont insérés les mots : « , ainsi que les communes visées à l’article 18 de la loi n° 89‑462 du 6 juillet 1989 tendant à améliorer les rapports locatifs et portant modification de la loi n° 86‑1290 du 23 décembre 1986 » ; 2° La première phrase du quatrième alinéa est complétée par […]	2° De l'article 4 de la loi n° 89-462 du 6 juillet 1989 tendant à améliorer les rapports locatifs et portant modification de la loi n° 86-1290 du 23 décembre 1986 ;										
juste	572751712b8a2a4c	assemblee	312	Adopté	Mme Chantal Guittet	JORFDOLE000027383756	L121-97	LEGIARTI000028741121:1	60	sans visée	1	sans préjudice des informations précontractuelles prévues au	Après l’alinéa 4, insérer l’alinéa suivant : « Sans préjudice des informations précontractuelles prévues au premier alinéa, les offres de contrat faites dans les foires et les salons doivent mentionner, en des termes clairs et lisibles, l’absence de délai de rétractation. ».	Sans préjudice des informations précontractuelles prévues au premier alinéa du présent article, les offres de contrat faites dans les foires et les salons mentionnent l'absence de délai de rétractation, en des termes clairs et lisibles, dans un encadré apparent.										
juste	57bd179f52178af2	senat	112	Adopté	M. MARINI	JORFDOLE000017760197	L311-4	LEGIARTI000006292383:6	60	oui	1	l'offre préalable de crédit doit être distincte de tout supp	Après l'article 59, insérer un article additionnel ainsi rédigé : Le code de la consommation est ainsi modifié : I. - L'article L. 311-4 est ainsi rédigé : « Art. L. 311-4 . – Toute publicité faite, reçue ou perçue en France qui, quel que soit son support, porte sur l'une des opérations de crédit à la consommation visées à l'article L. 311-2, est loyale et informative. Son contenu doit : « 1º Préc […]	L'offre préalable de crédit doit être distincte de tout support ou document publicitaire. (1)	//www.senat.fr/amendements/2002-2003/166/Amdt_112.html									
juste	57fbdfdeb570854b	assemblee	30	Adopté	M. Jean-Louis Bricout	JORFDOLE000027383756	L121-107	LEGIARTI000028741260:10	60	sans visée	1	les conditions de la responsabilité contractuelle du profes	I. – Après l’alinéa 35, insérer les vingt-cinq alinéas suivants : « Section 17 « Contrats relatifs au gaz de pétrole liquéfié « Art. L. 121‑105. – Les dispositions de la présente section s’appliquent aux contrats souscrits par un consommateur ayant pour objet la fourniture de gaz de pétrole liquéfié en vrac, la mise à disposition ou la vente de matériels de stockage de gaz de pétrole liquéfié en v […]	10° Les conditions de la responsabilité contractuelle du professionnel et de remboursement ou de compensation en cas d'erreur de facturation ou de retard de livraison ;										
juste	58b564b7481955f8	senat	229 rect.	Adopté	LE GOUVERNEMENT	JORFDOLE000021369332	L121-36	LEGIARTI000024039767:0	60	oui	1	lorsque la participation à cette opération est conditionnée	Après l'article 26, insérer un article additionnel ainsi rédigé : Le code de la consommation est ainsi modifié : 1° Les 1°, 4° et 5° de l'article L. 115-30 sont abrogés ; 2° Le dernier alinéa de l'article L. 121-8 est supprimé ; 3° Le premier alinéa de l'article L. 121-35 est complété par les mots : « dès lors que la pratique en cause revêt un caractère déloyal au sens de l'article L. 120-1 » ; 4° […]	Les opérations publicitaires réalisées par voie d'écrit qui tendent à faire naître l'espérance d'un gain attribué à chacun des participants, quelles que soient les modalités de tirage au sort, ne peuvent être pratiquées que si elles n'imposent aux participants aucune contrepartie financière ni dépense sous quelque forme que ce soit. Lorsque la participation à cette opération est conditionnée à une […]	//www.senat.fr/amendements/2010-2011/21/Amdt_229.html									
juste	58f6cd99c36003bf	senat	288	Adopté	M. YUNG	JORFDOLE000026795365	L331-3-1	LEGIARTI000027783213:5	60	oui	2	de la décision déclarant la recevabilité de la demande, le d	Après l’article 18 Insérer un article ainsi rédigé : L’article L. 331-3-1 du code de la consommation est complété par un alinéa ainsi rédigé : « À compter de la décision déclarant la recevabilité de la demande, le délai de trente jours mentionné au deuxième alinéa de l’article L. 113-3 du code des assurances, lorsqu’il est applicable, est porté à cent vingt jours pour les assurances ayant pour obj […]	A compter de la décision déclarant la recevabilité de la demande, le délai de trente jours mentionné au deuxième alinéa de l'article L. 113-3 du code des assurances, lorsqu'il est applicable, est porté à cent vingt jours pour les assurances ayant pour objet la garantie de remboursement d'un emprunt relevant du chapitre II du titre Ier du présent livre III et figurant dans l'état du passif définiti […]	//www.senat.fr/amendements/2012-2013/423/Amdt_288.html									
juste	592c473dc3fdc514	senat	16 rect.	Adopté	M. REQUIER	JORFDOLE000029134377	L121-21	LEGIARTI000029947703:7	60	sans visée	1	s contrats ayant pour objet la construction de biens immobil	Après l'alinéa 5 Insérer un alinéa ainsi rédigé : …) L’article L. 121-21 est complété par deux alinéas ainsi rédigés : « Lorsque le contrat ayant pour objet l'acquisition ou le transfert d'un bien immobilier est précédé d'un contrat préliminaire prévu à l'article L. 261-15 du code de la construction et de l'habitation ou d'une promesse synallagmatique ou unilatérale de vente, conclus hors établiss […]	Pour les contrats ayant pour objet la construction de biens immobiliers, le délai de rétractation court à compter de leur conclusion.	//www.senat.fr/amendements/2014-2015/60/Amdt_16.html									
faux	595ff2ff80de5907	assemblee	305	Adopté	M. François Brottes	JORFDOLE000027383756	L121-84-10-1	LEGIARTI000028742160:0	60	sans visée	1	se trouvent en état de fragilité eu égard notamment à leurs	"À la fin de l’alinéa 4, substituer aux mots : « se trouvent en état de fragilité eu égard notamment à leurs ressources » les mots : « bénéficient de la tarification spéciale "" produit de première nécessité "" de l’électricité ou du tarif spécial de solidarité du gaz naturel »."	Aucuns frais liés au rejet de paiement ne peuvent être imputés par un fournisseur de services de communications électroniques aux personnes physiques n'agissant pas pour des besoins professionnels qui se trouvent en état de fragilité eu égard notamment à leurs ressources.										
juste	59de1787e04541f1	senat	679	Adopté	M. FAUCONNIER	JORFDOLE000027383756	L121-29	LEGIARTI000028747592:12	60	sans visée	1	si le bien ou la prestation de services à financer ne sont p	Après l'alinéa 163 Insérer trois alinéas ainsi rédigés : ...) Le dernier alinéa est remplacé par deux alinéas ainsi rédigés : « L’exercice du droit de rétractation emporte résolution de plein droit du contrat de vente ou de prestation de services. « Si le bien ou la prestation de services à financer ne sont pas vendus à distance et que le consommateur, par une demande expresse, sollicite la livrai […]	Si le bien ou la prestation de services à financer ne sont pas vendus à distance et que le consommateur, par une demande expresse, sollicite la livraison ou la fourniture immédiate du bien ou du service, l'exercice du droit de rétractation n'emporte résolution de plein droit du contrat de vente ou de prestation de services que s'il intervient dans un délai de trois jours à compter de la conclusion […]	//www.senat.fr/amendements/2012-2013/810/Amdt_679.html									
juste	5a3b573ea9be4d3d	assemblee	305	Adopté	M. Philippe Kemel	JORFDOLE000026795365	L332-5-2	LEGIARTI000027762004:2	60	sans visée	1	statuer, le juge peut faire publier un appel aux créanciers	Après l'alinéa 12, insérer les treize alinéas suivants : « 5° L'avant-dernier alinéa de l’article L. 330‑1 est ainsi rédigé : « À l’occasion des recours exercés devant lui en application des articles L. 331‑4, L. 331‑7 et L. 332‑2, le juge du tribunal d’instance peut avec l’accord du débiteur, décider l’ouverture d’une procédure de rétablissement personnel avec liquidation judiciaire. Lorsqu’il st […]	Avant de statuer, le juge peut faire publier un appel aux créanciers. Il peut vérifier, même d'office, la validité des créances, des titres qui les constatent ainsi que le montant des sommes réclamées et s'assurer que le débiteur se trouve bien dans la situation définie à l'article L. 331-2. Il peut également prescrire toute mesure d'instruction qu'il estime utile. Nonobstant toute disposition con […]										
douteux	5a76c4e65533ba7b	senat	430 rect.	Adopté	Mme Michèle ANDRÉ	JORFDOLE000027383756	L311-17	LEGIARTI000028748089:0	60	oui	1	vrant droit à des avantages de toute nature, le bénéfice de	Rédiger ainsi cet article : L’article L. 311‑17 du code de la consommation est ainsi rédigé : « Art. L. 311-17 .- Lorsque le crédit renouvelable mentionné à l’article L. 311‑16 est assorti d’un programme ouvrant droit à des avantages de toute nature, le bénéfice de ces avantages ne peut être subordonné au paiement à crédit. Dans ce cas, le prêteur ou l’intermédiaire de crédit a l’obligation de pro […]	Lorsque le crédit renouvelable mentionné à l'article L. 311-16 est assorti d'une carte ouvrant droit à des avantages de toute nature, le bénéfice de ces avantages ne peut être subordonné au paiement à crédit. Dans ce cas, le prêteur ou l'intermédiaire de crédit a l'obligation de proposer au consommateur la possibilité de payer au comptant avec cette carte. L'utilisation du crédit résulte de l'acco […]	//www.senat.fr/amendements/2012-2013/810/Amdt_430.html									
juste	5ad38cfb0fb0dbb7	senat	158	Adopté	Mme LOISIER	JORFDOLE000043701629	L412-4	LEGIARTI000044224589:2	60	sans visée	1	le consommateur est informé, au moyen de l'étiquetage, de l'	I. – Alinéa 4 Remplacer cet alinéa par quatre alinéas ainsi rédigés : b) Les deuxième à avant-dernier alinéas sont ainsi rédigés : « Le consommateur est informé, au moyen de l’étiquetage, de l’origine du cacao des produits à base de cacao et de chocolat et de l’origine de la gelée royale. « Il est également informé de tous les pays d’origine des miels composant un mélange de miels en provenance de […]	Le consommateur est informé, au moyen de l'étiquetage, de l'origine du cacao des produits à base de cacao ou de chocolat et de l'origine de la gelée royale.	//www.senat.fr/amendements/2020-2021/829/Amdt_158.html									
juste	5d5bf5357ccccfea	assemblee	305	Adopté	M. Philippe Kemel	JORFDOLE000026795365	L330-1	LEGIARTI000027805308:5	60	sans visée	1	'occasion des recours exercés devant lui en application des	Après l'alinéa 12, insérer les treize alinéas suivants : « 5° L'avant-dernier alinéa de l’article L. 330‑1 est ainsi rédigé : « À l’occasion des recours exercés devant lui en application des articles L. 331‑4, L. 331‑7 et L. 332‑2, le juge du tribunal d’instance peut avec l’accord du débiteur, décider l’ouverture d’une procédure de rétablissement personnel avec liquidation judiciaire. Lorsqu’il st […]	A l'occasion des recours exercés devant lui en application des articles L. 331-4, L. 331-7 et L. 332-2, le juge du tribunal d'instance peut, avec l'accord du débiteur, décider l'ouverture d'une procédure de rétablissement personnel avec liquidation judiciaire. Lorsqu'il statue en application des articles L. 331-7 et L. 332-2, il peut en outre prononcer un redressement personnel sans liquidation ju […]										
juste	5d8fc2c8fa54cf14	senat	644 rect.	Adopté	LE GOUVERNEMENT	JORFDOLE000027383756	L213-2	LEGIARTI000028748928:5	60	sans visée	1	nt eu pour conséquence de rendre l'utilisation de la marchan	Alinéas 5 à 8 Remplacer ces alinéas par neuf alinéas ainsi rédigés : II. - L’article L. 213‑2 du même code est ainsi rédigé : « Art. L. 213 ‑2- I. - Les peines prévues à l’article L. 213‑1 sont portées à cinq ans d’emprisonnement et à 600 000 euros d’amende, si le délit ou la tentative de délit prévu à l’article L. 213‑1 ont été commis : « 1° Soit à l’aide de poids, mesures et autres instruments f […]	1° Ont eu pour conséquence de rendre l'utilisation de la marchandise dangereuse pour la santé de l'homme ou de l'animal ;	//www.senat.fr/amendements/2012-2013/810/Amdt_644.html									
juste	5eb6e8fc2f066146	assemblee	408	Adopté	M. Razzy Hammadi	JORFDOLE000027383756	L111-5	LEGIARTI000028744682:0	60	sans visée	1	y compris sur ce qui relève de la publicité au sens de l'art	À l’alinéa 2, après le mot : « transparente, », insérer les mots : « y compris sur ce qui relève de la publicité au sens de l’article 20 de la loi n° 2004‑575 du 21 juin 2004 précitée, ».	Sans préjudice des obligations d'information prévues à l'article 19 de la loi n° 2004-575 du 21 juin 2004 pour la confiance dans l'économie numérique, toute personne dont l'activité consiste en la fourniture d'informations en ligne permettant la comparaison des prix et des caractéristiques de biens et de services proposés par des professionnels est tenue d'apporter une information loyale, claire e […]										
