num_article,id_legi,date_debut,livre,texte_producteur_version,nature_producteur,article_predecesseur,texte_origine,nature_origine,id_dole_origine,legislature_origine,eligible_resulte_de
L111-1,LEGIARTI000044142438,2021-10-01,Livre Ier : INFORMATION DES CONSOMMATEURS ET PRATIQUES COMMERCIALES,Ordonnance n°2021-1247 du 29 septembre 2021,ORDONNANCE,L111-1,LOI n°2014-344 du 17 mars 2014,LOI,JORFDOLE000027383756,14,1
L111-2,LEGIARTI000032227350,2016-07-01,Livre Ier : INFORMATION DES CONSOMMATEURS ET PRATIQUES COMMERCIALES,Ordonnance n°2016-301 du 14 mars 2016,ORDONNANCE,L111-2,LOI n°2014-344 du 17 mars 2014,LOI,JORFDOLE000027383756,14,1
L111-3,LEGIARTI000034388081,2017-04-08,Livre Ier : INFORMATION DES CONSOMMATEURS ET PRATIQUES COMMERCIALES,Ordonnance n°2017-484 du 6 avril 2017,ORDONNANCE,L111-2,LOI n°2014-344 du 17 mars 2014,LOI,JORFDOLE000027383756,14,1
L111-4,LEGIARTI000044330854,2022-01-01,Livre Ier : INFORMATION DES CONSOMMATEURS ET PRATIQUES COMMERCIALES,LOI n°2021-1485 du 15 novembre 2021,LOI,L111-3,LOI n° 2014-344 du 17 mars 2014,LOI,JORFDOLE000027383756,14,1
L111-4-1,LEGIARTI000043960416,2023-01-01,Livre Ier : INFORMATION DES CONSOMMATEURS ET PRATIQUES COMMERCIALES,LOI n°2021-1104 du 22 août 2021,LOI,,LOI n°2021-1104 du 22 août 2021,LOI,JORFDOLE000043113774,15,1
L111-5,LEGIARTI000043974986,2023-01-01,Livre Ier : INFORMATION DES CONSOMMATEURS ET PRATIQUES COMMERCIALES,LOI n°2021-1104 du 22 août 2021,LOI,L111-4,LOI n° 2014-344 du 17 mars 2014,LOI,JORFDOLE000027383756,14,1
L111-6,LEGIARTI000044564977,2022-01-01,Livre Ier : INFORMATION DES CONSOMMATEURS ET PRATIQUES COMMERCIALES,LOI n°2021-1755 du 23 décembre 2021,LOI,L111-5,LOI n°2014-344 du 17 mars 2014,LOI,JORFDOLE000027383756,14,1
L111-7,LEGIARTI000049571125,2024-02-17,Livre Ier : INFORMATION DES CONSOMMATEURS ET PRATIQUES COMMERCIALES,LOI n°2024-449 du 21 mai 2024,LOI,L111-5-1,LOI n°2015-990 du 6 août 2015,LOI,JORFDOLE000029883713,14,1
L111-7-2,LEGIARTI000049571119,2024-02-17,Livre Ier : INFORMATION DES CONSOMMATEURS ET PRATIQUES COMMERCIALES,LOI n°2024-449 du 21 mai 2024,LOI,,LOI n°2024-449 du 21 mai 2024,LOI,JORFDOLE000047533100,16,1
L111-7-3,LEGIARTI000049571116,2024-02-17,Livre Ier : INFORMATION DES CONSOMMATEURS ET PRATIQUES COMMERCIALES,LOI n°2024-449 du 21 mai 2024,LOI,,LOI n°2024-449 du 21 mai 2024,LOI,JORFDOLE000047533100,16,1
L111-8,LEGIARTI000032227338,2016-07-01,Livre Ier : INFORMATION DES CONSOMMATEURS ET PRATIQUES COMMERCIALES,Ordonnance n°2016-301 du 14 mars 2016,ORDONNANCE,L111-7,LOI n° 2014-344 du 17 mars 2014,LOI,JORFDOLE000027383756,14,1
L112-1,LEGIARTI000032227331,2016-07-01,Livre Ier : INFORMATION DES CONSOMMATEURS ET PRATIQUES COMMERCIALES,Ordonnance n°2016-301 du 14 mars 2016,ORDONNANCE,L113-3,LOI n°2015-990 du 6 août 2015,LOI,JORFDOLE000029883713,14,1
L112-1-1,LEGIARTI000044549592,2022-05-28,Livre Ier : INFORMATION DES CONSOMMATEURS ET PRATIQUES COMMERCIALES,Ordonnance n°2021-1734 du 22 décembre 2021,ORDONNANCE,,Ordonnance n°2021-1734 du 22 décembre 2021,ORDONNANCE,JORFDOLE000044550081,15,0
L112-2,LEGIARTI000034072548,2017-02-23,Livre Ier : INFORMATION DES CONSOMMATEURS ET PRATIQUES COMMERCIALES,LOI n°2017-203 du 21 février 2017,LOI,L113-3,LOI n°2015-990 du 6 août 2015,LOI,JORFDOLE000029883713,14,1
L112-3,LEGIARTI000032227327,2016-07-01,Livre Ier : INFORMATION DES CONSOMMATEURS ET PRATIQUES COMMERCIALES,Ordonnance n°2016-301 du 14 mars 2016,ORDONNANCE,L113-3-1,LOI n° 2014-344 du 17 mars 2014,LOI,JORFDOLE000027383756,14,1
L112-4,LEGIARTI000032227325,2016-07-01,Livre Ier : INFORMATION DES CONSOMMATEURS ET PRATIQUES COMMERCIALES,Ordonnance n°2016-301 du 14 mars 2016,ORDONNANCE,L113-3-1,LOI n° 2014-344 du 17 mars 2014,LOI,JORFDOLE000027383756,14,1
L112-4-1,LEGIARTI000044129074,2021-10-01,Livre Ier : INFORMATION DES CONSOMMATEURS ET PRATIQUES COMMERCIALES,Ordonnance n°2021-1247 du 29 septembre 2021,ORDONNANCE,,Ordonnance n°2021-1247 du 29 septembre 2021,ORDONNANCE,JORFDOLE000044129891,15,0
L112-5,LEGIARTI000032227323,2016-07-01,Livre Ier : INFORMATION DES CONSOMMATEURS ET PRATIQUES COMMERCIALES,Ordonnance n°2016-301 du 14 mars 2016,ORDONNANCE,L113-3-3,Ordonnance n°2015-1628 du 10 décembre 2015,ORDONNANCE,JORFDOLE000031598001,14,0
L112-6,LEGIARTI000032227321,2016-07-01,Livre Ier : INFORMATION DES CONSOMMATEURS ET PRATIQUES COMMERCIALES,Ordonnance n°2016-301 du 14 mars 2016,ORDONNANCE,L113-3-3,Ordonnance n°2015-1628 du 10 décembre 2015,ORDONNANCE,JORFDOLE000031598001,14,0
L112-7,LEGIARTI000043545855,2021-05-28,Livre Ier : INFORMATION DES CONSOMMATEURS ET PRATIQUES COMMERCIALES,Ordonnance n°2021-650 du 26 mai 2021,ORDONNANCE,L113-4,LOI n°2009-594 du 27 mai 2009,LOI,JORFDOLE000019261102,13,1
L112-8,LEGIARTI000049571108,2024-02-17,Livre Ier : INFORMATION DES CONSOMMATEURS ET PRATIQUES COMMERCIALES,LOI n°2024-449 du 21 mai 2024,LOI,,LOI n°2024-449 du 21 mai 2024,LOI,JORFDOLE000047533100,16,1
L112-9,LEGIARTI000041557442,2020-02-12,Livre Ier : INFORMATION DES CONSOMMATEURS ET PRATIQUES COMMERCIALES,LOI n°2020-105 du 10 février 2020,LOI,,LOI n°2020-105 du 10 février 2020,LOI,JORFDOLE000038746653,15,1
L113-1,LEGIARTI000043978841,2021-08-25,Livre Ier : INFORMATION DES CONSOMMATEURS ET PRATIQUES COMMERCIALES,,,L117-1,LOI n°2014-856 du 31 juillet 2014,LOI,JORFDOLE000027750379,14,1
L113-2,LEGIARTI000043978835,2021-08-25,Livre Ier : INFORMATION DES CONSOMMATEURS ET PRATIQUES COMMERCIALES,,,L117-1,LOI n°2014-856 du 31 juillet 2014,LOI,JORFDOLE000027750379,14,1
L113-3,LEGIARTI000043960821,2021-08-25,Livre Ier : INFORMATION DES CONSOMMATEURS ET PRATIQUES COMMERCIALES,LOI n°2021-1104 du 22 août 2021,LOI,,LOI n°2021-1104 du 22 août 2021,LOI,JORFDOLE000043113774,15,1
L113-4,LEGIARTI000043960823,2021-08-25,Livre Ier : INFORMATION DES CONSOMMATEURS ET PRATIQUES COMMERCIALES,LOI n°2021-1104 du 22 août 2021,LOI,,LOI n°2021-1104 du 22 août 2021,LOI,JORFDOLE000043113774,15,1
L114-1,LEGIARTI000032227309,2016-07-01,Livre Ier : INFORMATION DES CONSOMMATEURS ET PRATIQUES COMMERCIALES,Ordonnance n°2016-301 du 14 mars 2016,ORDONNANCE,L134-1,Loi 93-949 1993-07-26 annexe JORF 27 juillet 1993,LOI,,,0
L120-1,LEGIARTI000043974916,2021-08-25,Livre Ier : INFORMATION DES CONSOMMATEURS ET PRATIQUES COMMERCIALES,LOI n°2021-1104 du 22 août 2021,LOI,,LOI n°2021-1104 du 22 août 2021,LOI,JORFDOLE000043113774,15,1
L120-2,LEGIARTI000041557387,2020-02-12,Livre Ier : INFORMATION DES CONSOMMATEURS ET PRATIQUES COMMERCIALES,LOI n°2020-105 du 10 février 2020,LOI,,LOI n°2020-105 du 10 février 2020,LOI,JORFDOLE000038746653,15,1
L121-1,LEGIARTI000032227301,2016-07-01,Livre Ier : INFORMATION DES CONSOMMATEURS ET PRATIQUES COMMERCIALES,Ordonnance n°2016-301 du 14 mars 2016,ORDONNANCE,L120-1,LOI n°2008-776 du 4 août 2008,LOI,JORFDOLE000018730653,13,1
L121-10,LEGIARTI000032227274,2016-07-01,Livre Ier : INFORMATION DES CONSOMMATEURS ET PRATIQUES COMMERCIALES,Ordonnance n°2016-301 du 14 mars 2016,ORDONNANCE,L122-10,Loi 93-949 1993-07-26 annexe JORF 27 juillet 1993,LOI,,,0
L121-11,LEGIARTI000051830271,2025-07-02,Livre Ier : INFORMATION DES CONSOMMATEURS ET PRATIQUES COMMERCIALES,LOI n°2025-594 du 30 juin 2025,LOI,L122-1,Ordonnance n°2013-544 du 27 juin 2013,ORDONNANCE,JORFDOLE000027621336,14,0
L121-12,LEGIARTI000032227266,2016-07-01,Livre Ier : INFORMATION DES CONSOMMATEURS ET PRATIQUES COMMERCIALES,Ordonnance n°2016-301 du 14 mars 2016,ORDONNANCE,L122-3,LOI n°2014-1545 du 20 décembre 2014,LOI,JORFDOLE000029134377,14,1
L121-13,LEGIARTI000032227264,2016-07-01,Livre Ier : INFORMATION DES CONSOMMATEURS ET PRATIQUES COMMERCIALES,Ordonnance n°2016-301 du 14 mars 2016,ORDONNANCE,L122-4,Ordonnance n°2005-648 du 6 juin 2005,ORDONNANCE,JORFDOLE000017760926,12,0
L121-14,LEGIARTI000032227262,2016-07-01,Livre Ier : INFORMATION DES CONSOMMATEURS ET PRATIQUES COMMERCIALES,Ordonnance n°2016-301 du 14 mars 2016,ORDONNANCE,L122-5,Ordonnance n°2005-648 du 6 juin 2005,ORDONNANCE,JORFDOLE000017760926,12,0
L121-15,LEGIARTI000032227258,2016-07-01,Livre Ier : INFORMATION DES CONSOMMATEURS ET PRATIQUES COMMERCIALES,Ordonnance n°2016-301 du 14 mars 2016,ORDONNANCE,L122-6,LOI n°2008-3 du 3 janvier 2008,LOI,JORFDOLE000017841208,13,1
L121-16,LEGIARTI000032227254,2016-07-01,Livre Ier : INFORMATION DES CONSOMMATEURS ET PRATIQUES COMMERCIALES,Ordonnance n°2016-301 du 14 mars 2016,ORDONNANCE,L113-5,LOI n°2008-776 du 4 août 2008,LOI,JORFDOLE000018730653,13,1
L121-17,LEGIARTI000032227250,2016-07-01,Livre Ier : INFORMATION DES CONSOMMATEURS ET PRATIQUES COMMERCIALES,Ordonnance n°2016-301 du 14 mars 2016,ORDONNANCE,L114-1,LOI n°2014-344 du 17 mars 2014,LOI,JORFDOLE000027383756,14,1
L121-18,LEGIARTI000032227248,2016-07-01,Livre Ier : INFORMATION DES CONSOMMATEURS ET PRATIQUES COMMERCIALES,Ordonnance n°2016-301 du 14 mars 2016,ORDONNANCE,L114-3,LOI n°2014-344 du 17 mars 2014,LOI,JORFDOLE000027383756,14,1
L121-19,LEGIARTI000032227244,2016-07-01,Livre Ier : INFORMATION DES CONSOMMATEURS ET PRATIQUES COMMERCIALES,Ordonnance n°2016-301 du 14 mars 2016,ORDONNANCE,L121-35,LOI n°2014-344 du 17 mars 2014,LOI,JORFDOLE000027383756,14,1
L121-2,LEGIARTI000044563114,2022-05-28,Livre Ier : INFORMATION DES CONSOMMATEURS ET PRATIQUES COMMERCIALES,Ordonnance n°2021-1734 du 22 décembre 2021,ORDONNANCE,L121-1,LOI n°2014-344 du 17 mars 2014,LOI,JORFDOLE000027383756,14,1
L121-20,LEGIARTI000032227240,2016-07-01,Livre Ier : INFORMATION DES CONSOMMATEURS ET PRATIQUES COMMERCIALES,Ordonnance n°2016-301 du 14 mars 2016,ORDONNANCE,L121-36,LOI n°2014-1545 du 20 décembre 2014,LOI,JORFDOLE000029134377,14,1
L121-21,LEGIARTI000032227234,2016-07-01,Livre Ier : INFORMATION DES CONSOMMATEURS ET PRATIQUES COMMERCIALES,Ordonnance n°2016-301 du 14 mars 2016,ORDONNANCE,L122-16,LOI n°2014-344 du 17 mars 2014,LOI,JORFDOLE000027383756,14,1
L121-22,LEGIARTI000044224603,2022-01-01,Livre Ier : INFORMATION DES CONSOMMATEURS ET PRATIQUES COMMERCIALES,LOI n°2021-1357 du 18 octobre 2021,LOI,L121-15,LOI n°2014-1545 du 20 décembre 2014,LOI,JORFDOLE000029134377,14,1
L121-23,LEGIARTI000042615545,2020-12-05,Livre Ier : INFORMATION DES CONSOMMATEURS ET PRATIQUES COMMERCIALES,LOI n°2020-1508 du 3 décembre 2020,LOI,,LOI n°2020-1508 du 3 décembre 2020,LOI,JORFDOLE000041566073,15,1
L121-24,LEGIARTI000044872394,2022-01-01,Livre Ier : INFORMATION DES CONSOMMATEURS ET PRATIQUES COMMERCIALES,Ordonnance n°2021-1843 du 22 décembre 2021,ORDONNANCE,,Ordonnance n°2021-1843 du 22 décembre 2021,ORDONNANCE,JORFDOLE000045279111,15,0
L121-3,LEGIARTI000044563111,2022-05-28,Livre Ier : INFORMATION DES CONSOMMATEURS ET PRATIQUES COMMERCIALES,Ordonnance n°2021-1734 du 22 décembre 2021,ORDONNANCE,L121-1,LOI n°2014-344 du 17 mars 2014,LOI,JORFDOLE000027383756,14,1
L121-4,LEGIARTI000044563107,2022-05-28,Livre Ier : INFORMATION DES CONSOMMATEURS ET PRATIQUES COMMERCIALES,Ordonnance n°2021-1734 du 22 décembre 2021,ORDONNANCE,L121-1-1,LOI n°2008-776 du 4 août 2008,LOI,JORFDOLE000018730653,13,1
L121-5,LEGIARTI000034072564,2017-02-23,Livre Ier : INFORMATION DES CONSOMMATEURS ET PRATIQUES COMMERCIALES,LOI n°2017-203 du 21 février 2017,LOI,L121-1,LOI n°2014-344 du 17 mars 2014,LOI,JORFDOLE000027383756,14,1
L121-6,LEGIARTI000032227285,2016-07-01,Livre Ier : INFORMATION DES CONSOMMATEURS ET PRATIQUES COMMERCIALES,Ordonnance n°2016-301 du 14 mars 2016,ORDONNANCE,L122-11,LOI n°2008-776 du 4 août 2008,LOI,JORFDOLE000018730653,13,1
L121-7,LEGIARTI000032227282,2016-07-01,Livre Ier : INFORMATION DES CONSOMMATEURS ET PRATIQUES COMMERCIALES,Ordonnance n°2016-301 du 14 mars 2016,ORDONNANCE,L122-11-1,LOI n°2011-525 du 17 mai 2011,LOI,JORFDOLE000021369332,13,1
L121-8,LEGIARTI000032227278,2016-07-01,Livre Ier : INFORMATION DES CONSOMMATEURS ET PRATIQUES COMMERCIALES,Ordonnance n°2016-301 du 14 mars 2016,ORDONNANCE,L122-8,LOI n°2014-344 du 17 mars 2014,LOI,JORFDOLE000027383756,14,1
L121-9,LEGIARTI000032227276,2016-07-01,Livre Ier : INFORMATION DES CONSOMMATEURS ET PRATIQUES COMMERCIALES,Ordonnance n°2016-301 du 14 mars 2016,ORDONNANCE,L122-9,LOI n°2014-344 du 17 mars 2014,LOI,JORFDOLE000027383756,14,1
L122-1,LEGIARTI000032227222,2016-07-01,Livre Ier : INFORMATION DES CONSOMMATEURS ET PRATIQUES COMMERCIALES,Ordonnance n°2016-301 du 14 mars 2016,ORDONNANCE,L121-8,LOI n°2011-525 du 17 mai 2011,LOI,JORFDOLE000021369332,13,1
L122-10,LEGIARTI000032227186,2016-07-01,Livre Ier : INFORMATION DES CONSOMMATEURS ET PRATIQUES COMMERCIALES,Ordonnance n°2016-301 du 14 mars 2016,ORDONNANCE,L121-15-3,LOI n°2014-344 du 17 mars 2014,LOI,JORFDOLE000027383756,14,1
L122-11,LEGIARTI000032227179,2016-07-01,Livre Ier : INFORMATION DES CONSOMMATEURS ET PRATIQUES COMMERCIALES,Ordonnance n°2016-301 du 14 mars 2016,ORDONNANCE,L121-15-4,LOI n° 2010-788 du 12 juillet 2010,LOI,JORFDOLE000020078758,13,1
L122-12,LEGIARTI000032227175,2016-07-01,Livre Ier : INFORMATION DES CONSOMMATEURS ET PRATIQUES COMMERCIALES,Ordonnance n°2016-301 du 14 mars 2016,ORDONNANCE,L121-50,Loi n°94-442 du 3 juin 1994,LOI,,,0
L122-13,LEGIARTI000032227173,2016-07-01,Livre Ier : INFORMATION DES CONSOMMATEURS ET PRATIQUES COMMERCIALES,Ordonnance n°2016-301 du 14 mars 2016,ORDONNANCE,L121-51,Loi n°94-442 du 3 juin 1994,LOI,,,0
L122-14,LEGIARTI000032227171,2016-07-01,Livre Ier : INFORMATION DES CONSOMMATEURS ET PRATIQUES COMMERCIALES,Ordonnance n°2016-301 du 14 mars 2016,ORDONNANCE,L121-52,Loi n°94-442 du 3 juin 1994,LOI,,,0
L122-15,LEGIARTI000032227169,2016-07-01,Livre Ier : INFORMATION DES CONSOMMATEURS ET PRATIQUES COMMERCIALES,Ordonnance n°2016-301 du 14 mars 2016,ORDONNANCE,L121-52,Loi n°94-442 du 3 juin 1994,LOI,,,0
L122-16,LEGIARTI000032227167,2016-07-01,Livre Ier : INFORMATION DES CONSOMMATEURS ET PRATIQUES COMMERCIALES,Ordonnance n°2016-301 du 14 mars 2016,ORDONNANCE,L121-53,Loi n°94-442 du 3 juin 1994,LOI,,,0
L122-17,LEGIARTI000032227163,2016-07-01,Livre Ier : INFORMATION DES CONSOMMATEURS ET PRATIQUES COMMERCIALES,Ordonnance n°2016-301 du 14 mars 2016,ORDONNANCE,L121-80,Loi n°98-405 du 25 mai 1998,LOI,,,0
L122-18,LEGIARTI000032227159,2016-07-01,Livre Ier : INFORMATION DES CONSOMMATEURS ET PRATIQUES COMMERCIALES,Ordonnance n°2016-301 du 14 mars 2016,ORDONNANCE,L121-81,Loi n°98-405 du 25 mai 1998,LOI,,,0
L122-19,LEGIARTI000037556708,2018-11-02,Livre Ier : INFORMATION DES CONSOMMATEURS ET PRATIQUES COMMERCIALES,LOI n°2018-938 du 30 octobre 2018,LOI,L121-82-1,LOI n°2014-344 du 17 mars 2014,LOI,JORFDOLE000027383756,14,1
L122-2,LEGIARTI000039382281,2019-12-15,Livre Ier : INFORMATION DES CONSOMMATEURS ET PRATIQUES COMMERCIALES,Ordonnance n°2019-1169 du 13 novembre 2019,ORDONNANCE,L121-9,Ordonnance n°2019-1169 du 13 novembre 2019,ORDONNANCE,JORFDOLE000039374523,15,0
L122-20,LEGIARTI000032227152,2016-07-01,Livre Ier : INFORMATION DES CONSOMMATEURS ET PRATIQUES COMMERCIALES,Ordonnance n°2016-301 du 14 mars 2016,ORDONNANCE,L121-82-1,LOI n°2014-344 du 17 mars 2014,LOI,JORFDOLE000027383756,14,1
L122-21,LEGIARTI000032227150,2016-07-01,Livre Ier : INFORMATION DES CONSOMMATEURS ET PRATIQUES COMMERCIALES,Ordonnance n°2016-301 du 14 mars 2016,ORDONNANCE,L121-82-2,LOI n°2014-344 du 17 mars 2014,LOI,JORFDOLE000027383756,14,1
L122-21-1,LEGIARTI000041557068,2020-02-12,Livre Ier : INFORMATION DES CONSOMMATEURS ET PRATIQUES COMMERCIALES,LOI n°2020-105 du 10 février 2020,LOI,,LOI n°2020-105 du 10 février 2020,LOI,JORFDOLE000038746653,15,1
L122-22,LEGIARTI000035723787,2017-10-06,Livre Ier : INFORMATION DES CONSOMMATEURS ET PRATIQUES COMMERCIALES,Ordonnance n°2017-1426 du 4 octobre 2017,ORDONNANCE,,Ordonnance n°2017-1426 du 4 octobre 2017,ORDONNANCE,JORFDOLE000035722616,15,0
L122-23,LEGIARTI000033576988,2016-12-11,Livre Ier : INFORMATION DES CONSOMMATEURS ET PRATIQUES COMMERCIALES,LOI n°2016-1691 du 9 décembre 2016,LOI,,LOI n°2016-1691 du 9 décembre 2016,LOI,JORFDOLE000032319792,14,1
L122-24,LEGIARTI000044221550,2022-01-01,Livre Ier : INFORMATION DES CONSOMMATEURS ET PRATIQUES COMMERCIALES,LOI n°2021-1357 du 18 octobre 2021,LOI,,LOI n°2021-1357 du 18 octobre 2021,LOI,JORFDOLE000043701629,15,1
L122-25,LEGIARTI000044328688,2021-11-17,Livre Ier : INFORMATION DES CONSOMMATEURS ET PRATIQUES COMMERCIALES,LOI n°2021-1485 du 15 novembre 2021,LOI,,LOI n°2021-1485 du 15 novembre 2021,LOI,JORFDOLE000042956321,15,1
L122-26,LEGIARTI000051828610,2025-07-02,Livre Ier : INFORMATION DES CONSOMMATEURS ET PRATIQUES COMMERCIALES,LOI n°2025-594 du 30 juin 2025,LOI,,LOI n°2025-594 du 30 juin 2025,LOI,JORFDOLE000051045642,17,1
L122-3,LEGIARTI000032227218,2016-07-01,Livre Ier : INFORMATION DES CONSOMMATEURS ET PRATIQUES COMMERCIALES,Ordonnance n°2016-301 du 14 mars 2016,ORDONNANCE,L121-10,Ordonnance n°2016-301 du 14 mars 2016,ORDONNANCE,JORFDOLE000032223954,14,0
L122-4,LEGIARTI000032227216,2016-07-01,Livre Ier : INFORMATION DES CONSOMMATEURS ET PRATIQUES COMMERCIALES,Ordonnance n°2016-301 du 14 mars 2016,ORDONNANCE,L121-11,Ordonnance n°2016-301 du 14 mars 2016,ORDONNANCE,JORFDOLE000032223954,14,0
L122-5,LEGIARTI000032227214,2016-07-01,Livre Ier : INFORMATION DES CONSOMMATEURS ET PRATIQUES COMMERCIALES,Ordonnance n°2016-301 du 14 mars 2016,ORDONNANCE,L121-12,Ordonnance n°2016-301 du 14 mars 2016,ORDONNANCE,JORFDOLE000032223954,14,0
L122-6,LEGIARTI000032227212,2016-07-01,Livre Ier : INFORMATION DES CONSOMMATEURS ET PRATIQUES COMMERCIALES,Ordonnance n°2016-301 du 14 mars 2016,ORDONNANCE,L121-13,Ordonnance n°2016-301 du 14 mars 2016,ORDONNANCE,JORFDOLE000032223954,14,0
L122-7,LEGIARTI000032227210,2016-07-01,Livre Ier : INFORMATION DES CONSOMMATEURS ET PRATIQUES COMMERCIALES,Ordonnance n°2016-301 du 14 mars 2016,ORDONNANCE,L121-14,Ordonnance n°2016-301 du 14 mars 2016,ORDONNANCE,JORFDOLE000032223954,14,0
L122-8,LEGIARTI000032227196,2016-07-01,Livre Ier : INFORMATION DES CONSOMMATEURS ET PRATIQUES COMMERCIALES,Ordonnance n°2016-301 du 14 mars 2016,ORDONNANCE,L121-15-1,Ordonnance n°2011-1012 du 24 août 2011,ORDONNANCE,JORFDOLE000025642874,13,0
L122-9,LEGIARTI000032227189,2016-07-01,Livre Ier : INFORMATION DES CONSOMMATEURS ET PRATIQUES COMMERCIALES,Ordonnance n°2016-301 du 14 mars 2016,ORDONNANCE,L121-15-2,LOI n°2008-3 du 3 janvier 2008,LOI,JORFDOLE000017841208,13,1
L131-1,LEGIARTI000044563118,2022-05-28,Livre Ier : INFORMATION DES CONSOMMATEURS ET PRATIQUES COMMERCIALES,Ordonnance n°2021-1734 du 22 décembre 2021,ORDONNANCE,L111-6,LOI n°2015-990 du 6 août 2015,LOI,JORFDOLE000029883713,14,1
L131-1-1,LEGIARTI000044549719,2022-05-28,Livre Ier : INFORMATION DES CONSOMMATEURS ET PRATIQUES COMMERCIALES,Ordonnance n°2021-1734 du 22 décembre 2021,ORDONNANCE,,Ordonnance n°2021-1734 du 22 décembre 2021,ORDONNANCE,JORFDOLE000044550081,15,0
L131-2,LEGIARTI000032227140,2016-07-01,Livre Ier : INFORMATION DES CONSOMMATEURS ET PRATIQUES COMMERCIALES,Ordonnance n°2016-301 du 14 mars 2016,ORDONNANCE,L111-6,LOI n°2015-990 du 6 août 2015,LOI,JORFDOLE000029883713,14,1
L131-3,LEGIARTI000043974978,2023-01-01,Livre Ier : INFORMATION DES CONSOMMATEURS ET PRATIQUES COMMERCIALES,LOI n°2021-1104 du 22 août 2021,LOI,L111-6-1,LOI n°2015-990 du 6 août 2015,LOI,JORFDOLE000029883713,14,1
L131-3-1,LEGIARTI000044526142,2022-01-01,Livre Ier : INFORMATION DES CONSOMMATEURS ET PRATIQUES COMMERCIALES,Ordonnance n°2021-1247 du 29 septembre 2021,ORDONNANCE,,Ordonnance n°2021-1247 du 29 septembre 2021,ORDONNANCE,JORFDOLE000044129891,15,0
L131-4,LEGIARTI000045296587,2023-10-01,Livre Ier : INFORMATION DES CONSOMMATEURS ET PRATIQUES COMMERCIALES,LOI n°2022-309 du 3 mars 2022,LOI,L111-6-1,LOI n°2015-990 du 6 août 2015,LOI,JORFDOLE000029883713,14,1
L131-5,LEGIARTI000032227132,2016-07-01,Livre Ier : INFORMATION DES CONSOMMATEURS ET PRATIQUES COMMERCIALES,Ordonnance n°2016-301 du 14 mars 2016,ORDONNANCE,L113-3-2,LOI n° 2014-344 du 17 mars 2014,LOI,JORFDOLE000027383756,14,1
L131-6,LEGIARTI000044142454,2021-10-01,Livre Ier : INFORMATION DES CONSOMMATEURS ET PRATIQUES COMMERCIALES,Ordonnance n°2021-1247 du 29 septembre 2021,ORDONNANCE,L113-3-2,LOI n° 2014-344 du 17 mars 2014,LOI,JORFDOLE000027383756,14,1
L131-7,LEGIARTI000048050211,2023-09-08,Livre Ier : INFORMATION DES CONSOMMATEURS ET PRATIQUES COMMERCIALES,Ordonnance n°2023-857 du 6 septembre 2023,ORDONNANCE,,Ordonnance n°2023-857 du 6 septembre 2023,ORDONNANCE,JORFDOLE000048050653,16,0
L132-1,LEGIARTI000032227122,2016-07-01,Livre Ier : INFORMATION DES CONSOMMATEURS ET PRATIQUES COMMERCIALES,Ordonnance n°2016-301 du 14 mars 2016,ORDONNANCE,L121-5,LOI n°2014-344 du 17 mars 2014,LOI,JORFDOLE000027383756,14,1
L132-1 A,LEGIARTI000051560139,2025-05-03,Livre Ier : INFORMATION DES CONSOMMATEURS ET PRATIQUES COMMERCIALES,LOI n°2025-391 du 30 avril 2025,LOI,,LOI n°2025-391 du 30 avril 2025,LOI,JORFDOLE000050427907,17,1
L132-10,LEGIARTI000032227097,2016-07-01,Livre Ier : INFORMATION DES CONSOMMATEURS ET PRATIQUES COMMERCIALES,Ordonnance n°2016-301 du 14 mars 2016,ORDONNANCE,L122-15,LOI n°2008-3 du 3 janvier 2008,LOI,JORFDOLE000017841208,13,1
L132-11,LEGIARTI000037556685,2018-11-02,Livre Ier : INFORMATION DES CONSOMMATEURS ET PRATIQUES COMMERCIALES,LOI n°2018-938 du 30 octobre 2018,LOI,L122-12,LOI n°2014-344 du 17 mars 2014,LOI,JORFDOLE000027383756,14,1
L132-11-1,LEGIARTI000046190610,2022-08-18,Livre Ier : INFORMATION DES CONSOMMATEURS ET PRATIQUES COMMERCIALES,LOI n°2022-1158 du 16 août 2022,LOI,,LOI n°2022-1158 du 16 août 2022,LOI,JORFDOLE000046027237,16,1
L132-11-2,LEGIARTI000046190612,2022-08-18,Livre Ier : INFORMATION DES CONSOMMATEURS ET PRATIQUES COMMERCIALES,LOI n°2022-1158 du 16 août 2022,LOI,,LOI n°2022-1158 du 16 août 2022,LOI,JORFDOLE000046027237,16,1
L132-12,LEGIARTI000032227091,2016-07-01,Livre Ier : INFORMATION DES CONSOMMATEURS ET PRATIQUES COMMERCIALES,Ordonnance n°2016-301 du 14 mars 2016,ORDONNANCE,L122-13,LOI n°2008-3 du 3 janvier 2008,LOI,JORFDOLE000017841208,13,1
L132-13,LEGIARTI000032227085,2016-07-01,Livre Ier : INFORMATION DES CONSOMMATEURS ET PRATIQUES COMMERCIALES,Ordonnance n°2016-301 du 14 mars 2016,ORDONNANCE,L122-8,LOI n°2014-344 du 17 mars 2014,LOI,JORFDOLE000027383756,14,1
L132-14,LEGIARTI000032227083,2016-07-01,Livre Ier : INFORMATION DES CONSOMMATEURS ET PRATIQUES COMMERCIALES,Ordonnance n°2016-301 du 14 mars 2016,ORDONNANCE,L122-8,LOI n°2014-344 du 17 mars 2014,LOI,JORFDOLE000027383756,14,1
L132-14-1,LEGIARTI000051828125,2025-07-02,Livre Ier : INFORMATION DES CONSOMMATEURS ET PRATIQUES COMMERCIALES,LOI n°2025-594 du 30 juin 2025,LOI,,LOI n°2025-594 du 30 juin 2025,LOI,JORFDOLE000051045642,17,1
L132-15,LEGIARTI000032227081,2016-07-01,Livre Ier : INFORMATION DES CONSOMMATEURS ET PRATIQUES COMMERCIALES,Ordonnance n°2016-301 du 14 mars 2016,ORDONNANCE,L122-8,LOI n°2014-344 du 17 mars 2014,LOI,JORFDOLE000027383756,14,1
L132-16,LEGIARTI000032227075,2016-07-01,Livre Ier : INFORMATION DES CONSOMMATEURS ET PRATIQUES COMMERCIALES,Ordonnance n°2016-301 du 14 mars 2016,ORDONNANCE,L122-3,LOI n°2014-1545 du 20 décembre 2014,LOI,JORFDOLE000029134377,14,1
L132-17,LEGIARTI000032227071,2016-07-01,Livre Ier : INFORMATION DES CONSOMMATEURS ET PRATIQUES COMMERCIALES,Ordonnance n°2016-301 du 14 mars 2016,ORDONNANCE,L122-3,LOI n°2014-1545 du 20 décembre 2014,LOI,JORFDOLE000029134377,14,1
L132-18,LEGIARTI000032227069,2016-07-01,Livre Ier : INFORMATION DES CONSOMMATEURS ET PRATIQUES COMMERCIALES,Ordonnance n°2016-301 du 14 mars 2016,ORDONNANCE,L122-3,LOI n°2014-1545 du 20 décembre 2014,LOI,JORFDOLE000029134377,14,1
L132-19,LEGIARTI000032227065,2016-07-01,Livre Ier : INFORMATION DES CONSOMMATEURS ET PRATIQUES COMMERCIALES,Ordonnance n°2016-301 du 14 mars 2016,ORDONNANCE,L122-7,LOI n°2014-344 du 17 mars 2014,LOI,JORFDOLE000027383756,14,1
L132-2,LEGIARTI000049532070,2024-05-12,Livre Ier : INFORMATION DES CONSOMMATEURS ET PRATIQUES COMMERCIALES,LOI n°2024-420 du 10 mai 2024,LOI,L121-6,LOI n°2014-344 du 17 mars 2014,LOI,JORFDOLE000027383756,14,1
L132-2-1,LEGIARTI000046190577,2022-08-18,Livre Ier : INFORMATION DES CONSOMMATEURS ET PRATIQUES COMMERCIALES,LOI n°2022-1158 du 16 août 2022,LOI,,LOI n°2022-1158 du 16 août 2022,LOI,JORFDOLE000046027237,16,1
L132-2-2,LEGIARTI000046190579,2022-08-18,Livre Ier : INFORMATION DES CONSOMMATEURS ET PRATIQUES COMMERCIALES,LOI n°2022-1158 du 16 août 2022,LOI,,LOI n°2022-1158 du 16 août 2022,LOI,JORFDOLE000046027237,16,1
L132-20,LEGIARTI000032227061,2016-07-01,Livre Ier : INFORMATION DES CONSOMMATEURS ET PRATIQUES COMMERCIALES,Ordonnance n°2016-301 du 14 mars 2016,ORDONNANCE,L122-7,LOI n°2014-344 du 17 mars 2014,LOI,JORFDOLE000027383756,14,1
L132-21,LEGIARTI000032227057,2016-07-01,Livre Ier : INFORMATION DES CONSOMMATEURS ET PRATIQUES COMMERCIALES,Ordonnance n°2016-301 du 14 mars 2016,ORDONNANCE,L113-6,LOI n°2014-344 du 17 mars 2014,LOI,JORFDOLE000027383756,14,1
L132-22,LEGIARTI000032227053,2016-07-01,Livre Ier : INFORMATION DES CONSOMMATEURS ET PRATIQUES COMMERCIALES,Ordonnance n°2016-301 du 14 mars 2016,ORDONNANCE,L114-2,LOI n°2014-344 du 17 mars 2014,LOI,JORFDOLE000027383756,14,1
L132-23,LEGIARTI000032227049,2016-07-01,Livre Ier : INFORMATION DES CONSOMMATEURS ET PRATIQUES COMMERCIALES,Ordonnance n°2016-301 du 14 mars 2016,ORDONNANCE,L122-16,LOI n°2014-344 du 17 mars 2014,LOI,JORFDOLE000027383756,14,1
L132-24,LEGIARTI000032227045,2016-07-01,Livre Ier : INFORMATION DES CONSOMMATEURS ET PRATIQUES COMMERCIALES,Ordonnance n°2016-301 du 14 mars 2016,ORDONNANCE,L121-15,LOI n°2014-1545 du 20 décembre 2014,LOI,JORFDOLE000029134377,14,1
L132-24-1,LEGIARTI000042614988,2020-12-05,Livre Ier : INFORMATION DES CONSOMMATEURS ET PRATIQUES COMMERCIALES,LOI n°2020-1508 du 3 décembre 2020,LOI,,LOI n°2020-1508 du 3 décembre 2020,LOI,JORFDOLE000041566073,15,1
L132-24-2,LEGIARTI000042615606,2020-12-05,Livre Ier : INFORMATION DES CONSOMMATEURS ET PRATIQUES COMMERCIALES,LOI n°2020-1508 du 3 décembre 2020,LOI,,LOI n°2020-1508 du 3 décembre 2020,LOI,JORFDOLE000041566073,15,1
L132-25,LEGIARTI000032227039,2016-07-01,Livre Ier : INFORMATION DES CONSOMMATEURS ET PRATIQUES COMMERCIALES,Ordonnance n°2016-301 du 14 mars 2016,ORDONNANCE,L121-14,Ordonnance n°2016-301 du 14 mars 2016,ORDONNANCE,JORFDOLE000032223954,14,0
L132-26,LEGIARTI000032227035,2016-07-01,Livre Ier : INFORMATION DES CONSOMMATEURS ET PRATIQUES COMMERCIALES,Ordonnance n°2016-301 du 14 mars 2016,ORDONNANCE,L121-15-3,LOI n°2014-344 du 17 mars 2014,LOI,JORFDOLE000027383756,14,1
L132-27,LEGIARTI000033613611,2016-12-11,Livre Ier : INFORMATION DES CONSOMMATEURS ET PRATIQUES COMMERCIALES,LOI n°2016-1691 du 9 décembre 2016,LOI,L121-82,LOI n°2014-344 du 17 mars 2014,LOI,JORFDOLE000027383756,14,1
L132-28,LEGIARTI000032227029,2016-07-01,Livre Ier : INFORMATION DES CONSOMMATEURS ET PRATIQUES COMMERCIALES,Ordonnance n°2016-301 du 14 mars 2016,ORDONNANCE,L121-82,LOI n°2014-344 du 17 mars 2014,LOI,JORFDOLE000027383756,14,1
L132-29,LEGIARTI000049454922,2024-04-24,Livre Ier : INFORMATION DES CONSOMMATEURS ET PRATIQUES COMMERCIALES,LOI n°2024-364 du 22 avril 2024,LOI,,LOI n°2024-364 du 22 avril 2024,LOI,JORFDOLE000048399123,16,1
L132-3,LEGIARTI000032227118,2016-07-01,Livre Ier : INFORMATION DES CONSOMMATEURS ET PRATIQUES COMMERCIALES,Ordonnance n°2016-301 du 14 mars 2016,ORDONNANCE,L121-6,LOI n°2014-344 du 17 mars 2014,LOI,JORFDOLE000027383756,14,1
L132-4,LEGIARTI000037556691,2018-11-02,Livre Ier : INFORMATION DES CONSOMMATEURS ET PRATIQUES COMMERCIALES,LOI n°2018-938 du 30 octobre 2018,LOI,L121-4,LOI n°2014-344 du 17 mars 2014,LOI,JORFDOLE000027383756,14,1
L132-5,LEGIARTI000032227114,2016-07-01,Livre Ier : INFORMATION DES CONSOMMATEURS ET PRATIQUES COMMERCIALES,Ordonnance n°2016-301 du 14 mars 2016,ORDONNANCE,L121-7,LOI n°2008-3 du 3 janvier 2008,LOI,JORFDOLE000017841208,13,1
L132-6,LEGIARTI000032227112,2016-07-01,Livre Ier : INFORMATION DES CONSOMMATEURS ET PRATIQUES COMMERCIALES,Ordonnance n°2016-301 du 14 mars 2016,ORDONNANCE,L121-7,LOI n°2008-3 du 3 janvier 2008,LOI,JORFDOLE000017841208,13,1
L132-7,LEGIARTI000032227110,2016-07-01,Livre Ier : INFORMATION DES CONSOMMATEURS ET PRATIQUES COMMERCIALES,Ordonnance n°2016-301 du 14 mars 2016,ORDONNANCE,L121-7,LOI n°2008-3 du 3 janvier 2008,LOI,JORFDOLE000017841208,13,1
L132-8,LEGIARTI000032227106,2016-07-01,Livre Ier : INFORMATION DES CONSOMMATEURS ET PRATIQUES COMMERCIALES,Ordonnance n°2016-301 du 14 mars 2016,ORDONNANCE,L121-3,LOI n°2008-3 du 3 janvier 2008,LOI,JORFDOLE000017841208,13,1
L132-9,LEGIARTI000032227103,2016-07-01,Livre Ier : INFORMATION DES CONSOMMATEURS ET PRATIQUES COMMERCIALES,Ordonnance n°2016-301 du 14 mars 2016,ORDONNANCE,L121-7,LOI n°2008-3 du 3 janvier 2008,LOI,JORFDOLE000017841208,13,1
L133-1,LEGIARTI000049566973,2024-02-17,Livre Ier : INFORMATION DES CONSOMMATEURS ET PRATIQUES COMMERCIALES,LOI n°2024-449 du 21 mai 2024,LOI,,LOI n°2024-449 du 21 mai 2024,LOI,JORFDOLE000047533100,16,1
L133-2,LEGIARTI000049566975,2024-02-17,Livre Ier : INFORMATION DES CONSOMMATEURS ET PRATIQUES COMMERCIALES,LOI n°2024-449 du 21 mai 2024,LOI,,LOI n°2024-449 du 21 mai 2024,LOI,JORFDOLE000047533100,16,1
L133-3,LEGIARTI000049566977,2024-02-17,Livre Ier : INFORMATION DES CONSOMMATEURS ET PRATIQUES COMMERCIALES,LOI n°2024-449 du 21 mai 2024,LOI,,LOI n°2024-449 du 21 mai 2024,LOI,JORFDOLE000047533100,16,1
L141-1,LEGIARTI000034131262,2017-07-01,Livre Ier : INFORMATION DES CONSOMMATEURS ET PRATIQUES COMMERCIALES,Ordonnance n°2017-269 du 2 mars 2017,ORDONNANCE,L113-3,LOI n°2015-990 du 6 août 2015,LOI,JORFDOLE000029883713,14,1
L141-2,LEGIARTI000042615493,2020-12-05,Livre Ier : INFORMATION DES CONSOMMATEURS ET PRATIQUES COMMERCIALES,LOI n°2020-1508 du 3 décembre 2020,LOI,,LOI n°2020-1508 du 3 décembre 2020,LOI,JORFDOLE000041566073,15,1
L141-3,LEGIARTI000050493045,2024-11-15,Livre Ier : INFORMATION DES CONSOMMATEURS ET PRATIQUES COMMERCIALES,Ordonnance n°2024-1019 du 13 novembre 2024,ORDONNANCE,,Ordonnance n°2024-1019 du 13 novembre 2024,ORDONNANCE,JORFDOLE000050494550,17,0
L211-1,LEGIARTI000032227013,2016-07-01,Livre II : FORMATION ET ÉXECUTION DES CONTRATS,Ordonnance n°2016-301 du 14 mars 2016,ORDONNANCE,L133-1,Loi 93-949 1993-07-26 annexe JORF 27 juillet 1993,LOI,,,0
L211-2,LEGIARTI000044142459,2021-10-01,Livre II : FORMATION ET ÉXECUTION DES CONTRATS,Ordonnance n°2021-1247 du 29 septembre 2021,ORDONNANCE,L133-3,LOI n°2014-344 du 17 mars 2014,LOI,JORFDOLE000027383756,14,1
L211-3,LEGIARTI000032227008,2016-07-01,Livre II : FORMATION ET ÉXECUTION DES CONTRATS,Ordonnance n°2016-301 du 14 mars 2016,ORDONNANCE,L133-4,LOI n°2014-344 du 17 mars 2014,LOI,JORFDOLE000027383756,14,1
L211-4,LEGIARTI000032227006,2016-07-01,Livre II : FORMATION ET ÉXECUTION DES CONTRATS,Ordonnance n°2016-301 du 14 mars 2016,ORDONNANCE,,Ordonnance n°2016-301 du 14 mars 2016,ORDONNANCE,JORFDOLE000032223954,14,0
L212-1,LEGIARTI000032890812,2016-10-10,Livre II : FORMATION ET ÉXECUTION DES CONTRATS,Ordonnance n°2016-131 du 10 février 2016,ORDONNANCE,L132-1,Ordonnance n°2016-131 du 10 février 2016,ORDONNANCE,JORFDOLE000032036173,14,0
L212-2,LEGIARTI000032227000,2016-07-01,Livre II : FORMATION ET ÉXECUTION DES CONTRATS,Ordonnance n°2016-301 du 14 mars 2016,ORDONNANCE,,Ordonnance n°2016-301 du 14 mars 2016,ORDONNANCE,JORFDOLE000032223954,14,0
L213-1,LEGIARTI000032226994,2016-07-01,Livre II : FORMATION ET ÉXECUTION DES CONTRATS,Ordonnance n°2016-301 du 14 mars 2016,ORDONNANCE,L134-2,Loi n°2004-575 du 21 juin 2004,LOI,JORFDOLE000017759461,12,0
L214-1,LEGIARTI000032226990,2016-07-01,Livre II : FORMATION ET ÉXECUTION DES CONTRATS,Ordonnance n°2016-301 du 14 mars 2016,ORDONNANCE,L131-1,LOI n°2014-344 du 17 mars 2014,LOI,JORFDOLE000027383756,14,1
L214-2,LEGIARTI000032226988,2016-07-01,Livre II : FORMATION ET ÉXECUTION DES CONTRATS,Ordonnance n°2016-301 du 14 mars 2016,ORDONNANCE,L131-1,LOI n°2014-344 du 17 mars 2014,LOI,JORFDOLE000027383756,14,1
L214-3,LEGIARTI000032226986,2016-07-01,Livre II : FORMATION ET ÉXECUTION DES CONTRATS,Ordonnance n°2016-301 du 14 mars 2016,ORDONNANCE,L131-2,Loi 93-949 1993-07-26 annexe JORF 27 juillet 1993,LOI,,,0
L215-1,LEGIARTI000046194176,2022-08-18,Livre II : FORMATION ET ÉXECUTION DES CONTRATS,LOI n°2022-1158 du 16 août 2022,LOI,L136-1,LOI n°2014-344 du 17 mars 2014,LOI,JORFDOLE000027383756,14,1
L215-1-1,LEGIARTI000046190107,2023-06-01,Livre II : FORMATION ET ÉXECUTION DES CONTRATS,LOI n°2022-1158 du 16 août 2022,LOI,,LOI n°2022-1158 du 16 août 2022,LOI,JORFDOLE000046027237,16,1
L215-2,LEGIARTI000046194156,2023-06-01,Livre II : FORMATION ET ÉXECUTION DES CONTRATS,LOI n°2022-1158 du 16 août 2022,LOI,L136-1,LOI n°2014-344 du 17 mars 2014,LOI,JORFDOLE000027383756,14,1
L215-3,LEGIARTI000032226976,2016-07-01,Livre II : FORMATION ET ÉXECUTION DES CONTRATS,Ordonnance n°2016-301 du 14 mars 2016,ORDONNANCE,L136-1,LOI n°2014-344 du 17 mars 2014,LOI,JORFDOLE000027383756,14,1
L215-4,LEGIARTI000032226974,2016-07-01,Livre II : FORMATION ET ÉXECUTION DES CONTRATS,Ordonnance n°2016-301 du 14 mars 2016,ORDONNANCE,L136-2,LOI n°2014-344 du 17 mars 2014,LOI,JORFDOLE000027383756,14,1
L215-5,LEGIARTI000046194153,2023-06-01,Livre II : FORMATION ET ÉXECUTION DES CONTRATS,LOI n°2022-1158 du 16 août 2022,LOI,,LOI n°2022-1158 du 16 août 2022,LOI,JORFDOLE000046027237,16,1
L216-1,LEGIARTI000044142498,2021-10-01,Livre II : FORMATION ET ÉXECUTION DES CONTRATS,Ordonnance n°2021-1247 du 29 septembre 2021,ORDONNANCE,L138-1,LOI n°2014-344 du 17 mars 2014,LOI,JORFDOLE000027383756,14,1
L216-2,LEGIARTI000044142491,2021-10-01,Livre II : FORMATION ET ÉXECUTION DES CONTRATS,Ordonnance n°2021-1247 du 29 septembre 2021,ORDONNANCE,L138-2,LOI n°2014-344 du 17 mars 2014,LOI,JORFDOLE000027383756,14,1
L216-3,LEGIARTI000044142485,2021-10-01,Livre II : FORMATION ET ÉXECUTION DES CONTRATS,Ordonnance n°2021-1247 du 29 septembre 2021,ORDONNANCE,L138-3,LOI n°2014-344 du 17 mars 2014,LOI,JORFDOLE000027383756,14,1
L216-4,LEGIARTI000044142481,2021-10-01,Livre II : FORMATION ET ÉXECUTION DES CONTRATS,Ordonnance n°2021-1247 du 29 septembre 2021,ORDONNANCE,L138-4,LOI n°2014-344 du 17 mars 2014,LOI,JORFDOLE000027383756,14,1
L216-5,LEGIARTI000044142476,2021-10-01,Livre II : FORMATION ET ÉXECUTION DES CONTRATS,Ordonnance n°2021-1247 du 29 septembre 2021,ORDONNANCE,L138-5,LOI n°2014-344 du 17 mars 2014,LOI,JORFDOLE000027383756,14,1
L216-6,LEGIARTI000044142472,2021-10-01,Livre II : FORMATION ET ÉXECUTION DES CONTRATS,Ordonnance n°2021-1247 du 29 septembre 2021,ORDONNANCE,L138-6,LOI n°2014-344 du 17 mars 2014,LOI,JORFDOLE000027383756,14,1
L216-7,LEGIARTI000044139707,2021-10-01,Livre II : FORMATION ET ÉXECUTION DES CONTRATS,Ordonnance n°2021-1247 du 29 septembre 2021,ORDONNANCE,,Ordonnance n°2021-1247 du 29 septembre 2021,ORDONNANCE,JORFDOLE000044129891,15,0
L216-8,LEGIARTI000044139714,2021-10-01,Livre II : FORMATION ET ÉXECUTION DES CONTRATS,Ordonnance n°2021-1247 du 29 septembre 2021,ORDONNANCE,,Ordonnance n°2021-1247 du 29 septembre 2021,ORDONNANCE,JORFDOLE000044129891,15,0
L217-1,LEGIARTI000044142587,2021-10-01,Livre II : FORMATION ET ÉXECUTION DES CONTRATS,Ordonnance n°2021-1247 du 29 septembre 2021,ORDONNANCE,L211-1,Ordonnance n°2005-136 du 17 février 2005,ORDONNANCE,JORFDOLE000021979239,12,0
L217-10,LEGIARTI000044142554,2021-10-01,Livre II : FORMATION ET ÉXECUTION DES CONTRATS,Ordonnance n°2021-1247 du 29 septembre 2021,ORDONNANCE,L211-10,Ordonnance n°2005-136 du 17 février 2005,ORDONNANCE,JORFDOLE000021979239,12,0
L217-11,LEGIARTI000044142610,2021-10-01,Livre II : FORMATION ET ÉXECUTION DES CONTRATS,Ordonnance n°2021-1247 du 29 septembre 2021,ORDONNANCE,L211-11,Ordonnance n°2005-136 du 17 février 2005,ORDONNANCE,JORFDOLE000021979239,12,0
L217-12,LEGIARTI000044152610,2021-10-01,Livre II : FORMATION ET ÉXECUTION DES CONTRATS,Ordonnance n°2021-1247 du 29 septembre 2021,ORDONNANCE,L211-12,Ordonnance n°2005-136 du 17 février 2005,ORDONNANCE,JORFDOLE000021979239,12,0
L217-13,LEGIARTI000044142545,2021-10-01,Livre II : FORMATION ET ÉXECUTION DES CONTRATS,Ordonnance n°2021-1247 du 29 septembre 2021,ORDONNANCE,L211-13,Ordonnance n°2005-136 du 17 février 2005,ORDONNANCE,JORFDOLE000021979239,12,0
L217-14,LEGIARTI000044142539,2021-10-01,Livre II : FORMATION ET ÉXECUTION DES CONTRATS,Ordonnance n°2021-1247 du 29 septembre 2021,ORDONNANCE,L211-14,Ordonnance n°2005-136 du 17 février 2005,ORDONNANCE,JORFDOLE000021979239,12,0
L217-15,LEGIARTI000044142594,2021-10-01,Livre II : FORMATION ET ÉXECUTION DES CONTRATS,Ordonnance n°2021-1247 du 29 septembre 2021,ORDONNANCE,L211-15,LOI n°2014-344 du 17 mars 2014,LOI,JORFDOLE000027383756,14,1
L217-16,LEGIARTI000044142535,2021-10-01,Livre II : FORMATION ET ÉXECUTION DES CONTRATS,Ordonnance n°2021-1247 du 29 septembre 2021,ORDONNANCE,L211-16,LOI n°2014-344 du 17 mars 2014,LOI,JORFDOLE000027383756,14,1
L217-17,LEGIARTI000044142531,2021-10-01,Livre II : FORMATION ET ÉXECUTION DES CONTRATS,Ordonnance n°2021-1247 du 29 septembre 2021,ORDONNANCE,L211-19,LOI n°2014-344 du 17 mars 2014,LOI,JORFDOLE000027383756,14,1
L217-18,LEGIARTI000044142527,2021-10-01,Livre II : FORMATION ET ÉXECUTION DES CONTRATS,Ordonnance n°2021-1247 du 29 septembre 2021,ORDONNANCE,L211-20,LOI n°2008-776 du 4 août 2008,LOI,JORFDOLE000018730653,13,1
L217-19,LEGIARTI000044142523,2021-10-01,Livre II : FORMATION ET ÉXECUTION DES CONTRATS,Ordonnance n°2021-1247 du 29 septembre 2021,ORDONNANCE,L211-21,LOI n°2008-776 du 4 août 2008,LOI,JORFDOLE000018730653,13,1
L217-2,LEGIARTI000044142583,2021-10-01,Livre II : FORMATION ET ÉXECUTION DES CONTRATS,Ordonnance n°2021-1247 du 29 septembre 2021,ORDONNANCE,L211-2,Ordonnance n°2005-136 du 17 février 2005,ORDONNANCE,JORFDOLE000021979239,12,0
L217-20,LEGIARTI000044142519,2021-10-01,Livre II : FORMATION ET ÉXECUTION DES CONTRATS,Ordonnance n°2021-1247 du 29 septembre 2021,ORDONNANCE,L211-22,LOI n°2008-776 du 4 août 2008,LOI,JORFDOLE000018730653,13,1
L217-21,LEGIARTI000044142516,2021-10-01,Livre II : FORMATION ET ÉXECUTION DES CONTRATS,Ordonnance n°2021-1247 du 29 septembre 2021,ORDONNANCE,,Ordonnance n°2021-1247 du 29 septembre 2021,ORDONNANCE,JORFDOLE000044129891,15,0
L217-22,LEGIARTI000044564974,2022-01-01,Livre II : FORMATION ET ÉXECUTION DES CONTRATS,LOI n°2021-1755 du 23 décembre 2021,LOI,,LOI n°2021-1755 du 23 décembre 2021,LOI,JORFDOLE000044288828,15,1
L217-23,LEGIARTI000044564972,2022-01-01,Livre II : FORMATION ET ÉXECUTION DES CONTRATS,LOI n°2021-1755 du 23 décembre 2021,LOI,,LOI n°2021-1755 du 23 décembre 2021,LOI,JORFDOLE000044288828,15,1
L217-24,LEGIARTI000044139941,2021-10-01,Livre II : FORMATION ET ÉXECUTION DES CONTRATS,Ordonnance n°2021-1247 du 29 septembre 2021,ORDONNANCE,,Ordonnance n°2021-1247 du 29 septembre 2021,ORDONNANCE,JORFDOLE000044129891,15,0
L217-25,LEGIARTI000044139944,2021-10-01,Livre II : FORMATION ET ÉXECUTION DES CONTRATS,Ordonnance n°2021-1247 du 29 septembre 2021,ORDONNANCE,,Ordonnance n°2021-1247 du 29 septembre 2021,ORDONNANCE,JORFDOLE000044129891,15,0
L217-26,LEGIARTI000044139946,2021-10-01,Livre II : FORMATION ET ÉXECUTION DES CONTRATS,Ordonnance n°2021-1247 du 29 septembre 2021,ORDONNANCE,,Ordonnance n°2021-1247 du 29 septembre 2021,ORDONNANCE,JORFDOLE000044129891,15,0
L217-27,LEGIARTI000044139948,2021-10-01,Livre II : FORMATION ET ÉXECUTION DES CONTRATS,Ordonnance n°2021-1247 du 29 septembre 2021,ORDONNANCE,,Ordonnance n°2021-1247 du 29 septembre 2021,ORDONNANCE,JORFDOLE000044129891,15,0
L217-28,LEGIARTI000044139957,2021-10-01,Livre II : FORMATION ET ÉXECUTION DES CONTRATS,Ordonnance n°2021-1247 du 29 septembre 2021,ORDONNANCE,,Ordonnance n°2021-1247 du 29 septembre 2021,ORDONNANCE,JORFDOLE000044129891,15,0
L217-29,LEGIARTI000044139959,2021-10-01,Livre II : FORMATION ET ÉXECUTION DES CONTRATS,Ordonnance n°2021-1247 du 29 septembre 2021,ORDONNANCE,,Ordonnance n°2021-1247 du 29 septembre 2021,ORDONNANCE,JORFDOLE000044129891,15,0
L217-3,LEGIARTI000044142579,2021-10-01,Livre II : FORMATION ET ÉXECUTION DES CONTRATS,Ordonnance n°2021-1247 du 29 septembre 2021,ORDONNANCE,L211-3,Ordonnance n°2005-136 du 17 février 2005,ORDONNANCE,JORFDOLE000021979239,12,0
L217-30,LEGIARTI000044139961,2021-10-01,Livre II : FORMATION ET ÉXECUTION DES CONTRATS,Ordonnance n°2021-1247 du 29 septembre 2021,ORDONNANCE,,Ordonnance n°2021-1247 du 29 septembre 2021,ORDONNANCE,JORFDOLE000044129891,15,0
L217-31,LEGIARTI000044139963,2021-10-01,Livre II : FORMATION ET ÉXECUTION DES CONTRATS,Ordonnance n°2021-1247 du 29 septembre 2021,ORDONNANCE,,Ordonnance n°2021-1247 du 29 septembre 2021,ORDONNANCE,JORFDOLE000044129891,15,0
L217-32,LEGIARTI000044139965,2021-10-01,Livre II : FORMATION ET ÉXECUTION DES CONTRATS,Ordonnance n°2021-1247 du 29 septembre 2021,ORDONNANCE,,Ordonnance n°2021-1247 du 29 septembre 2021,ORDONNANCE,JORFDOLE000044129891,15,0
L217-4,LEGIARTI000044142575,2021-10-01,Livre II : FORMATION ET ÉXECUTION DES CONTRATS,Ordonnance n°2021-1247 du 29 septembre 2021,ORDONNANCE,L211-4,Ordonnance n°2005-136 du 17 février 2005,ORDONNANCE,JORFDOLE000021979239,12,0
L217-5,LEGIARTI000044142571,2021-10-01,Livre II : FORMATION ET ÉXECUTION DES CONTRATS,Ordonnance n°2021-1247 du 29 septembre 2021,ORDONNANCE,L211-5,Ordonnance n°2005-136 du 17 février 2005,ORDONNANCE,JORFDOLE000021979239,12,0
L217-6,LEGIARTI000044142567,2021-10-01,Livre II : FORMATION ET ÉXECUTION DES CONTRATS,Ordonnance n°2021-1247 du 29 septembre 2021,ORDONNANCE,L211-6,Ordonnance n°2005-136 du 17 février 2005,ORDONNANCE,JORFDOLE000021979239,12,0
L217-7,LEGIARTI000044152587,2021-10-01,Livre II : FORMATION ET ÉXECUTION DES CONTRATS,Ordonnance n°2021-1247 du 29 septembre 2021,ORDONNANCE,L211-7,LOI n°2014-344 du 17 mars 2014,LOI,JORFDOLE000027383756,14,1
L217-8,LEGIARTI000044142560,2021-10-01,Livre II : FORMATION ET ÉXECUTION DES CONTRATS,Ordonnance n°2021-1247 du 29 septembre 2021,ORDONNANCE,L211-8,Ordonnance n°2005-136 du 17 février 2005,ORDONNANCE,JORFDOLE000021979239,12,0
L217-9,LEGIARTI000044152553,2021-10-01,Livre II : FORMATION ET ÉXECUTION DES CONTRATS,Ordonnance n°2021-1247 du 29 septembre 2021,ORDONNANCE,L211-9,Ordonnance n°2005-136 du 17 février 2005,ORDONNANCE,JORFDOLE000021979239,12,0
L218-1,LEGIARTI000032226899,2016-07-01,Livre II : FORMATION ET ÉXECUTION DES CONTRATS,Ordonnance n°2016-301 du 14 mars 2016,ORDONNANCE,L137-1,LOI n°2008-561 du 17 juin 2008,LOI,JORFDOLE000018770022,13,1
L218-2,LEGIARTI000032226897,2016-07-01,Livre II : FORMATION ET ÉXECUTION DES CONTRATS,Ordonnance n°2016-301 du 14 mars 2016,ORDONNANCE,L137-2,LOI n°2008-561 du 17 juin 2008,LOI,JORFDOLE000018770022,13,1
L219-1,LEGIARTI000044139970,2021-10-01,Livre II : FORMATION ET ÉXECUTION DES CONTRATS,Ordonnance n°2021-1247 du 29 septembre 2021,ORDONNANCE,,Ordonnance n°2021-1247 du 29 septembre 2021,ORDONNANCE,JORFDOLE000044129891,15,0
L221-1,LEGIARTI000044563164,2022-05-28,Livre II : FORMATION ET ÉXECUTION DES CONTRATS,Ordonnance n°2021-1734 du 22 décembre 2021,ORDONNANCE,L121-16,LOI n°2014-344 du 17 mars 2014,LOI,JORFDOLE000027383756,14,1
L221-10,LEGIARTI000032226864,2016-07-01,Livre II : FORMATION ET ÉXECUTION DES CONTRATS,Ordonnance n°2016-301 du 14 mars 2016,ORDONNANCE,L121-18-2,LOI n°2014-344 du 17 mars 2014,LOI,JORFDOLE000027383756,14,1
L221-10-1,LEGIARTI000044549933,2022-05-28,Livre II : FORMATION ET ÉXECUTION DES CONTRATS,Ordonnance n°2021-1734 du 22 décembre 2021,ORDONNANCE,,Ordonnance n°2021-1734 du 22 décembre 2021,ORDONNANCE,JORFDOLE000044550081,15,0
L221-11,LEGIARTI000032226860,2016-07-01,Livre II : FORMATION ET ÉXECUTION DES CONTRATS,Ordonnance n°2016-301 du 14 mars 2016,ORDONNANCE,L121-19,LOI n° 2014-344 du 17 mars 2014,LOI,JORFDOLE000027383756,14,1
L221-12,LEGIARTI000044563215,2022-05-28,Livre II : FORMATION ET ÉXECUTION DES CONTRATS,Ordonnance n°2021-1734 du 22 décembre 2021,ORDONNANCE,L121-19-1,LOI n° 2014-344 du 17 mars 2014,LOI,JORFDOLE000027383756,14,1
L221-13,LEGIARTI000044563210,2022-05-28,Livre II : FORMATION ET ÉXECUTION DES CONTRATS,Ordonnance n°2021-1734 du 22 décembre 2021,ORDONNANCE,L121-19-2,LOI n° 2014-344 du 17 mars 2014,LOI,JORFDOLE000027383756,14,1
L221-14,LEGIARTI000032226854,2016-07-01,Livre II : FORMATION ET ÉXECUTION DES CONTRATS,Ordonnance n°2016-301 du 14 mars 2016,ORDONNANCE,L121-19-3,LOI n° 2014-344 du 17 mars 2014,LOI,JORFDOLE000027383756,14,1
L221-15,LEGIARTI000032226852,2016-07-01,Livre II : FORMATION ET ÉXECUTION DES CONTRATS,Ordonnance n°2016-301 du 14 mars 2016,ORDONNANCE,L121-19-4,LOI n°2014-344 du 17 mars 2014,LOI,JORFDOLE000027383756,14,1
L221-17,LEGIARTI000039248229,2019-10-20,Livre II : FORMATION ET ÉXECUTION DES CONTRATS,LOI n°2019-1063 du 18 octobre 2019,LOI,L121-34-2,LOI n°2014-1545 du 20 décembre 2014,LOI,JORFDOLE000029134377,14,1
L221-18,LEGIARTI000032226842,2016-07-01,Livre II : FORMATION ET ÉXECUTION DES CONTRATS,Ordonnance n°2016-301 du 14 mars 2016,ORDONNANCE,L121-21,LOI n°2015-990 du 6 août 2015,LOI,JORFDOLE000029883713,14,1
L221-19,LEGIARTI000032226840,2016-07-01,Livre II : FORMATION ET ÉXECUTION DES CONTRATS,Ordonnance n°2016-301 du 14 mars 2016,ORDONNANCE,,Ordonnance n°2016-301 du 14 mars 2016,ORDONNANCE,JORFDOLE000032223954,14,0
L221-2,LEGIARTI000044563156,2022-05-28,Livre II : FORMATION ET ÉXECUTION DES CONTRATS,Ordonnance n°2021-1734 du 22 décembre 2021,ORDONNANCE,L121-16-1,LOI n° 2015-990 du 6 août 2015,LOI,JORFDOLE000029883713,14,1
L221-20,LEGIARTI000044563199,2022-05-28,Livre II : FORMATION ET ÉXECUTION DES CONTRATS,Ordonnance n°2021-1734 du 22 décembre 2021,ORDONNANCE,L121-21-1,LOI n°2014-344 du 17 mars 2014,LOI,JORFDOLE000027383756,14,1
L221-21,LEGIARTI000044563193,2022-05-28,Livre II : FORMATION ET ÉXECUTION DES CONTRATS,Ordonnance n°2021-1734 du 22 décembre 2021,ORDONNANCE,L121-21-2,LOI n°2014-344 du 17 mars 2014,LOI,JORFDOLE000027383756,14,1
L221-22,LEGIARTI000032226832,2016-07-01,Livre II : FORMATION ET ÉXECUTION DES CONTRATS,Ordonnance n°2016-301 du 14 mars 2016,ORDONNANCE,L121-21-2,LOI n°2014-344 du 17 mars 2014,LOI,JORFDOLE000027383756,14,1
L221-23,LEGIARTI000044563188,2022-05-28,Livre II : FORMATION ET ÉXECUTION DES CONTRATS,Ordonnance n°2021-1734 du 22 décembre 2021,ORDONNANCE,L121-21-3,LOI n°2014-344 du 17 mars 2014,LOI,JORFDOLE000027383756,14,1
L221-24,LEGIARTI000032226828,2016-07-01,Livre II : FORMATION ET ÉXECUTION DES CONTRATS,Ordonnance n°2016-301 du 14 mars 2016,ORDONNANCE,L121-21-4,LOI n°2014-344 du 17 mars 2014,LOI,JORFDOLE000027383756,14,1
L221-25,LEGIARTI000044563179,2022-05-28,Livre II : FORMATION ET ÉXECUTION DES CONTRATS,Ordonnance n°2021-1734 du 22 décembre 2021,ORDONNANCE,L121-21-5,LOI n°2014-344 du 17 mars 2014,LOI,JORFDOLE000027383756,14,1
L221-26,LEGIARTI000044563174,2022-05-28,Livre II : FORMATION ET ÉXECUTION DES CONTRATS,Ordonnance n°2021-1734 du 22 décembre 2021,ORDONNANCE,L121-21-6,LOI n°2014-344 du 17 mars 2014,LOI,JORFDOLE000027383756,14,1
L221-26-1,LEGIARTI000044550047,2022-05-28,Livre II : FORMATION ET ÉXECUTION DES CONTRATS,Ordonnance n°2021-1734 du 22 décembre 2021,ORDONNANCE,,Ordonnance n°2021-1734 du 22 décembre 2021,ORDONNANCE,JORFDOLE000044550081,15,0
L221-27,LEGIARTI000032226822,2016-07-01,Livre II : FORMATION ET ÉXECUTION DES CONTRATS,Ordonnance n°2016-301 du 14 mars 2016,ORDONNANCE,L121-21-7,LOI n°2014-344 du 17 mars 2014,LOI,JORFDOLE000027383756,14,1
L221-28,LEGIARTI000044563170,2022-05-28,Livre II : FORMATION ET ÉXECUTION DES CONTRATS,Ordonnance n°2021-1734 du 22 décembre 2021,ORDONNANCE,L121-21-8,LOI n°2014-344 du 17 mars 2014,LOI,JORFDOLE000027383756,14,1
L221-29,LEGIARTI000032226815,2016-07-01,Livre II : FORMATION ET ÉXECUTION DES CONTRATS,Ordonnance n°2016-301 du 14 mars 2016,ORDONNANCE,L121-25,LOI n°2014-1545 du 20 décembre 2014,LOI,JORFDOLE000029134377,14,1
L221-3,LEGIARTI000032226882,2016-07-01,Livre II : FORMATION ET ÉXECUTION DES CONTRATS,Ordonnance n°2016-301 du 14 mars 2016,ORDONNANCE,L121-16-1,LOI n° 2015-990 du 6 août 2015,LOI,JORFDOLE000029883713,14,1
L221-4,LEGIARTI000044563153,2022-05-28,Livre II : FORMATION ET ÉXECUTION DES CONTRATS,Ordonnance n°2021-1734 du 22 décembre 2021,ORDONNANCE,L121-16-2,LOI n°2014-344 du 17 mars 2014,LOI,JORFDOLE000027383756,14,1
L221-5,LEGIARTI000044563141,2022-05-28,Livre II : FORMATION ET ÉXECUTION DES CONTRATS,Ordonnance n°2021-1734 du 22 décembre 2021,ORDONNANCE,L121-17,LOI n°2014-344 du 17 mars 2014,LOI,JORFDOLE000027383756,14,1
L221-6,LEGIARTI000044563130,2022-05-28,Livre II : FORMATION ET ÉXECUTION DES CONTRATS,Ordonnance n°2021-1734 du 22 décembre 2021,ORDONNANCE,L121-17,LOI n°2014-344 du 17 mars 2014,LOI,JORFDOLE000027383756,14,1
L221-7,LEGIARTI000032226872,2016-07-01,Livre II : FORMATION ET ÉXECUTION DES CONTRATS,Ordonnance n°2016-301 du 14 mars 2016,ORDONNANCE,L121-17,LOI n°2014-344 du 17 mars 2014,LOI,JORFDOLE000027383756,14,1
L221-8,LEGIARTI000032226868,2016-07-01,Livre II : FORMATION ET ÉXECUTION DES CONTRATS,Ordonnance n°2016-301 du 14 mars 2016,ORDONNANCE,L121-18,LOI n° 2014-344 du 17 mars 2014,LOI,JORFDOLE000027383756,14,1
L221-9,LEGIARTI000044563126,2022-05-28,Livre II : FORMATION ET ÉXECUTION DES CONTRATS,Ordonnance n°2021-1734 du 22 décembre 2021,ORDONNANCE,L121-18-1,LOI n°2014-1545 du 20 décembre 2014,LOI,JORFDOLE000029134377,14,1
L222-1,LEGIARTI000032226809,2016-07-01,Livre II : FORMATION ET ÉXECUTION DES CONTRATS,Ordonnance n°2016-301 du 14 mars 2016,ORDONNANCE,L121-26,LOI n° 2014-344 du 17 mars 2014,LOI,JORFDOLE000027383756,14,1
L222-10,LEGIARTI000032226783,2016-07-01,Livre II : FORMATION ET ÉXECUTION DES CONTRATS,Ordonnance n°2016-301 du 14 mars 2016,ORDONNANCE,L121-29,LOI n° 2014-344 du 17 mars 2014,LOI,JORFDOLE000027383756,14,1
L222-11,LEGIARTI000032226781,2016-07-01,Livre II : FORMATION ET ÉXECUTION DES CONTRATS,Ordonnance n°2016-301 du 14 mars 2016,ORDONNANCE,L121-29,LOI n° 2014-344 du 17 mars 2014,LOI,JORFDOLE000027383756,14,1
L222-12,LEGIARTI000032226779,2016-07-01,Livre II : FORMATION ET ÉXECUTION DES CONTRATS,Ordonnance n°2016-301 du 14 mars 2016,ORDONNANCE,L121-29,LOI n° 2014-344 du 17 mars 2014,LOI,JORFDOLE000027383756,14,1
L222-13,LEGIARTI000032226777,2016-07-01,Livre II : FORMATION ET ÉXECUTION DES CONTRATS,Ordonnance n°2016-301 du 14 mars 2016,ORDONNANCE,L121-30,LOI n°2014-344 du 17 mars 2014,LOI,JORFDOLE000027383756,14,1
L222-14,LEGIARTI000032226775,2016-07-01,Livre II : FORMATION ET ÉXECUTION DES CONTRATS,Ordonnance n°2016-301 du 14 mars 2016,ORDONNANCE,L121-30,LOI n°2014-344 du 17 mars 2014,LOI,JORFDOLE000027383756,14,1
L222-15,LEGIARTI000032226773,2016-07-01,Livre II : FORMATION ET ÉXECUTION DES CONTRATS,Ordonnance n°2016-301 du 14 mars 2016,ORDONNANCE,L121-30,LOI n°2014-344 du 17 mars 2014,LOI,JORFDOLE000027383756,14,1
L222-16,LEGIARTI000034072604,2017-02-23,Livre II : FORMATION ET ÉXECUTION DES CONTRATS,,,L121-31,LOI n°2014-344 du 17 mars 2014,LOI,JORFDOLE000027383756,14,1
L222-17,LEGIARTI000034072595,2017-02-23,Livre II : FORMATION ET ÉXECUTION DES CONTRATS,,,,,,,,0
L222-18,LEGIARTI000032226765,2016-07-01,Livre II : FORMATION ET ÉXECUTION DES CONTRATS,Ordonnance n°2016-301 du 14 mars 2016,ORDONNANCE,L121-33,LOI n°2014-344 du 17 mars 2014,LOI,JORFDOLE000027383756,14,1
L222-2,LEGIARTI000032226807,2016-07-01,Livre II : FORMATION ET ÉXECUTION DES CONTRATS,Ordonnance n°2016-301 du 14 mars 2016,ORDONNANCE,L121-26,LOI n° 2014-344 du 17 mars 2014,LOI,JORFDOLE000027383756,14,1
L222-3,LEGIARTI000032226805,2016-07-01,Livre II : FORMATION ET ÉXECUTION DES CONTRATS,Ordonnance n°2016-301 du 14 mars 2016,ORDONNANCE,L121-26-1,LOI n° 2014-344 du 17 mars 2014,LOI,JORFDOLE000027383756,14,1
L222-4,LEGIARTI000032226803,2016-07-01,Livre II : FORMATION ET ÉXECUTION DES CONTRATS,Ordonnance n°2016-301 du 14 mars 2016,ORDONNANCE,,Ordonnance n°2016-301 du 14 mars 2016,ORDONNANCE,JORFDOLE000032223954,14,0
L222-5,LEGIARTI000032226799,2016-07-01,Livre II : FORMATION ET ÉXECUTION DES CONTRATS,Ordonnance n°2016-301 du 14 mars 2016,ORDONNANCE,L121-27,LOI n°2014-344 du 17 mars 2014,LOI,JORFDOLE000027383756,14,1
L222-6,LEGIARTI000032226795,2016-07-01,Livre II : FORMATION ET ÉXECUTION DES CONTRATS,Ordonnance n°2016-301 du 14 mars 2016,ORDONNANCE,L121-28,LOI n°2014-344 du 17 mars 2014,LOI,JORFDOLE000027383756,14,1
L222-7,LEGIARTI000034072579,2017-02-23,Livre II : FORMATION ET ÉXECUTION DES CONTRATS,LOI n°2017-203 du 21 février 2017,LOI,L121-29,LOI n° 2014-344 du 17 mars 2014,LOI,JORFDOLE000027383756,14,1
L222-8,LEGIARTI000034072574,2017-02-23,Livre II : FORMATION ET ÉXECUTION DES CONTRATS,LOI n°2017-203 du 21 février 2017,LOI,,LOI n°2017-203 du 21 février 2017,LOI,JORFDOLE000032669047,14,1
L222-9,LEGIARTI000050367058,2024-12-30,Livre II : FORMATION ET ÉXECUTION DES CONTRATS,Ordonnance n°2024-936 du 15 octobre 2024,ORDONNANCE,L121-29,LOI n° 2014-344 du 17 mars 2014,LOI,JORFDOLE000027383756,14,1
L223-6,LEGIARTI000037825218,2019-06-01,Livre II : FORMATION ET ÉXECUTION DES CONTRATS,Ordonnance n°2018-1125 du 12 décembre 2018,ORDONNANCE,L121-34,LOI n° 2014-344 du 17 mars 2014,LOI,JORFDOLE000027383756,14,1
L223-7,LEGIARTI000032226749,2016-07-01,Livre II : FORMATION ET ÉXECUTION DES CONTRATS,Ordonnance n°2016-301 du 14 mars 2016,ORDONNANCE,L121-34-1-1,LOI n° 2014-344 du 17 mars 2014,LOI,JORFDOLE000027383756,14,1
L223-8,LEGIARTI000051828335,2025-07-02,Livre II : FORMATION ET ÉXECUTION DES CONTRATS,LOI n°2025-594 du 30 juin 2025,LOI,,LOI n°2025-594 du 30 juin 2025,LOI,JORFDOLE000051045642,17,1
L224-1,LEGIARTI000051560284,2025-05-03,Livre II : FORMATION ET ÉXECUTION DES CONTRATS,LOI n°2025-391 du 30 avril 2025,LOI,L121-86,LOI n°2010-1488 du 7 décembre 2010,LOI,JORFDOLE000022095875,13,1
L224-10,LEGIARTI000046193896,2023-07-01,Livre II : FORMATION ET ÉXECUTION DES CONTRATS,LOI n°2022-1158 du 16 août 2022,LOI,L121-90,Loi n°2006-1537 du 7 décembre 2006,LOI,JORFDOLE000017758391,12,0
L224-100,LEGIARTI000032226475,2016-07-01,Livre II : FORMATION ET ÉXECUTION DES CONTRATS,Ordonnance n°2016-301 du 14 mars 2016,ORDONNANCE,L113-3,LOI n°2015-990 du 6 août 2015,LOI,JORFDOLE000029883713,14,1
L224-101,LEGIARTI000032226473,2016-07-01,Livre II : FORMATION ET ÉXECUTION DES CONTRATS,Ordonnance n°2016-301 du 14 mars 2016,ORDONNANCE,,Ordonnance n°2016-301 du 14 mars 2016,ORDONNANCE,JORFDOLE000032223954,14,0
L224-102,LEGIARTI000032226471,2016-07-01,Livre II : FORMATION ET ÉXECUTION DES CONTRATS,Ordonnance n°2016-301 du 14 mars 2016,ORDONNANCE,,Ordonnance n°2016-301 du 14 mars 2016,ORDONNANCE,JORFDOLE000032223954,14,0
L224-103,LEGIARTI000032226467,2016-07-01,Livre II : FORMATION ET ÉXECUTION DES CONTRATS,Ordonnance n°2016-301 du 14 mars 2016,ORDONNANCE,,Ordonnance n°2016-301 du 14 mars 2016,ORDONNANCE,JORFDOLE000032223954,14,0
L224-104,LEGIARTI000032226461,2016-07-01,Livre II : FORMATION ET ÉXECUTION DES CONTRATS,Ordonnance n°2016-301 du 14 mars 2016,ORDONNANCE,,Ordonnance n°2016-301 du 14 mars 2016,ORDONNANCE,JORFDOLE000032223954,14,0
L224-105,LEGIARTI000032226457,2016-07-01,Livre II : FORMATION ET ÉXECUTION DES CONTRATS,Ordonnance n°2016-301 du 14 mars 2016,ORDONNANCE,,Ordonnance n°2016-301 du 14 mars 2016,ORDONNANCE,JORFDOLE000032223954,14,0
L224-106,LEGIARTI000032226453,2016-07-01,Livre II : FORMATION ET ÉXECUTION DES CONTRATS,Ordonnance n°2016-301 du 14 mars 2016,ORDONNANCE,,Ordonnance n°2016-301 du 14 mars 2016,ORDONNANCE,JORFDOLE000032223954,14,0
L224-107,LEGIARTI000032226451,2016-07-01,Livre II : FORMATION ET ÉXECUTION DES CONTRATS,Ordonnance n°2016-301 du 14 mars 2016,ORDONNANCE,,Ordonnance n°2016-301 du 14 mars 2016,ORDONNANCE,JORFDOLE000032223954,14,0
L224-108,LEGIARTI000032226447,2016-07-01,Livre II : FORMATION ET ÉXECUTION DES CONTRATS,Ordonnance n°2016-301 du 14 mars 2016,ORDONNANCE,,Ordonnance n°2016-301 du 14 mars 2016,ORDONNANCE,JORFDOLE000032223954,14,0
L224-109,LEGIARTI000041556143,2022-01-01,Livre II : FORMATION ET ÉXECUTION DES CONTRATS,LOI n°2020-105 du 10 février 2020,LOI,,LOI n°2020-105 du 10 février 2020,LOI,JORFDOLE000038746653,15,1
L224-11,LEGIARTI000032226713,2016-08-17,Livre II : FORMATION ET ÉXECUTION DES CONTRATS,Ordonnance n°2016-301 du 14 mars 2016,ORDONNANCE,L121-91,Ordonnance n°2016-301 du 14 mars 2016,ORDONNANCE,JORFDOLE000032223954,14,0
L224-110,LEGIARTI000041556155,2022-01-01,Livre II : FORMATION ET ÉXECUTION DES CONTRATS,LOI n°2020-105 du 10 février 2020,LOI,,LOI n°2020-105 du 10 février 2020,LOI,JORFDOLE000038746653,15,1
L224-111,LEGIARTI000041556167,2022-01-01,Livre II : FORMATION ET ÉXECUTION DES CONTRATS,LOI n°2020-105 du 10 février 2020,LOI,,LOI n°2020-105 du 10 février 2020,LOI,JORFDOLE000038746653,15,1
L224-112,LEGIARTI000043960630,2023-01-01,Livre II : FORMATION ET ÉXECUTION DES CONTRATS,LOI n°2021-1104 du 22 août 2021,LOI,,LOI n°2021-1104 du 22 août 2021,LOI,JORFDOLE000043113774,15,1
L224-113,LEGIARTI000043960641,2023-01-01,Livre II : FORMATION ET ÉXECUTION DES CONTRATS,LOI n°2021-1104 du 22 août 2021,LOI,,LOI n°2021-1104 du 22 août 2021,LOI,JORFDOLE000043113774,15,1
L224-114,LEGIARTI000051828342,2025-07-02,Livre II : FORMATION ET ÉXECUTION DES CONTRATS,LOI n°2025-594 du 30 juin 2025,LOI,,LOI n°2025-594 du 30 juin 2025,LOI,JORFDOLE000051045642,17,1
L224-115,LEGIARTI000051828344,2025-07-02,Livre II : FORMATION ET ÉXECUTION DES CONTRATS,LOI n°2025-594 du 30 juin 2025,LOI,,LOI n°2025-594 du 30 juin 2025,LOI,JORFDOLE000051045642,17,1
L224-12,LEGIARTI000051560277,2025-05-03,Livre II : FORMATION ET ÉXECUTION DES CONTRATS,LOI n°2025-391 du 30 avril 2025,LOI,L121-91,LOI n°2025-391 du 30 avril 2025,LOI,JORFDOLE000050427907,17,1
L224-13,LEGIARTI000032892600,2018-01-01,Livre II : FORMATION ET ÉXECUTION DES CONTRATS,LOI n°2015-992 du 17 août 2015,LOI,L121-92-1,LOI n°2015-992 du 17 août 2015,LOI,JORFDOLE000029310724,14,1
L224-14,LEGIARTI000043214814,2021-03-05,Livre II : FORMATION ET ÉXECUTION DES CONTRATS,Ordonnance n°2021-237 du 3 mars 2021,ORDONNANCE,L121-89,LOI n°2010-1488 du 7 décembre 2010,LOI,JORFDOLE000022095875,13,1
L224-15,LEGIARTI000043214818,2021-03-05,Livre II : FORMATION ET ÉXECUTION DES CONTRATS,Ordonnance n°2021-237 du 3 mars 2021,ORDONNANCE,L121-89,LOI n°2010-1488 du 7 décembre 2010,LOI,JORFDOLE000022095875,13,1
L224-16,LEGIARTI000032226701,2016-07-01,Livre II : FORMATION ET ÉXECUTION DES CONTRATS,Ordonnance n°2016-301 du 14 mars 2016,ORDONNANCE,L121-94,Loi n°2006-1537 du 7 décembre 2006,LOI,JORFDOLE000017758391,12,0
L224-17,LEGIARTI000032226697,2016-07-01,Livre II : FORMATION ET ÉXECUTION DES CONTRATS,Ordonnance n°2016-301 du 14 mars 2016,ORDONNANCE,L121-106,LOI n°2014-344 du 17 mars 2014,LOI,JORFDOLE000027383756,14,1
L224-18,LEGIARTI000032226695,2016-07-01,Livre II : FORMATION ET ÉXECUTION DES CONTRATS,Ordonnance n°2016-301 du 14 mars 2016,ORDONNANCE,L121-107,LOI n°2014-344 du 17 mars 2014,LOI,JORFDOLE000027383756,14,1
L224-19,LEGIARTI000032226692,2016-07-01,Livre II : FORMATION ET ÉXECUTION DES CONTRATS,Ordonnance n°2016-301 du 14 mars 2016,ORDONNANCE,L121-108,LOI n°2014-344 du 17 mars 2014,LOI,JORFDOLE000027383756,14,1
L224-2,LEGIARTI000032226737,2016-07-01,Livre II : FORMATION ET ÉXECUTION DES CONTRATS,Ordonnance n°2016-301 du 14 mars 2016,ORDONNANCE,L121-93,Loi n°2006-1537 du 7 décembre 2006,LOI,JORFDOLE000017758391,12,0
L224-20,LEGIARTI000032226689,2016-07-01,Livre II : FORMATION ET ÉXECUTION DES CONTRATS,Ordonnance n°2016-301 du 14 mars 2016,ORDONNANCE,L121-107,LOI n°2014-344 du 17 mars 2014,LOI,JORFDOLE000027383756,14,1
L224-21,LEGIARTI000032226687,2016-07-01,Livre II : FORMATION ET ÉXECUTION DES CONTRATS,Ordonnance n°2016-301 du 14 mars 2016,ORDONNANCE,L121-109,LOI n°2014-344 du 17 mars 2014,LOI,JORFDOLE000027383756,14,1
L224-22,LEGIARTI000032226685,2016-07-01,Livre II : FORMATION ET ÉXECUTION DES CONTRATS,Ordonnance n°2016-301 du 14 mars 2016,ORDONNANCE,L121-110,LOI n°2014-344 du 17 mars 2014,LOI,JORFDOLE000027383756,14,1
L224-23,LEGIARTI000032226683,2016-07-01,Livre II : FORMATION ET ÉXECUTION DES CONTRATS,Ordonnance n°2016-301 du 14 mars 2016,ORDONNANCE,L121-111,LOI n°2014-344 du 17 mars 2014,LOI,JORFDOLE000027383756,14,1
L224-24,LEGIARTI000032226681,2016-07-01,Livre II : FORMATION ET ÉXECUTION DES CONTRATS,Ordonnance n°2016-301 du 14 mars 2016,ORDONNANCE,L121-112,LOI n°2014-344 du 17 mars 2014,LOI,JORFDOLE000027383756,14,1
L224-25,LEGIARTI000032226679,2016-07-01,Livre II : FORMATION ET ÉXECUTION DES CONTRATS,Ordonnance n°2016-301 du 14 mars 2016,ORDONNANCE,L121-112,LOI n°2014-344 du 17 mars 2014,LOI,JORFDOLE000027383756,14,1
L224-25-1,LEGIARTI000044132946,2021-10-01,Livre II : FORMATION ET ÉXECUTION DES CONTRATS,Ordonnance n°2021-1247 du 29 septembre 2021,ORDONNANCE,,Ordonnance n°2021-1247 du 29 septembre 2021,ORDONNANCE,JORFDOLE000044129891,15,0
L224-25-10,LEGIARTI000044132952,2021-10-01,Livre II : FORMATION ET ÉXECUTION DES CONTRATS,Ordonnance n°2021-1247 du 29 septembre 2021,ORDONNANCE,,Ordonnance n°2021-1247 du 29 septembre 2021,ORDONNANCE,JORFDOLE000044129891,15,0
L224-25-11,LEGIARTI000044132954,2021-10-01,Livre II : FORMATION ET ÉXECUTION DES CONTRATS,Ordonnance n°2021-1247 du 29 septembre 2021,ORDONNANCE,,Ordonnance n°2021-1247 du 29 septembre 2021,ORDONNANCE,JORFDOLE000044129891,15,0
L224-25-12,LEGIARTI000044132956,2021-10-01,Livre II : FORMATION ET ÉXECUTION DES CONTRATS,Ordonnance n°2021-1247 du 29 septembre 2021,ORDONNANCE,,Ordonnance n°2021-1247 du 29 septembre 2021,ORDONNANCE,JORFDOLE000044129891,15,0
L224-25-13,LEGIARTI000044132958,2021-10-01,Livre II : FORMATION ET ÉXECUTION DES CONTRATS,Ordonnance n°2021-1247 du 29 septembre 2021,ORDONNANCE,,Ordonnance n°2021-1247 du 29 septembre 2021,ORDONNANCE,JORFDOLE000044129891,15,0
L224-25-14,LEGIARTI000044132967,2021-10-01,Livre II : FORMATION ET ÉXECUTION DES CONTRATS,Ordonnance n°2021-1247 du 29 septembre 2021,ORDONNANCE,,Ordonnance n°2021-1247 du 29 septembre 2021,ORDONNANCE,JORFDOLE000044129891,15,0
L224-25-15,LEGIARTI000044132994,2021-10-01,Livre II : FORMATION ET ÉXECUTION DES CONTRATS,Ordonnance n°2021-1247 du 29 septembre 2021,ORDONNANCE,,Ordonnance n°2021-1247 du 29 septembre 2021,ORDONNANCE,JORFDOLE000044129891,15,0
L224-25-16,LEGIARTI000044132877,2021-10-01,Livre II : FORMATION ET ÉXECUTION DES CONTRATS,Ordonnance n°2021-1247 du 29 septembre 2021,ORDONNANCE,,Ordonnance n°2021-1247 du 29 septembre 2021,ORDONNANCE,JORFDOLE000044129891,15,0
L224-25-17,LEGIARTI000044133032,2021-10-01,Livre II : FORMATION ET ÉXECUTION DES CONTRATS,Ordonnance n°2021-1247 du 29 septembre 2021,ORDONNANCE,,Ordonnance n°2021-1247 du 29 septembre 2021,ORDONNANCE,JORFDOLE000044129891,15,0
L224-25-18,LEGIARTI000044133034,2021-10-01,Livre II : FORMATION ET ÉXECUTION DES CONTRATS,Ordonnance n°2021-1247 du 29 septembre 2021,ORDONNANCE,,Ordonnance n°2021-1247 du 29 septembre 2021,ORDONNANCE,JORFDOLE000044129891,15,0
L224-25-19,LEGIARTI000044133066,2021-10-01,Livre II : FORMATION ET ÉXECUTION DES CONTRATS,Ordonnance n°2021-1247 du 29 septembre 2021,ORDONNANCE,,Ordonnance n°2021-1247 du 29 septembre 2021,ORDONNANCE,JORFDOLE000044129891,15,0
L224-25-2,LEGIARTI000044132948,2021-10-01,Livre II : FORMATION ET ÉXECUTION DES CONTRATS,Ordonnance n°2021-1247 du 29 septembre 2021,ORDONNANCE,,Ordonnance n°2021-1247 du 29 septembre 2021,ORDONNANCE,JORFDOLE000044129891,15,0
L224-25-20,LEGIARTI000044133068,2021-10-01,Livre II : FORMATION ET ÉXECUTION DES CONTRATS,Ordonnance n°2021-1247 du 29 septembre 2021,ORDONNANCE,,Ordonnance n°2021-1247 du 29 septembre 2021,ORDONNANCE,JORFDOLE000044129891,15,0
L224-25-21,LEGIARTI000044133070,2021-10-01,Livre II : FORMATION ET ÉXECUTION DES CONTRATS,Ordonnance n°2021-1247 du 29 septembre 2021,ORDONNANCE,,Ordonnance n°2021-1247 du 29 septembre 2021,ORDONNANCE,JORFDOLE000044129891,15,0
L224-25-22,LEGIARTI000044133072,2021-10-01,Livre II : FORMATION ET ÉXECUTION DES CONTRATS,Ordonnance n°2021-1247 du 29 septembre 2021,ORDONNANCE,,Ordonnance n°2021-1247 du 29 septembre 2021,ORDONNANCE,JORFDOLE000044129891,15,0
L224-25-23,LEGIARTI000044133269,2021-10-01,Livre II : FORMATION ET ÉXECUTION DES CONTRATS,Ordonnance n°2021-1247 du 29 septembre 2021,ORDONNANCE,,Ordonnance n°2021-1247 du 29 septembre 2021,ORDONNANCE,JORFDOLE000044129891,15,0
L224-25-24,LEGIARTI000044133271,2021-10-01,Livre II : FORMATION ET ÉXECUTION DES CONTRATS,Ordonnance n°2021-1247 du 29 septembre 2021,ORDONNANCE,,Ordonnance n°2021-1247 du 29 septembre 2021,ORDONNANCE,JORFDOLE000044129891,15,0
L224-25-25,LEGIARTI000044133273,2021-10-01,Livre II : FORMATION ET ÉXECUTION DES CONTRATS,Ordonnance n°2021-1247 du 29 septembre 2021,ORDONNANCE,,Ordonnance n°2021-1247 du 29 septembre 2021,ORDONNANCE,JORFDOLE000044129891,15,0
L224-25-26,LEGIARTI000044133275,2021-10-01,Livre II : FORMATION ET ÉXECUTION DES CONTRATS,Ordonnance n°2021-1247 du 29 septembre 2021,ORDONNANCE,,Ordonnance n°2021-1247 du 29 septembre 2021,ORDONNANCE,JORFDOLE000044129891,15,0
L224-25-27,LEGIARTI000044133277,2021-10-01,Livre II : FORMATION ET ÉXECUTION DES CONTRATS,Ordonnance n°2021-1247 du 29 septembre 2021,ORDONNANCE,,Ordonnance n°2021-1247 du 29 septembre 2021,ORDONNANCE,JORFDOLE000044129891,15,0
L224-25-28,LEGIARTI000044133319,2021-10-01,Livre II : FORMATION ET ÉXECUTION DES CONTRATS,Ordonnance n°2021-1247 du 29 septembre 2021,ORDONNANCE,,Ordonnance n°2021-1247 du 29 septembre 2021,ORDONNANCE,JORFDOLE000044129891,15,0
L224-25-29,LEGIARTI000044133321,2021-10-01,Livre II : FORMATION ET ÉXECUTION DES CONTRATS,Ordonnance n°2021-1247 du 29 septembre 2021,ORDONNANCE,,Ordonnance n°2021-1247 du 29 septembre 2021,ORDONNANCE,JORFDOLE000044129891,15,0
L224-25-30,LEGIARTI000044133343,2021-10-01,Livre II : FORMATION ET ÉXECUTION DES CONTRATS,Ordonnance n°2021-1247 du 29 septembre 2021,ORDONNANCE,,Ordonnance n°2021-1247 du 29 septembre 2021,ORDONNANCE,JORFDOLE000044129891,15,0
L224-25-31,LEGIARTI000044133323,2021-10-01,Livre II : FORMATION ET ÉXECUTION DES CONTRATS,Ordonnance n°2021-1247 du 29 septembre 2021,ORDONNANCE,,Ordonnance n°2021-1247 du 29 septembre 2021,ORDONNANCE,JORFDOLE000044129891,15,0
L224-25-32,LEGIARTI000044133325,2021-10-01,Livre II : FORMATION ET ÉXECUTION DES CONTRATS,Ordonnance n°2021-1247 du 29 septembre 2021,ORDONNANCE,,Ordonnance n°2021-1247 du 29 septembre 2021,ORDONNANCE,JORFDOLE000044129891,15,0
L224-25-4,LEGIARTI000044133345,2021-10-01,Livre II : FORMATION ET ÉXECUTION DES CONTRATS,Ordonnance n°2021-1247 du 29 septembre 2021,ORDONNANCE,,Ordonnance n°2021-1247 du 29 septembre 2021,ORDONNANCE,JORFDOLE000044129891,15,0
L224-25-5,LEGIARTI000044133347,2021-10-01,Livre II : FORMATION ET ÉXECUTION DES CONTRATS,Ordonnance n°2021-1247 du 29 septembre 2021,ORDONNANCE,,Ordonnance n°2021-1247 du 29 septembre 2021,ORDONNANCE,JORFDOLE000044129891,15,0
L224-25-6,LEGIARTI000044133349,2021-10-01,Livre II : FORMATION ET ÉXECUTION DES CONTRATS,Ordonnance n°2021-1247 du 29 septembre 2021,ORDONNANCE,,Ordonnance n°2021-1247 du 29 septembre 2021,ORDONNANCE,JORFDOLE000044129891,15,0
L224-25-7,LEGIARTI000044133351,2021-10-01,Livre II : FORMATION ET ÉXECUTION DES CONTRATS,Ordonnance n°2021-1247 du 29 septembre 2021,ORDONNANCE,,Ordonnance n°2021-1247 du 29 septembre 2021,ORDONNANCE,JORFDOLE000044129891,15,0
L224-25-8,LEGIARTI000044133353,2021-10-01,Livre II : FORMATION ET ÉXECUTION DES CONTRATS,Ordonnance n°2021-1247 du 29 septembre 2021,ORDONNANCE,,Ordonnance n°2021-1247 du 29 septembre 2021,ORDONNANCE,JORFDOLE000044129891,15,0
L224-25-9,LEGIARTI000044133355,2021-10-01,Livre II : FORMATION ET ÉXECUTION DES CONTRATS,Ordonnance n°2021-1247 du 29 septembre 2021,ORDONNANCE,,Ordonnance n°2021-1247 du 29 septembre 2021,ORDONNANCE,JORFDOLE000044129891,15,0
L224-26,LEGIARTI000043545649,2021-05-28,Livre II : FORMATION ET ÉXECUTION DES CONTRATS,Ordonnance n°2021-650 du 26 mai 2021,ORDONNANCE,,Ordonnance n°2021-650 du 26 mai 2021,ORDONNANCE,JORFDOLE000043537810,15,0
L224-26-1,LEGIARTI000043539588,2021-05-28,Livre II : FORMATION ET ÉXECUTION DES CONTRATS,Ordonnance n°2021-650 du 26 mai 2021,ORDONNANCE,,Ordonnance n°2021-650 du 26 mai 2021,ORDONNANCE,JORFDOLE000043537810,15,0
L224-26-2,LEGIARTI000043539590,2021-05-28,Livre II : FORMATION ET ÉXECUTION DES CONTRATS,Ordonnance n°2021-650 du 26 mai 2021,ORDONNANCE,,Ordonnance n°2021-650 du 26 mai 2021,ORDONNANCE,JORFDOLE000043537810,15,0
L224-26-3,LEGIARTI000043539592,2021-05-28,Livre II : FORMATION ET ÉXECUTION DES CONTRATS,Ordonnance n°2021-650 du 26 mai 2021,ORDONNANCE,,Ordonnance n°2021-650 du 26 mai 2021,ORDONNANCE,JORFDOLE000043537810,15,0
L224-27,LEGIARTI000043545657,2021-05-28,Livre II : FORMATION ET ÉXECUTION DES CONTRATS,Ordonnance n°2021-650 du 26 mai 2021,ORDONNANCE,L121-83-1,LOI n°2014-344 du 17 mars 2014,LOI,JORFDOLE000027383756,14,1
L224-27-2,LEGIARTI000043539612,2021-05-28,Livre II : FORMATION ET ÉXECUTION DES CONTRATS,Ordonnance n°2021-650 du 26 mai 2021,ORDONNANCE,,Ordonnance n°2021-650 du 26 mai 2021,ORDONNANCE,JORFDOLE000043537810,15,0
L224-27-3,LEGIARTI000044328701,2021-11-17,Livre II : FORMATION ET ÉXECUTION DES CONTRATS,LOI n°2021-1485 du 15 novembre 2021,LOI,,LOI n°2021-1485 du 15 novembre 2021,LOI,JORFDOLE000042956321,15,1
L224-28,LEGIARTI000046194164,2023-01-01,Livre II : FORMATION ET ÉXECUTION DES CONTRATS,LOI n°2022-1158 du 16 août 2022,LOI,L121-84-6,LOI n°2008-3 du 3 janvier 2008,LOI,JORFDOLE000017841208,13,1
L224-29,LEGIARTI000043545700,2021-05-28,Livre II : FORMATION ET ÉXECUTION DES CONTRATS,Ordonnance n°2021-650 du 26 mai 2021,ORDONNANCE,L121-84,Ordonnance n°2011-1012 du 24 août 2011,ORDONNANCE,JORFDOLE000025642874,13,0
L224-3,LEGIARTI000046197680,2023-07-01,Livre II : FORMATION ET ÉXECUTION DES CONTRATS,LOI n°2022-1158 du 16 août 2022,LOI,L121-87,LOI n°2022-1158 du 16 août 2022,LOI,JORFDOLE000046027237,16,1
L224-30,LEGIARTI000043545688,2021-05-28,Livre II : FORMATION ET ÉXECUTION DES CONTRATS,Ordonnance n°2021-650 du 26 mai 2021,ORDONNANCE,L121-83,Ordonnance n°2011-1012 du 24 août 2011,ORDONNANCE,JORFDOLE000025642874,13,0
L224-31,LEGIARTI000043545676,2021-05-28,Livre II : FORMATION ET ÉXECUTION DES CONTRATS,Ordonnance n°2021-650 du 26 mai 2021,ORDONNANCE,L121-83-2,LOI n° 2014-344 du 17 mars 2014,LOI,JORFDOLE000027383756,14,1
L224-32,LEGIARTI000043545672,2021-05-28,Livre II : FORMATION ET ÉXECUTION DES CONTRATS,Ordonnance n°2021-650 du 26 mai 2021,ORDONNANCE,L121-83-2,LOI n° 2014-344 du 17 mars 2014,LOI,JORFDOLE000027383756,14,1
L224-33,LEGIARTI000043545735,2021-05-28,Livre II : FORMATION ET ÉXECUTION DES CONTRATS,Ordonnance n°2021-650 du 26 mai 2021,ORDONNANCE,L121-84,Ordonnance n°2011-1012 du 24 août 2011,ORDONNANCE,JORFDOLE000025642874,13,0
L224-34,LEGIARTI000043545731,2021-05-28,Livre II : FORMATION ET ÉXECUTION DES CONTRATS,Ordonnance n°2021-650 du 26 mai 2021,ORDONNANCE,L121-84-4,LOI n°2008-3 du 3 janvier 2008,LOI,JORFDOLE000017841208,13,1
L224-35,LEGIARTI000032226650,2016-07-01,Livre II : FORMATION ET ÉXECUTION DES CONTRATS,Ordonnance n°2016-301 du 14 mars 2016,ORDONNANCE,L121-84-1,LOI n°2008-3 du 3 janvier 2008,LOI,JORFDOLE000017841208,13,1
L224-36,LEGIARTI000032226647,2016-07-01,Livre II : FORMATION ET ÉXECUTION DES CONTRATS,Ordonnance n°2016-301 du 14 mars 2016,ORDONNANCE,L121-84-3,LOI n°2008-3 du 3 janvier 2008,LOI,JORFDOLE000017841208,13,1
L224-37,LEGIARTI000032226645,2016-07-01,Livre II : FORMATION ET ÉXECUTION DES CONTRATS,Ordonnance n°2016-301 du 14 mars 2016,ORDONNANCE,L121-84-10-1,LOI n°2014-344 du 17 mars 2014,LOI,JORFDOLE000027383756,14,1
L224-37-1,LEGIARTI000046190177,2023-01-01,Livre II : FORMATION ET ÉXECUTION DES CONTRATS,LOI n°2022-1158 du 16 août 2022,LOI,,LOI n°2022-1158 du 16 août 2022,LOI,JORFDOLE000046027237,16,1
L224-38,LEGIARTI000043545725,2021-05-28,Livre II : FORMATION ET ÉXECUTION DES CONTRATS,Ordonnance n°2021-650 du 26 mai 2021,ORDONNANCE,L121-84-5,LOI n°2011-525 du 17 mai 2011,LOI,JORFDOLE000021369332,13,1
L224-39,LEGIARTI000032226641,2016-07-01,Livre II : FORMATION ET ÉXECUTION DES CONTRATS,Ordonnance n°2016-301 du 14 mars 2016,ORDONNANCE,L121-84-2,LOI n°2008-3 du 3 janvier 2008,LOI,JORFDOLE000017841208,13,1
L224-4,LEGIARTI000043214794,2021-03-05,Livre II : FORMATION ET ÉXECUTION DES CONTRATS,Ordonnance n°2021-237 du 3 mars 2021,ORDONNANCE,L121-87,Ordonnance n°2021-237 du 3 mars 2021,ORDONNANCE,JORFDOLE000043212853,15,0
L224-40,LEGIARTI000043545721,2021-05-28,Livre II : FORMATION ET ÉXECUTION DES CONTRATS,Ordonnance n°2021-650 du 26 mai 2021,ORDONNANCE,L121-84-7,LOI n°2011-525 du 17 mai 2011,LOI,JORFDOLE000021369332,13,1
L224-41,LEGIARTI000043545717,2021-05-28,Livre II : FORMATION ET ÉXECUTION DES CONTRATS,Ordonnance n°2021-650 du 26 mai 2021,ORDONNANCE,L121-84-9,Ordonnance n°2011-1012 du 24 août 2011,ORDONNANCE,JORFDOLE000025642874,13,0
L224-42,LEGIARTI000043545713,2021-05-28,Livre II : FORMATION ET ÉXECUTION DES CONTRATS,Ordonnance n°2021-650 du 26 mai 2021,ORDONNANCE,L121-85,LOI n°2008-3 du 3 janvier 2008,LOI,JORFDOLE000017841208,13,1
L224-42-1,LEGIARTI000043545711,2021-05-28,Livre II : FORMATION ET ÉXECUTION DES CONTRATS,Ordonnance n°2021-650 du 26 mai 2021,ORDONNANCE,,Ordonnance n°2021-650 du 26 mai 2021,ORDONNANCE,JORFDOLE000043537810,15,0
L224-42-2,LEGIARTI000043545748,2021-05-28,Livre II : FORMATION ET ÉXECUTION DES CONTRATS,Ordonnance n°2021-650 du 26 mai 2021,ORDONNANCE,,Ordonnance n°2021-650 du 26 mai 2021,ORDONNANCE,JORFDOLE000043537810,15,0
L224-42-3,LEGIARTI000043545746,2021-05-28,Livre II : FORMATION ET ÉXECUTION DES CONTRATS,Ordonnance n°2021-650 du 26 mai 2021,ORDONNANCE,,Ordonnance n°2021-650 du 26 mai 2021,ORDONNANCE,JORFDOLE000043537810,15,0
L224-42-4,LEGIARTI000049571104,2024-02-17,Livre II : FORMATION ET ÉXECUTION DES CONTRATS,LOI n°2024-449 du 21 mai 2024,LOI,,LOI n°2024-449 du 21 mai 2024,LOI,JORFDOLE000047533100,16,1
L224-43,LEGIARTI000032226629,2016-07-01,Livre II : FORMATION ET ÉXECUTION DES CONTRATS,Ordonnance n°2016-301 du 14 mars 2016,ORDONNANCE,L121-42,LOI n°2014-344 du 17 mars 2014,LOI,JORFDOLE000027383756,14,1
L224-44,LEGIARTI000032226627,2016-07-01,Livre II : FORMATION ET ÉXECUTION DES CONTRATS,Ordonnance n°2016-301 du 14 mars 2016,ORDONNANCE,L121-42,LOI n°2014-344 du 17 mars 2014,LOI,JORFDOLE000027383756,14,1
L224-45,LEGIARTI000032226625,2016-07-01,Livre II : FORMATION ET ÉXECUTION DES CONTRATS,Ordonnance n°2016-301 du 14 mars 2016,ORDONNANCE,L121-42,LOI n°2014-344 du 17 mars 2014,LOI,JORFDOLE000027383756,14,1
L224-46,LEGIARTI000042155988,2020-07-26,Livre II : FORMATION ET ÉXECUTION DES CONTRATS,LOI n°2020-901 du 24 juillet 2020,LOI,L121-42,LOI n°2014-344 du 17 mars 2014,LOI,JORFDOLE000027383756,14,1
L224-47,LEGIARTI000042155983,2020-07-26,Livre II : FORMATION ET ÉXECUTION DES CONTRATS,LOI n°2020-901 du 24 juillet 2020,LOI,L121-42,LOI n°2014-344 du 17 mars 2014,LOI,JORFDOLE000027383756,14,1
L224-47-1,LEGIARTI000043545835,2021-05-28,Livre II : FORMATION ET ÉXECUTION DES CONTRATS,Ordonnance n°2021-650 du 26 mai 2021,ORDONNANCE,,Ordonnance n°2021-650 du 26 mai 2021,ORDONNANCE,JORFDOLE000043537810,15,0
L224-48,LEGIARTI000032226619,2016-07-01,Livre II : FORMATION ET ÉXECUTION DES CONTRATS,Ordonnance n°2016-301 du 14 mars 2016,ORDONNANCE,L121-42,LOI n°2014-344 du 17 mars 2014,LOI,JORFDOLE000027383756,14,1
L224-49,LEGIARTI000032226617,2016-07-01,Livre II : FORMATION ET ÉXECUTION DES CONTRATS,Ordonnance n°2016-301 du 14 mars 2016,ORDONNANCE,L121-43,LOI n°2014-344 du 17 mars 2014,LOI,JORFDOLE000027383756,14,1
L224-5,LEGIARTI000032226729,2016-07-01,Livre II : FORMATION ET ÉXECUTION DES CONTRATS,Ordonnance n°2016-301 du 14 mars 2016,ORDONNANCE,L121-89,LOI n°2010-1488 du 7 décembre 2010,LOI,JORFDOLE000022095875,13,1
L224-50,LEGIARTI000032226615,2016-07-01,Livre II : FORMATION ET ÉXECUTION DES CONTRATS,Ordonnance n°2016-301 du 14 mars 2016,ORDONNANCE,L121-44,LOI n°2014-344 du 17 mars 2014,LOI,JORFDOLE000027383756,14,1
L224-51,LEGIARTI000043545830,2021-05-28,Livre II : FORMATION ET ÉXECUTION DES CONTRATS,Ordonnance n°2021-650 du 26 mai 2021,ORDONNANCE,L121-45,LOI n°2014-344 du 17 mars 2014,LOI,JORFDOLE000027383756,14,1
L224-52,LEGIARTI000032226611,2016-07-01,Livre II : FORMATION ET ÉXECUTION DES CONTRATS,Ordonnance n°2016-301 du 14 mars 2016,ORDONNANCE,L121-45,LOI n°2014-344 du 17 mars 2014,LOI,JORFDOLE000027383756,14,1
L224-53,LEGIARTI000032226609,2016-07-01,Livre II : FORMATION ET ÉXECUTION DES CONTRATS,Ordonnance n°2016-301 du 14 mars 2016,ORDONNANCE,L121-46,LOI n°2014-344 du 17 mars 2014,LOI,JORFDOLE000027383756,14,1
L224-54,LEGIARTI000043545823,2021-05-28,Livre II : FORMATION ET ÉXECUTION DES CONTRATS,Ordonnance n°2021-650 du 26 mai 2021,ORDONNANCE,L121-47,LOI n°2014-344 du 17 mars 2014,LOI,JORFDOLE000027383756,14,1
L224-55,LEGIARTI000032226604,2016-07-01,Livre II : FORMATION ET ÉXECUTION DES CONTRATS,Ordonnance n°2016-301 du 14 mars 2016,ORDONNANCE,L121-48,LOI n°2014-344 du 17 mars 2014,LOI,JORFDOLE000027383756,14,1
L224-56,LEGIARTI000043545819,2021-05-28,Livre II : FORMATION ET ÉXECUTION DES CONTRATS,Ordonnance n°2021-650 du 26 mai 2021,ORDONNANCE,L121-84-8,LOI n°2008-3 du 3 janvier 2008,LOI,JORFDOLE000017841208,13,1
L224-57,LEGIARTI000032226597,2016-07-01,Livre II : FORMATION ET ÉXECUTION DES CONTRATS,Ordonnance n°2016-301 du 14 mars 2016,ORDONNANCE,L121-84-10,Ordonnance n°2011-1012 du 24 août 2011,ORDONNANCE,JORFDOLE000025642874,13,0
L224-58,LEGIARTI000032226595,2016-07-01,Livre II : FORMATION ET ÉXECUTION DES CONTRATS,Ordonnance n°2016-301 du 14 mars 2016,ORDONNANCE,L121-84-11,Ordonnance n°2011-1012 du 24 août 2011,ORDONNANCE,JORFDOLE000025642874,13,0
L224-59,LEGIARTI000032226591,2016-07-01,Livre II : FORMATION ET ÉXECUTION DES CONTRATS,Ordonnance n°2016-301 du 14 mars 2016,ORDONNANCE,L121-97,LOI n°2014-1545 du 20 décembre 2014,LOI,JORFDOLE000029134377,14,1
L224-6,LEGIARTI000044563220,2022-05-28,Livre II : FORMATION ET ÉXECUTION DES CONTRATS,Ordonnance n°2021-1734 du 22 décembre 2021,ORDONNANCE,L121-89,LOI n°2010-1488 du 7 décembre 2010,LOI,JORFDOLE000022095875,13,1
L224-60,LEGIARTI000032226589,2016-07-01,Livre II : FORMATION ET ÉXECUTION DES CONTRATS,Ordonnance n°2016-301 du 14 mars 2016,ORDONNANCE,L121-97,LOI n°2014-1545 du 20 décembre 2014,LOI,JORFDOLE000029134377,14,1
L224-61,LEGIARTI000032226587,2016-07-01,Livre II : FORMATION ET ÉXECUTION DES CONTRATS,Ordonnance n°2016-301 du 14 mars 2016,ORDONNANCE,L121-97,LOI n°2014-1545 du 20 décembre 2014,LOI,JORFDOLE000029134377,14,1
L224-62,LEGIARTI000032226585,2016-07-01,Livre II : FORMATION ET ÉXECUTION DES CONTRATS,Ordonnance n°2016-301 du 14 mars 2016,ORDONNANCE,L121-97,LOI n°2014-1545 du 20 décembre 2014,LOI,JORFDOLE000029134377,14,1
L224-62-1,LEGIARTI000045205500,2022-02-23,Livre II : FORMATION ET ÉXECUTION DES CONTRATS,LOI n°2022-217 du 21 février 2022,LOI,,LOI n°2022-217 du 21 février 2022,LOI,JORFDOLE000043496065,15,1
L224-63,LEGIARTI000034072632,2017-02-23,Livre II : FORMATION ET ÉXECUTION DES CONTRATS,LOI n°2017-203 du 21 février 2017,LOI,L121-95,LOI n°2009-1503 du 8 décembre 2009,LOI,JORFDOLE000019456981,13,1
L224-64,LEGIARTI000032226577,2016-07-01,Livre II : FORMATION ET ÉXECUTION DES CONTRATS,Ordonnance n°2016-301 du 14 mars 2016,ORDONNANCE,L121-96,LOI n°2009-1503 du 8 décembre 2009,LOI,JORFDOLE000019456981,13,1
L224-65,LEGIARTI000032226573,2016-07-01,Livre II : FORMATION ET ÉXECUTION DES CONTRATS,Ordonnance n°2016-301 du 14 mars 2016,ORDONNANCE,L121-105,LOI n°2014-344 du 17 mars 2014,LOI,JORFDOLE000027383756,14,1
L224-66,LEGIARTI000032226569,2016-07-01,Livre II : FORMATION ET ÉXECUTION DES CONTRATS,Ordonnance n°2016-301 du 14 mars 2016,ORDONNANCE,L121-118,LOI n° 2015-992 du 17 août 2015,LOI,JORFDOLE000029310724,14,1
L224-67,LEGIARTI000041598772,2022-01-01,Livre II : FORMATION ET ÉXECUTION DES CONTRATS,LOI n°2020-105 du 10 février 2020,LOI,L121-117,LOI n° 2015-992 du 17 août 2015,LOI,JORFDOLE000029310724,14,1
L224-68,LEGIARTI000032226561,2016-07-01,Livre II : FORMATION ET ÉXECUTION DES CONTRATS,Ordonnance n°2016-301 du 14 mars 2016,ORDONNANCE,L121-116,LOI n° 2015-992 du 17 août 2015,LOI,JORFDOLE000029310724,14,1
L224-68-1,LEGIARTI000043371943,2021-04-16,Livre II : FORMATION ET ÉXECUTION DES CONTRATS,Ordonnance n°2021-443 du 14 avril 2021,ORDONNANCE,,Ordonnance n°2021-443 du 14 avril 2021,ORDONNANCE,JORFDOLE000043373684,15,0
L224-69,LEGIARTI000032226555,2016-07-01,Livre II : FORMATION ET ÉXECUTION DES CONTRATS,Ordonnance n°2016-301 du 14 mars 2016,ORDONNANCE,L121-60,LOI n°2009-888 du 22 juillet 2009,LOI,JORFDOLE000020213483,13,1
L224-7,LEGIARTI000032226723,2016-07-01,Livre II : FORMATION ET ÉXECUTION DES CONTRATS,Ordonnance n°2016-301 du 14 mars 2016,ORDONNANCE,L121-88,LOI n°2014-344 du 17 mars 2014,LOI,JORFDOLE000027383756,14,1
L224-70,LEGIARTI000032226551,2016-07-01,Livre II : FORMATION ET ÉXECUTION DES CONTRATS,Ordonnance n°2016-301 du 14 mars 2016,ORDONNANCE,L121-61,LOI n°2009-888 du 22 juillet 2009,LOI,JORFDOLE000020213483,13,1
L224-71,LEGIARTI000032226547,2016-07-01,Livre II : FORMATION ET ÉXECUTION DES CONTRATS,Ordonnance n°2016-301 du 14 mars 2016,ORDONNANCE,L121-62,LOI n°2009-888 du 22 juillet 2009,LOI,JORFDOLE000020213483,13,1
L224-72,LEGIARTI000032226545,2016-07-01,Livre II : FORMATION ET ÉXECUTION DES CONTRATS,Ordonnance n°2016-301 du 14 mars 2016,ORDONNANCE,L121-62,LOI n°2009-888 du 22 juillet 2009,LOI,JORFDOLE000020213483,13,1
L224-73,LEGIARTI000032226541,2016-07-01,Livre II : FORMATION ET ÉXECUTION DES CONTRATS,Ordonnance n°2016-301 du 14 mars 2016,ORDONNANCE,L121-63,LOI n°2009-888 du 22 juillet 2009,LOI,JORFDOLE000020213483,13,1
L224-74,LEGIARTI000032226539,2016-07-01,Livre II : FORMATION ET ÉXECUTION DES CONTRATS,Ordonnance n°2016-301 du 14 mars 2016,ORDONNANCE,L121-64,LOI n°2009-888 du 22 juillet 2009,LOI,JORFDOLE000020213483,13,1
L224-75,LEGIARTI000032226537,2016-07-01,Livre II : FORMATION ET ÉXECUTION DES CONTRATS,Ordonnance n°2016-301 du 14 mars 2016,ORDONNANCE,L121-65,LOI n°2009-888 du 22 juillet 2009,LOI,JORFDOLE000020213483,13,1
L224-76,LEGIARTI000032226533,2016-07-01,Livre II : FORMATION ET ÉXECUTION DES CONTRATS,Ordonnance n°2016-301 du 14 mars 2016,ORDONNANCE,L121-66,LOI n°2009-888 du 22 juillet 2009,LOI,JORFDOLE000020213483,13,1
L224-77,LEGIARTI000032226531,2016-07-01,Livre II : FORMATION ET ÉXECUTION DES CONTRATS,Ordonnance n°2016-301 du 14 mars 2016,ORDONNANCE,L121-67,LOI n°2009-888 du 22 juillet 2009,LOI,JORFDOLE000020213483,13,1
L224-78,LEGIARTI000032226529,2016-07-01,Livre II : FORMATION ET ÉXECUTION DES CONTRATS,Ordonnance n°2016-301 du 14 mars 2016,ORDONNANCE,L121-68,LOI n°2009-888 du 22 juillet 2009,LOI,JORFDOLE000020213483,13,1
L224-79,LEGIARTI000032226527,2016-07-01,Livre II : FORMATION ET ÉXECUTION DES CONTRATS,Ordonnance n°2016-301 du 14 mars 2016,ORDONNANCE,L121-69,LOI n°2009-888 du 22 juillet 2009,LOI,JORFDOLE000020213483,13,1
L224-8,LEGIARTI000032226721,2016-07-01,Livre II : FORMATION ET ÉXECUTION DES CONTRATS,Ordonnance n°2016-301 du 14 mars 2016,ORDONNANCE,L121-92,LOI n°2010-1488 du 7 décembre 2010,LOI,JORFDOLE000022095875,13,1
L224-80,LEGIARTI000032226525,2016-07-01,Livre II : FORMATION ET ÉXECUTION DES CONTRATS,Ordonnance n°2016-301 du 14 mars 2016,ORDONNANCE,L121-70,LOI n°2009-888 du 22 juillet 2009,LOI,JORFDOLE000020213483,13,1
L224-81,LEGIARTI000032226523,2016-07-01,Livre II : FORMATION ET ÉXECUTION DES CONTRATS,Ordonnance n°2016-301 du 14 mars 2016,ORDONNANCE,L121-71,LOI n°2009-888 du 22 juillet 2009,LOI,JORFDOLE000020213483,13,1
L224-82,LEGIARTI000032226521,2016-07-01,Livre II : FORMATION ET ÉXECUTION DES CONTRATS,Ordonnance n°2016-301 du 14 mars 2016,ORDONNANCE,L121-72,LOI n°2009-888 du 22 juillet 2009,LOI,JORFDOLE000020213483,13,1
L224-83,LEGIARTI000032226519,2016-07-01,Livre II : FORMATION ET ÉXECUTION DES CONTRATS,Ordonnance n°2016-301 du 14 mars 2016,ORDONNANCE,L121-73,LOI n°2009-888 du 22 juillet 2009,LOI,JORFDOLE000020213483,13,1
L224-84,LEGIARTI000032226517,2016-07-01,Livre II : FORMATION ET ÉXECUTION DES CONTRATS,Ordonnance n°2016-301 du 14 mars 2016,ORDONNANCE,L121-74,LOI n°2009-888 du 22 juillet 2009,LOI,JORFDOLE000020213483,13,1
L224-85,LEGIARTI000032226515,2016-07-01,Livre II : FORMATION ET ÉXECUTION DES CONTRATS,Ordonnance n°2016-301 du 14 mars 2016,ORDONNANCE,L121-75,LOI n°2014-344 du 17 mars 2014,LOI,JORFDOLE000027383756,14,1
L224-86,LEGIARTI000032226513,2016-07-01,Livre II : FORMATION ET ÉXECUTION DES CONTRATS,Ordonnance n°2016-301 du 14 mars 2016,ORDONNANCE,L121-76,LOI n°2009-888 du 22 juillet 2009,LOI,JORFDOLE000020213483,13,1
L224-87,LEGIARTI000032226510,2016-07-01,Livre II : FORMATION ET ÉXECUTION DES CONTRATS,Ordonnance n°2016-301 du 14 mars 2016,ORDONNANCE,L121-77,LOI n°2009-888 du 22 juillet 2009,LOI,JORFDOLE000020213483,13,1
L224-88,LEGIARTI000032226507,2016-07-01,Livre II : FORMATION ET ÉXECUTION DES CONTRATS,Ordonnance n°2016-301 du 14 mars 2016,ORDONNANCE,L121-78,LOI n°2009-888 du 22 juillet 2009,LOI,JORFDOLE000020213483,13,1
L224-89,LEGIARTI000032226503,2016-07-01,Livre II : FORMATION ET ÉXECUTION DES CONTRATS,Ordonnance n°2016-301 du 14 mars 2016,ORDONNANCE,L121-79,LOI n°2009-888 du 22 juillet 2009,LOI,JORFDOLE000020213483,13,1
L224-9,LEGIARTI000032226717,2016-07-01,Livre II : FORMATION ET ÉXECUTION DES CONTRATS,Ordonnance n°2016-301 du 14 mars 2016,ORDONNANCE,L121-92,LOI n°2010-1488 du 7 décembre 2010,LOI,JORFDOLE000022095875,13,1
L224-9-1,LEGIARTI000043211256,2021-03-05,Livre II : FORMATION ET ÉXECUTION DES CONTRATS,Ordonnance n°2021-237 du 3 mars 2021,ORDONNANCE,,Ordonnance n°2021-237 du 3 mars 2021,ORDONNANCE,JORFDOLE000043212853,15,0
L224-90,LEGIARTI000032226499,2016-07-01,Livre II : FORMATION ET ÉXECUTION DES CONTRATS,Ordonnance n°2016-301 du 14 mars 2016,ORDONNANCE,,Ordonnance n°2016-301 du 14 mars 2016,ORDONNANCE,JORFDOLE000032223954,14,0
L224-91,LEGIARTI000032226497,2016-07-01,Livre II : FORMATION ET ÉXECUTION DES CONTRATS,Ordonnance n°2016-301 du 14 mars 2016,ORDONNANCE,,Ordonnance n°2016-301 du 14 mars 2016,ORDONNANCE,JORFDOLE000032223954,14,0
L224-92,LEGIARTI000032226495,2016-07-01,Livre II : FORMATION ET ÉXECUTION DES CONTRATS,Ordonnance n°2016-301 du 14 mars 2016,ORDONNANCE,,Ordonnance n°2016-301 du 14 mars 2016,ORDONNANCE,JORFDOLE000032223954,14,0
L224-93,LEGIARTI000032226493,2016-07-01,Livre II : FORMATION ET ÉXECUTION DES CONTRATS,Ordonnance n°2016-301 du 14 mars 2016,ORDONNANCE,,Ordonnance n°2016-301 du 14 mars 2016,ORDONNANCE,JORFDOLE000032223954,14,0
L224-94,LEGIARTI000032226491,2016-07-01,Livre II : FORMATION ET ÉXECUTION DES CONTRATS,Ordonnance n°2016-301 du 14 mars 2016,ORDONNANCE,,Ordonnance n°2016-301 du 14 mars 2016,ORDONNANCE,JORFDOLE000032223954,14,0
L224-95,LEGIARTI000032226489,2016-07-01,Livre II : FORMATION ET ÉXECUTION DES CONTRATS,Ordonnance n°2016-301 du 14 mars 2016,ORDONNANCE,,Ordonnance n°2016-301 du 14 mars 2016,ORDONNANCE,JORFDOLE000032223954,14,0
L224-96,LEGIARTI000032226485,2016-07-01,Livre II : FORMATION ET ÉXECUTION DES CONTRATS,Ordonnance n°2016-301 du 14 mars 2016,ORDONNANCE,L121-99,LOI n°2014-344 du 17 mars 2014,LOI,JORFDOLE000027383756,14,1
L224-97,LEGIARTI000032226483,2016-07-01,Livre II : FORMATION ET ÉXECUTION DES CONTRATS,Ordonnance n°2016-301 du 14 mars 2016,ORDONNANCE,L121-100,LOI n°2014-344 du 17 mars 2014,LOI,JORFDOLE000027383756,14,1
L224-98,LEGIARTI000044056431,2023-01-01,Livre II : FORMATION ET ÉXECUTION DES CONTRATS,Ordonnance n°2021-1189 du 15 septembre 2021,ORDONNANCE,L121-101,LOI n°2014-344 du 17 mars 2014,LOI,JORFDOLE000027383756,14,1
L224-99,LEGIARTI000034072650,2017-02-23,Livre II : FORMATION ET ÉXECUTION DES CONTRATS,LOI n°2017-203 du 21 février 2017,LOI,L121-102,LOI n°2014-344 du 17 mars 2014,LOI,JORFDOLE000027383756,14,1
L231-1,LEGIARTI000032226441,2016-07-01,Livre II : FORMATION ET ÉXECUTION DES CONTRATS,Ordonnance n°2016-301 du 14 mars 2016,ORDONNANCE,L139-1,LOI n°2014-344 du 17 mars 2014,LOI,JORFDOLE000027383756,14,1
L232-1,LEGIARTI000032226437,2016-07-01,Livre II : FORMATION ET ÉXECUTION DES CONTRATS,Ordonnance n°2016-301 du 14 mars 2016,ORDONNANCE,L135-1,LOI n°2014-344 du 17 mars 2014,LOI,JORFDOLE000027383756,14,1
L232-2,LEGIARTI000032226435,2016-07-01,Livre II : FORMATION ET ÉXECUTION DES CONTRATS,Ordonnance n°2016-301 du 14 mars 2016,ORDONNANCE,L211-18,LOI n°2014-344 du 17 mars 2014,LOI,JORFDOLE000027383756,14,1
L232-3,LEGIARTI000032226433,2016-07-01,Livre II : FORMATION ET ÉXECUTION DES CONTRATS,Ordonnance n°2016-301 du 14 mars 2016,ORDONNANCE,L121-24,LOI n°2014-344 du 17 mars 2014,LOI,JORFDOLE000027383756,14,1
L232-4,LEGIARTI000032226431,2016-07-01,Livre II : FORMATION ET ÉXECUTION DES CONTRATS,Ordonnance n°2016-301 du 14 mars 2016,ORDONNANCE,L121-32,LOI n°2014-344 du 17 mars 2014,LOI,JORFDOLE000027383756,14,1
L232-5,LEGIARTI000032226429,2016-07-01,Livre II : FORMATION ET ÉXECUTION DES CONTRATS,Ordonnance n°2016-301 du 14 mars 2016,ORDONNANCE,L121-79,LOI n°2009-888 du 22 juillet 2009,LOI,JORFDOLE000020213483,13,1
L232-6,LEGIARTI000032226427,2016-07-01,Livre II : FORMATION ET ÉXECUTION DES CONTRATS,Ordonnance n°2016-301 du 14 mars 2016,ORDONNANCE,L121-79-1,LOI n°2009-888 du 22 juillet 2009,LOI,JORFDOLE000020213483,13,1
L241-1,LEGIARTI000032226417,2016-07-01,Livre II : FORMATION ET ÉXECUTION DES CONTRATS,Ordonnance n°2016-301 du 14 mars 2016,ORDONNANCE,L132-1,Ordonnance n°2016-301 du 14 mars 2016,ORDONNANCE,JORFDOLE000032223954,14,0
L241-1-1,LEGIARTI000051560125,2025-05-03,Livre II : FORMATION ET ÉXECUTION DES CONTRATS,LOI n°2025-391 du 30 avril 2025,LOI,,LOI n°2025-391 du 30 avril 2025,LOI,JORFDOLE000050427907,17,1
L241-10,LEGIARTI000044138533,2021-10-01,Livre II : FORMATION ET ÉXECUTION DES CONTRATS,Ordonnance n°2021-1247 du 29 septembre 2021,ORDONNANCE,,Ordonnance n°2021-1247 du 29 septembre 2021,ORDONNANCE,JORFDOLE000044129891,15,0
L241-11,LEGIARTI000044138535,2021-10-01,Livre II : FORMATION ET ÉXECUTION DES CONTRATS,Ordonnance n°2021-1247 du 29 septembre 2021,ORDONNANCE,,Ordonnance n°2021-1247 du 29 septembre 2021,ORDONNANCE,JORFDOLE000044129891,15,0
L241-12,LEGIARTI000044138537,2021-10-01,Livre II : FORMATION ET ÉXECUTION DES CONTRATS,Ordonnance n°2021-1247 du 29 septembre 2021,ORDONNANCE,,Ordonnance n°2021-1247 du 29 septembre 2021,ORDONNANCE,JORFDOLE000044129891,15,0
L241-13,LEGIARTI000044138539,2021-10-01,Livre II : FORMATION ET ÉXECUTION DES CONTRATS,Ordonnance n°2021-1247 du 29 septembre 2021,ORDONNANCE,,Ordonnance n°2021-1247 du 29 septembre 2021,ORDONNANCE,JORFDOLE000044129891,15,0
L241-14,LEGIARTI000044138541,2021-10-01,Livre II : FORMATION ET ÉXECUTION DES CONTRATS,Ordonnance n°2021-1247 du 29 septembre 2021,ORDONNANCE,,Ordonnance n°2021-1247 du 29 septembre 2021,ORDONNANCE,JORFDOLE000044129891,15,0
L241-15,LEGIARTI000044138543,2021-10-01,Livre II : FORMATION ET ÉXECUTION DES CONTRATS,Ordonnance n°2021-1247 du 29 septembre 2021,ORDONNANCE,,Ordonnance n°2021-1247 du 29 septembre 2021,ORDONNANCE,JORFDOLE000044129891,15,0
L241-2,LEGIARTI000044563228,2022-05-28,Livre II : FORMATION ET ÉXECUTION DES CONTRATS,Ordonnance n°2021-1734 du 22 décembre 2021,ORDONNANCE,L132-2,LOI n°2015-990 du 6 août 2015,LOI,JORFDOLE000029883713,14,1
L241-2-1,LEGIARTI000041556254,2020-02-12,Livre II : FORMATION ET ÉXECUTION DES CONTRATS,LOI n°2020-105 du 10 février 2020,LOI,,LOI n°2020-105 du 10 février 2020,LOI,JORFDOLE000038746653,15,1
L241-3,LEGIARTI000032226409,2016-07-01,Livre II : FORMATION ET ÉXECUTION DES CONTRATS,Ordonnance n°2016-301 du 14 mars 2016,ORDONNANCE,L136-1,LOI n°2014-344 du 17 mars 2014,LOI,JORFDOLE000027383756,14,1
L241-3-1,LEGIARTI000046190202,2022-08-18,Livre II : FORMATION ET ÉXECUTION DES CONTRATS,LOI n°2022-1158 du 16 août 2022,LOI,,LOI n°2022-1158 du 16 août 2022,LOI,JORFDOLE000046027237,16,1
L241-4,LEGIARTI000044142708,2021-10-01,Livre II : FORMATION ET ÉXECUTION DES CONTRATS,Ordonnance n°2021-1247 du 29 septembre 2021,ORDONNANCE,L138-3,LOI n°2014-344 du 17 mars 2014,LOI,JORFDOLE000027383756,14,1
L241-5,LEGIARTI000051560110,2025-05-03,Livre II : FORMATION ET ÉXECUTION DES CONTRATS,LOI n°2025-391 du 30 avril 2025,LOI,L211-17,Ordonnance n°2005-136 du 17 février 2005,ORDONNANCE,JORFDOLE000021979239,12,0
L241-6,LEGIARTI000044142723,2021-10-01,Livre II : FORMATION ET ÉXECUTION DES CONTRATS,Ordonnance n°2021-1247 du 29 septembre 2021,ORDONNANCE,L211-16-1,LOI n°2014-344 du 17 mars 2014,LOI,JORFDOLE000027383756,14,1
L241-7,LEGIARTI000044142717,2021-10-01,Livre II : FORMATION ET ÉXECUTION DES CONTRATS,Ordonnance n°2021-1247 du 29 septembre 2021,ORDONNANCE,L211-23,LOI n°2014-344 du 17 mars 2014,LOI,JORFDOLE000027383756,14,1
L241-8,LEGIARTI000044138529,2021-10-01,Livre II : FORMATION ET ÉXECUTION DES CONTRATS,Ordonnance n°2021-1247 du 29 septembre 2021,ORDONNANCE,,Ordonnance n°2021-1247 du 29 septembre 2021,ORDONNANCE,JORFDOLE000044129891,15,0
L241-9,LEGIARTI000044138531,2021-10-01,Livre II : FORMATION ET ÉXECUTION DES CONTRATS,Ordonnance n°2021-1247 du 29 septembre 2021,ORDONNANCE,,Ordonnance n°2021-1247 du 29 septembre 2021,ORDONNANCE,JORFDOLE000044129891,15,0
L242-1,LEGIARTI000044563268,2022-05-28,Livre II : FORMATION ET ÉXECUTION DES CONTRATS,Ordonnance n°2021-1734 du 22 décembre 2021,ORDONNANCE,L121-18-1,LOI n°2014-1545 du 20 décembre 2014,LOI,JORFDOLE000029134377,14,1
L242-10,LEGIARTI000044563241,2022-05-28,Livre II : FORMATION ET ÉXECUTION DES CONTRATS,Ordonnance n°2021-1734 du 22 décembre 2021,ORDONNANCE,L121-22,LOI n°2014-1545 du 20 décembre 2014,LOI,JORFDOLE000029134377,14,1
L242-11,LEGIARTI000044563237,2022-05-28,Livre II : FORMATION ET ÉXECUTION DES CONTRATS,Ordonnance n°2021-1734 du 22 décembre 2021,ORDONNANCE,L121-22,LOI n°2014-1545 du 20 décembre 2014,LOI,JORFDOLE000029134377,14,1
L242-12,LEGIARTI000042155944,2020-07-26,Livre II : FORMATION ET ÉXECUTION DES CONTRATS,LOI n°2020-901 du 24 juillet 2020,LOI,L121-22,LOI n°2014-1545 du 20 décembre 2014,LOI,JORFDOLE000029134377,14,1
L242-13,LEGIARTI000044563232,2022-05-28,Livre II : FORMATION ET ÉXECUTION DES CONTRATS,Ordonnance n°2021-1734 du 22 décembre 2021,ORDONNANCE,L121-22-1,LOI n° 2014-344 du 17 mars 2014,LOI,JORFDOLE000027383756,14,1
L242-14,LEGIARTI000042155949,2020-07-26,Livre II : FORMATION ET ÉXECUTION DES CONTRATS,LOI n°2020-901 du 24 juillet 2020,LOI,L121-34-2,LOI n°2014-1545 du 20 décembre 2014,LOI,JORFDOLE000029134377,14,1
L242-14-1,LEGIARTI000044550446,2022-05-28,Livre II : FORMATION ET ÉXECUTION DES CONTRATS,Ordonnance n°2021-1734 du 22 décembre 2021,ORDONNANCE,,Ordonnance n°2021-1734 du 22 décembre 2021,ORDONNANCE,JORFDOLE000044550081,15,0
L242-15,LEGIARTI000032226348,2016-07-01,Livre II : FORMATION ET ÉXECUTION DES CONTRATS,Ordonnance n°2016-301 du 14 mars 2016,ORDONNANCE,L121-30,LOI n°2014-344 du 17 mars 2014,LOI,JORFDOLE000027383756,14,1
L242-16,LEGIARTI000042155954,2020-07-26,Livre II : FORMATION ET ÉXECUTION DES CONTRATS,LOI n°2020-901 du 24 juillet 2020,LOI,L121-34-1,LOI n° 2014-344 du 17 mars 2014,LOI,JORFDOLE000027383756,14,1
L242-16-1,LEGIARTI000051828392,2025-07-02,Livre II : FORMATION ET ÉXECUTION DES CONTRATS,LOI n°2025-594 du 30 juin 2025,LOI,,LOI n°2025-594 du 30 juin 2025,LOI,JORFDOLE000051045642,17,1
L242-17,LEGIARTI000032226336,2016-07-01,Livre II : FORMATION ET ÉXECUTION DES CONTRATS,Ordonnance n°2016-301 du 14 mars 2016,ORDONNANCE,L121-111,LOI n°2014-344 du 17 mars 2014,LOI,JORFDOLE000027383756,14,1
L242-18,LEGIARTI000032226332,2016-07-01,Livre II : FORMATION ET ÉXECUTION DES CONTRATS,Ordonnance n°2016-301 du 14 mars 2016,ORDONNANCE,L121-114,LOI n°2014-1545 du 20 décembre 2014,LOI,JORFDOLE000029134377,14,1
L242-18-1,LEGIARTI000051560099,2025-05-03,Livre II : FORMATION ET ÉXECUTION DES CONTRATS,LOI n°2025-391 du 30 avril 2025,LOI,,LOI n°2025-391 du 30 avril 2025,LOI,JORFDOLE000050427907,17,1
L242-18-2,LEGIARTI000044138704,2021-10-01,Livre II : FORMATION ET ÉXECUTION DES CONTRATS,Ordonnance n°2021-1247 du 29 septembre 2021,ORDONNANCE,,Ordonnance n°2021-1247 du 29 septembre 2021,ORDONNANCE,JORFDOLE000044129891,15,0
L242-18-3,LEGIARTI000044138706,2021-10-01,Livre II : FORMATION ET ÉXECUTION DES CONTRATS,Ordonnance n°2021-1247 du 29 septembre 2021,ORDONNANCE,,Ordonnance n°2021-1247 du 29 septembre 2021,ORDONNANCE,JORFDOLE000044129891,15,0
L242-18-4,LEGIARTI000044138722,2021-10-01,Livre II : FORMATION ET ÉXECUTION DES CONTRATS,Ordonnance n°2021-1247 du 29 septembre 2021,ORDONNANCE,,Ordonnance n°2021-1247 du 29 septembre 2021,ORDONNANCE,JORFDOLE000044129891,15,0
L242-18-5,LEGIARTI000044138716,2021-10-01,Livre II : FORMATION ET ÉXECUTION DES CONTRATS,Ordonnance n°2021-1247 du 29 septembre 2021,ORDONNANCE,,Ordonnance n°2021-1247 du 29 septembre 2021,ORDONNANCE,JORFDOLE000044129891,15,0
L242-18-6,LEGIARTI000044138718,2021-10-01,Livre II : FORMATION ET ÉXECUTION DES CONTRATS,Ordonnance n°2021-1247 du 29 septembre 2021,ORDONNANCE,,Ordonnance n°2021-1247 du 29 septembre 2021,ORDONNANCE,JORFDOLE000044129891,15,0
L242-18-7,LEGIARTI000044138720,2021-10-01,Livre II : FORMATION ET ÉXECUTION DES CONTRATS,Ordonnance n°2021-1247 du 29 septembre 2021,ORDONNANCE,,Ordonnance n°2021-1247 du 29 septembre 2021,ORDONNANCE,JORFDOLE000044129891,15,0
L242-18-8,LEGIARTI000044138724,2021-10-01,Livre II : FORMATION ET ÉXECUTION DES CONTRATS,Ordonnance n°2021-1247 du 29 septembre 2021,ORDONNANCE,,Ordonnance n°2021-1247 du 29 septembre 2021,ORDONNANCE,JORFDOLE000044129891,15,0
L242-18-9,LEGIARTI000044138726,2021-10-01,Livre II : FORMATION ET ÉXECUTION DES CONTRATS,Ordonnance n°2021-1247 du 29 septembre 2021,ORDONNANCE,,Ordonnance n°2021-1247 du 29 septembre 2021,ORDONNANCE,JORFDOLE000044129891,15,0
L242-19,LEGIARTI000032226326,2016-07-01,Livre II : FORMATION ET ÉXECUTION DES CONTRATS,Ordonnance n°2016-301 du 14 mars 2016,ORDONNANCE,L121-84-1,LOI n°2008-3 du 3 janvier 2008,LOI,JORFDOLE000017841208,13,1
L242-2,LEGIARTI000032226382,2016-07-01,Livre II : FORMATION ET ÉXECUTION DES CONTRATS,Ordonnance n°2016-301 du 14 mars 2016,ORDONNANCE,L121-19-3,LOI n° 2014-344 du 17 mars 2014,LOI,JORFDOLE000027383756,14,1
L242-20,LEGIARTI000043545844,2021-05-28,Livre II : FORMATION ET ÉXECUTION DES CONTRATS,Ordonnance n°2021-650 du 26 mai 2021,ORDONNANCE,L121-85-1,LOI n°2014-344 du 17 mars 2014,LOI,JORFDOLE000027383756,14,1
L242-21,LEGIARTI000042155978,2020-07-26,Livre II : FORMATION ET ÉXECUTION DES CONTRATS,LOI n°2020-901 du 24 juillet 2020,LOI,L121-49,LOI n°2014-344 du 17 mars 2014,LOI,JORFDOLE000027383756,14,1
L242-22,LEGIARTI000032226312,2016-07-01,Livre II : FORMATION ET ÉXECUTION DES CONTRATS,Ordonnance n°2016-301 du 14 mars 2016,ORDONNANCE,L121-98,LOI n°2014-344 du 17 mars 2014,LOI,JORFDOLE000027383756,14,1
L242-23,LEGIARTI000034072621,2017-02-23,Livre II : FORMATION ET ÉXECUTION DES CONTRATS,LOI n°2017-203 du 21 février 2017,LOI,L121-98-1,LOI n°2014-1545 du 20 décembre 2014,LOI,JORFDOLE000029134377,14,1
L242-24,LEGIARTI000032226302,2016-07-01,Livre II : FORMATION ET ÉXECUTION DES CONTRATS,Ordonnance n°2016-301 du 14 mars 2016,ORDONNANCE,L121-119,LOI n° 2015-992 du 17 août 2015,LOI,JORFDOLE000029310724,14,1
L242-25,LEGIARTI000032226300,2016-07-01,Livre II : FORMATION ET ÉXECUTION DES CONTRATS,Ordonnance n°2016-301 du 14 mars 2016,ORDONNANCE,L121-119,LOI n° 2015-992 du 17 août 2015,LOI,JORFDOLE000029310724,14,1
L242-25-1,LEGIARTI000043371949,2021-04-16,Livre II : FORMATION ET ÉXECUTION DES CONTRATS,Ordonnance n°2021-443 du 14 avril 2021,ORDONNANCE,,Ordonnance n°2021-443 du 14 avril 2021,ORDONNANCE,JORFDOLE000043373684,15,0
L242-26,LEGIARTI000032226294,2016-07-01,Livre II : FORMATION ET ÉXECUTION DES CONTRATS,Ordonnance n°2016-301 du 14 mars 2016,ORDONNANCE,L121-79-5,LOI n°2009-888 du 22 juillet 2009,LOI,JORFDOLE000020213483,13,1
L242-27,LEGIARTI000032226289,2016-07-01,Livre II : FORMATION ET ÉXECUTION DES CONTRATS,Ordonnance n°2016-301 du 14 mars 2016,ORDONNANCE,L121-79-2,LOI n°2014-344 du 17 mars 2014,LOI,JORFDOLE000027383756,14,1
L242-28,LEGIARTI000032226287,2016-07-01,Livre II : FORMATION ET ÉXECUTION DES CONTRATS,Ordonnance n°2016-301 du 14 mars 2016,ORDONNANCE,L121-79-2,LOI n°2014-344 du 17 mars 2014,LOI,JORFDOLE000027383756,14,1
L242-29,LEGIARTI000032226285,2016-07-01,Livre II : FORMATION ET ÉXECUTION DES CONTRATS,Ordonnance n°2016-301 du 14 mars 2016,ORDONNANCE,L121-79-3,LOI n°2014-344 du 17 mars 2014,LOI,JORFDOLE000027383756,14,1
L242-3,LEGIARTI000032226380,2016-07-01,Livre II : FORMATION ET ÉXECUTION DES CONTRATS,Ordonnance n°2016-301 du 14 mars 2016,ORDONNANCE,L121-21,LOI n°2015-990 du 6 août 2015,LOI,JORFDOLE000029883713,14,1
L242-30,LEGIARTI000032226283,2016-07-01,Livre II : FORMATION ET ÉXECUTION DES CONTRATS,Ordonnance n°2016-301 du 14 mars 2016,ORDONNANCE,L121-79-3,LOI n°2014-344 du 17 mars 2014,LOI,JORFDOLE000027383756,14,1
L242-31,LEGIARTI000032226281,2016-07-01,Livre II : FORMATION ET ÉXECUTION DES CONTRATS,Ordonnance n°2016-301 du 14 mars 2016,ORDONNANCE,L121-79-4,LOI n°2014-344 du 17 mars 2014,LOI,JORFDOLE000027383756,14,1
L242-32,LEGIARTI000032226275,2016-07-01,Livre II : FORMATION ET ÉXECUTION DES CONTRATS,Ordonnance n°2016-301 du 14 mars 2016,ORDONNANCE,,Ordonnance n°2016-301 du 14 mars 2016,ORDONNANCE,JORFDOLE000032223954,14,0
L242-33,LEGIARTI000032226271,2016-07-01,Livre II : FORMATION ET ÉXECUTION DES CONTRATS,Ordonnance n°2016-301 du 14 mars 2016,ORDONNANCE,,Ordonnance n°2016-301 du 14 mars 2016,ORDONNANCE,JORFDOLE000032223954,14,0
L242-34,LEGIARTI000032226265,2016-07-01,Livre II : FORMATION ET ÉXECUTION DES CONTRATS,Ordonnance n°2016-301 du 14 mars 2016,ORDONNANCE,L121-101,LOI n°2014-344 du 17 mars 2014,LOI,JORFDOLE000027383756,14,1
L242-35,LEGIARTI000032226263,2016-07-01,Livre II : FORMATION ET ÉXECUTION DES CONTRATS,Ordonnance n°2016-301 du 14 mars 2016,ORDONNANCE,L121-102,LOI n°2014-344 du 17 mars 2014,LOI,JORFDOLE000027383756,14,1
L242-36,LEGIARTI000032226258,2016-07-01,Livre II : FORMATION ET ÉXECUTION DES CONTRATS,Ordonnance n°2016-301 du 14 mars 2016,ORDONNANCE,L121-104,LOI n°2014-344 du 17 mars 2014,LOI,JORFDOLE000027383756,14,1
L242-37,LEGIARTI000032226256,2016-07-01,Livre II : FORMATION ET ÉXECUTION DES CONTRATS,Ordonnance n°2016-301 du 14 mars 2016,ORDONNANCE,L121-104,LOI n°2014-344 du 17 mars 2014,LOI,JORFDOLE000027383756,14,1
L242-38,LEGIARTI000032226254,2016-07-01,Livre II : FORMATION ET ÉXECUTION DES CONTRATS,Ordonnance n°2016-301 du 14 mars 2016,ORDONNANCE,L121-104,LOI n°2014-344 du 17 mars 2014,LOI,JORFDOLE000027383756,14,1
L242-39,LEGIARTI000032226250,2016-07-01,Livre II : FORMATION ET ÉXECUTION DES CONTRATS,Ordonnance n°2016-301 du 14 mars 2016,ORDONNANCE,L121-103,LOI n°2014-344 du 17 mars 2014,LOI,JORFDOLE000027383756,14,1
L242-4,LEGIARTI000032226378,2016-07-01,Livre II : FORMATION ET ÉXECUTION DES CONTRATS,Ordonnance n°2016-301 du 14 mars 2016,ORDONNANCE,L121-21-4,LOI n°2014-344 du 17 mars 2014,LOI,JORFDOLE000027383756,14,1
L242-40,LEGIARTI000032226246,2016-07-01,Livre II : FORMATION ET ÉXECUTION DES CONTRATS,Ordonnance n°2016-301 du 14 mars 2016,ORDONNANCE,,Ordonnance n°2016-301 du 14 mars 2016,ORDONNANCE,JORFDOLE000032223954,14,0
L242-41,LEGIARTI000032226244,2016-07-01,Livre II : FORMATION ET ÉXECUTION DES CONTRATS,Ordonnance n°2016-301 du 14 mars 2016,ORDONNANCE,,Ordonnance n°2016-301 du 14 mars 2016,ORDONNANCE,JORFDOLE000032223954,14,0
L242-42,LEGIARTI000032226242,2016-07-01,Livre II : FORMATION ET ÉXECUTION DES CONTRATS,Ordonnance n°2016-301 du 14 mars 2016,ORDONNANCE,,Ordonnance n°2016-301 du 14 mars 2016,ORDONNANCE,JORFDOLE000032223954,14,0
L242-43,LEGIARTI000032226238,2016-07-01,Livre II : FORMATION ET ÉXECUTION DES CONTRATS,Ordonnance n°2016-301 du 14 mars 2016,ORDONNANCE,,Ordonnance n°2016-301 du 14 mars 2016,ORDONNANCE,JORFDOLE000032223954,14,0
L242-44,LEGIARTI000032226234,2016-07-01,Livre II : FORMATION ET ÉXECUTION DES CONTRATS,Ordonnance n°2016-301 du 14 mars 2016,ORDONNANCE,,Ordonnance n°2016-301 du 14 mars 2016,ORDONNANCE,JORFDOLE000032223954,14,0
L242-45,LEGIARTI000032226230,2016-07-01,Livre II : FORMATION ET ÉXECUTION DES CONTRATS,Ordonnance n°2016-301 du 14 mars 2016,ORDONNANCE,,Ordonnance n°2016-301 du 14 mars 2016,ORDONNANCE,JORFDOLE000032223954,14,0
L242-46,LEGIARTI000041556180,2022-01-01,Livre II : FORMATION ET ÉXECUTION DES CONTRATS,LOI n°2020-105 du 10 février 2020,LOI,,LOI n°2020-105 du 10 février 2020,LOI,JORFDOLE000038746653,15,1
L242-47,LEGIARTI000045058900,2023-01-01,Livre II : FORMATION ET ÉXECUTION DES CONTRATS,LOI n°2021-1104 du 22 août 2021,LOI,,LOI n°2021-1104 du 22 août 2021,LOI,JORFDOLE000043113774,15,1
L242-48,LEGIARTI000041556204,2022-01-01,Livre II : FORMATION ET ÉXECUTION DES CONTRATS,LOI n°2020-105 du 10 février 2020,LOI,,LOI n°2020-105 du 10 février 2020,LOI,JORFDOLE000038746653,15,1
L242-49,LEGIARTI000043960787,2023-01-01,Livre II : FORMATION ET ÉXECUTION DES CONTRATS,LOI n°2021-1104 du 22 août 2021,LOI,,LOI n°2021-1104 du 22 août 2021,LOI,JORFDOLE000043113774,15,1
L242-5,LEGIARTI000032226374,2016-07-01,Livre II : FORMATION ET ÉXECUTION DES CONTRATS,Ordonnance n°2016-301 du 14 mars 2016,ORDONNANCE,L121-23,LOI n° 2014-344 du 17 mars 2014,LOI,JORFDOLE000027383756,14,1
L242-50,LEGIARTI000043960804,2023-01-01,Livre II : FORMATION ET ÉXECUTION DES CONTRATS,LOI n°2021-1104 du 22 août 2021,LOI,,LOI n°2021-1104 du 22 août 2021,LOI,JORFDOLE000043113774,15,1
L242-51,LEGIARTI000051828398,2025-07-02,Livre II : FORMATION ET ÉXECUTION DES CONTRATS,LOI n°2025-594 du 30 juin 2025,LOI,,LOI n°2025-594 du 30 juin 2025,LOI,JORFDOLE000051045642,17,1
L242-6,LEGIARTI000044563261,2022-05-28,Livre II : FORMATION ET ÉXECUTION DES CONTRATS,Ordonnance n°2021-1734 du 22 décembre 2021,ORDONNANCE,L121-23,LOI n° 2014-344 du 17 mars 2014,LOI,JORFDOLE000027383756,14,1
L242-7,LEGIARTI000034072627,2017-02-23,Livre II : FORMATION ET ÉXECUTION DES CONTRATS,LOI n°2017-203 du 21 février 2017,LOI,L121-23,LOI n° 2014-344 du 17 mars 2014,LOI,JORFDOLE000027383756,14,1
L242-7-1,LEGIARTI000044550235,2022-05-28,Livre II : FORMATION ET ÉXECUTION DES CONTRATS,Ordonnance n°2021-1734 du 22 décembre 2021,ORDONNANCE,,Ordonnance n°2021-1734 du 22 décembre 2021,ORDONNANCE,JORFDOLE000044550081,15,0
L242-7-2,LEGIARTI000044550239,2022-05-28,Livre II : FORMATION ET ÉXECUTION DES CONTRATS,Ordonnance n°2021-1734 du 22 décembre 2021,ORDONNANCE,,Ordonnance n°2021-1734 du 22 décembre 2021,ORDONNANCE,JORFDOLE000044550081,15,0
L242-8,LEGIARTI000044563252,2022-05-28,Livre II : FORMATION ET ÉXECUTION DES CONTRATS,Ordonnance n°2021-1734 du 22 décembre 2021,ORDONNANCE,L121-23,LOI n° 2014-344 du 17 mars 2014,LOI,JORFDOLE000027383756,14,1
L242-9,LEGIARTI000044563248,2022-05-28,Livre II : FORMATION ET ÉXECUTION DES CONTRATS,Ordonnance n°2021-1734 du 22 décembre 2021,ORDONNANCE,L121-23,LOI n° 2014-344 du 17 mars 2014,LOI,JORFDOLE000027383756,14,1
L251-1,LEGIARTI000034131266,2017-07-01,Livre II : FORMATION ET ÉXECUTION DES CONTRATS,Ordonnance n°2017-269 du 2 mars 2017,ORDONNANCE,L123-6,LOI n° 2015-992 du 17 août 2015,LOI,JORFDOLE000029310724,14,1
L252-1,LEGIARTI000050369302,2024-12-30,Livre II : FORMATION ET ÉXECUTION DES CONTRATS,Ordonnance n°2024-936 du 15 octobre 2024,ORDONNANCE,,Ordonnance n°2024-936 du 15 octobre 2024,ORDONNANCE,JORFDOLE000050362041,17,0
L252-2,LEGIARTI000034131281,2017-07-01,Livre II : FORMATION ET ÉXECUTION DES CONTRATS,Ordonnance n°2017-269 du 2 mars 2017,ORDONNANCE,,Ordonnance n°2017-269 du 2 mars 2017,ORDONNANCE,JORFDOLE000034131633,14,0
L252-3,LEGIARTI000034131273,2017-07-01,Livre II : FORMATION ET ÉXECUTION DES CONTRATS,Ordonnance n°2017-269 du 2 mars 2017,ORDONNANCE,,Ordonnance n°2017-269 du 2 mars 2017,ORDONNANCE,JORFDOLE000034131633,14,0
L253-1,LEGIARTI000034131277,2017-07-01,Livre II : FORMATION ET ÉXECUTION DES CONTRATS,Ordonnance n°2017-269 du 2 mars 2017,ORDONNANCE,,Ordonnance n°2017-269 du 2 mars 2017,ORDONNANCE,JORFDOLE000034131633,14,0
L253-2,LEGIARTI000034131275,2017-07-01,Livre II : FORMATION ET ÉXECUTION DES CONTRATS,Ordonnance n°2017-269 du 2 mars 2017,ORDONNANCE,,Ordonnance n°2017-269 du 2 mars 2017,ORDONNANCE,JORFDOLE000034131633,14,0
L311-1,LEGIARTI000034072668,2017-02-23,Livre III : CRÉDIT,LOI n°2017-203 du 21 février 2017,LOI,L311-1,LOI n°2010-737 du 1er juillet 2010,LOI,JORFDOLE000020542090,13,1
L312-1,LEGIARTI000034072779,2017-02-23,Livre III : CRÉDIT,LOI n°2017-203 du 21 février 2017,LOI,L311-2,LOI n°2010-737 du 1er juillet 2010,LOI,JORFDOLE000020542090,13,1
L312-10,LEGIARTI000032226188,2016-07-01,Livre III : CRÉDIT,Ordonnance n°2016-301 du 14 mars 2016,ORDONNANCE,L311-5,LOI n°2014-344 du 17 mars 2014,LOI,JORFDOLE000027383756,14,1
L312-11,LEGIARTI000032226186,2016-07-01,Livre III : CRÉDIT,Ordonnance n°2016-301 du 14 mars 2016,ORDONNANCE,L311-5,LOI n°2014-344 du 17 mars 2014,LOI,JORFDOLE000027383756,14,1
L312-12,LEGIARTI000035731440,2018-04-01,Livre III : CRÉDIT,Ordonnance n°2017-1433 du 4 octobre 2017,ORDONNANCE,L311-6,LOI n°2013-672 du 26 juillet 2013,LOI,JORFDOLE000026795365,14,1
L312-13,LEGIARTI000035731436,2018-04-01,Livre III : CRÉDIT,Ordonnance n°2017-1433 du 4 octobre 2017,ORDONNANCE,L311-7,LOI n°2010-737 du 1er juillet 2010,LOI,JORFDOLE000020542090,13,1
L312-14,LEGIARTI000032226174,2016-07-01,Livre III : CRÉDIT,Ordonnance n°2016-301 du 14 mars 2016,ORDONNANCE,L311-8,LOI n°2010-737 du 1er juillet 2010,LOI,JORFDOLE000020542090,13,1
L312-15,LEGIARTI000032226172,2016-07-01,Livre III : CRÉDIT,Ordonnance n°2016-301 du 14 mars 2016,ORDONNANCE,L311-10-1,LOI n°2010-737 du 1er juillet 2010,LOI,JORFDOLE000020542090,13,1
L312-16,LEGIARTI000032226168,2016-07-01,Livre III : CRÉDIT,Ordonnance n°2016-301 du 14 mars 2016,ORDONNANCE,L311-9,LOI n°2013-672 du 26 juillet 2013,LOI,JORFDOLE000026795365,14,1
L312-17,LEGIARTI000035731432,2018-04-01,Livre III : CRÉDIT,Ordonnance n°2017-1433 du 4 octobre 2017,ORDONNANCE,L311-10,LOI n°2014-344 du 17 mars 2014,LOI,JORFDOLE000027383756,14,1
L312-18,LEGIARTI000035731428,2018-04-01,Livre III : CRÉDIT,Ordonnance n°2017-1433 du 4 octobre 2017,ORDONNANCE,L311-11,LOI n°2010-737 du 1er juillet 2010,LOI,JORFDOLE000020542090,13,1
L312-19,LEGIARTI000034072770,2017-02-23,Livre III : CRÉDIT,LOI n°2017-203 du 21 février 2017,LOI,L311-12,LOI n°2010-737 du 1er juillet 2010,LOI,JORFDOLE000020542090,13,1
L312-2,LEGIARTI000032226208,2016-07-01,Livre III : CRÉDIT,Ordonnance n°2016-301 du 14 mars 2016,ORDONNANCE,L311-2,LOI n°2010-737 du 1er juillet 2010,LOI,JORFDOLE000020542090,13,1
L312-20,LEGIARTI000034072759,2017-02-23,Livre III : CRÉDIT,LOI n°2017-203 du 21 février 2017,LOI,,LOI n°2017-203 du 21 février 2017,LOI,JORFDOLE000032669047,14,1
L312-21,LEGIARTI000032226155,2016-07-01,Livre III : CRÉDIT,Ordonnance n°2016-301 du 14 mars 2016,ORDONNANCE,L311-12,LOI n°2010-737 du 1er juillet 2010,LOI,JORFDOLE000020542090,13,1
L312-22,LEGIARTI000032226152,2016-07-01,Livre III : CRÉDIT,Ordonnance n°2016-301 du 14 mars 2016,ORDONNANCE,L311-12,LOI n°2010-737 du 1er juillet 2010,LOI,JORFDOLE000020542090,13,1
L312-23,LEGIARTI000032226150,2016-07-01,Livre III : CRÉDIT,Ordonnance n°2016-301 du 14 mars 2016,ORDONNANCE,L311-12,LOI n°2010-737 du 1er juillet 2010,LOI,JORFDOLE000020542090,13,1
L312-24,LEGIARTI000032226148,2016-07-01,Livre III : CRÉDIT,Ordonnance n°2016-301 du 14 mars 2016,ORDONNANCE,L311-13,LOI n°2010-737 du 1er juillet 2010,LOI,JORFDOLE000020542090,13,1
L312-25,LEGIARTI000032226146,2016-07-01,Livre III : CRÉDIT,Ordonnance n°2016-301 du 14 mars 2016,ORDONNANCE,L311-14,LOI n°2010-737 du 1er juillet 2010,LOI,JORFDOLE000020542090,13,1
L312-26,LEGIARTI000032226144,2016-07-01,Livre III : CRÉDIT,Ordonnance n°2016-301 du 14 mars 2016,ORDONNANCE,L311-15,LOI n°2010-737 du 1er juillet 2010,LOI,JORFDOLE000020542090,13,1
L312-27,LEGIARTI000032226142,2016-07-01,Livre III : CRÉDIT,Ordonnance n°2016-301 du 14 mars 2016,ORDONNANCE,L311-51,LOI n°2010-737 du 1er juillet 2010,LOI,JORFDOLE000020542090,13,1
L312-28,LEGIARTI000035731424,2018-04-01,Livre III : CRÉDIT,Ordonnance n°2017-1433 du 4 octobre 2017,ORDONNANCE,L311-18,LOI n°2010-737 du 1er juillet 2010,LOI,JORFDOLE000020542090,13,1
L312-29,LEGIARTI000035731420,2018-04-01,Livre III : CRÉDIT,Ordonnance n°2017-1433 du 4 octobre 2017,ORDONNANCE,L311-19,LOI n°2010-737 du 1er juillet 2010,LOI,JORFDOLE000020542090,13,1
L312-3,LEGIARTI000032226205,2016-07-01,Livre III : CRÉDIT,Ordonnance n°2016-301 du 14 mars 2016,ORDONNANCE,L311-2,LOI n°2010-737 du 1er juillet 2010,LOI,JORFDOLE000020542090,13,1
L312-30,LEGIARTI000032226134,2016-07-01,Livre III : CRÉDIT,Ordonnance n°2016-301 du 14 mars 2016,ORDONNANCE,L311-20,LOI n°2010-737 du 1er juillet 2010,LOI,JORFDOLE000020542090,13,1
L312-31,LEGIARTI000035731417,2018-04-01,Livre III : CRÉDIT,Ordonnance n°2017-1433 du 4 octobre 2017,ORDONNANCE,L311-21,LOI n°2010-737 du 1er juillet 2010,LOI,JORFDOLE000020542090,13,1
L312-31-1,LEGIARTI000048524227,2023-12-30,Livre III : CRÉDIT,Ordonnance n°2023-1139 du 6 décembre 2023,ORDONNANCE,,Ordonnance n°2023-1139 du 6 décembre 2023,ORDONNANCE,JORFDOLE000048532766,16,0
L312-32,LEGIARTI000035731414,2018-04-01,Livre III : CRÉDIT,Ordonnance n°2017-1433 du 4 octobre 2017,ORDONNANCE,L311-25-1,LOI n°2010-737 du 1er juillet 2010,LOI,JORFDOLE000020542090,13,1
L312-33,LEGIARTI000032226124,2016-07-01,Livre III : CRÉDIT,Ordonnance n°2016-301 du 14 mars 2016,ORDONNANCE,L311-22-3,LOI n°2010-737 du 1er juillet 2010,LOI,JORFDOLE000020542090,13,1
L312-34,LEGIARTI000032226120,2016-07-01,Livre III : CRÉDIT,Ordonnance n°2016-301 du 14 mars 2016,ORDONNANCE,L311-22,LOI n°2010-737 du 1er juillet 2010,LOI,JORFDOLE000020542090,13,1
L312-35,LEGIARTI000032226118,2016-07-01,Livre III : CRÉDIT,Ordonnance n°2016-301 du 14 mars 2016,ORDONNANCE,L311-22-1,LOI n°2010-737 du 1er juillet 2010,LOI,JORFDOLE000020542090,13,1
L312-35-1,LEGIARTI000048524336,2023-12-30,Livre III : CRÉDIT,Ordonnance n°2023-1139 du 6 décembre 2023,ORDONNANCE,,Ordonnance n°2023-1139 du 6 décembre 2023,ORDONNANCE,JORFDOLE000048532766,16,0
L312-36,LEGIARTI000035731409,2018-04-01,Livre III : CRÉDIT,Ordonnance n°2017-1433 du 4 octobre 2017,ORDONNANCE,L311-22-2,LOI n°2010-737 du 1er juillet 2010,LOI,JORFDOLE000020542090,13,1
L312-37,LEGIARTI000032226110,2016-07-01,Livre III : CRÉDIT,Ordonnance n°2016-301 du 14 mars 2016,ORDONNANCE,L311-22-3,LOI n°2010-737 du 1er juillet 2010,LOI,JORFDOLE000020542090,13,1
L312-38,LEGIARTI000032226108,2016-07-01,Livre III : CRÉDIT,Ordonnance n°2016-301 du 14 mars 2016,ORDONNANCE,L311-23,LOI n°2010-737 du 1er juillet 2010,LOI,JORFDOLE000020542090,13,1
L312-39,LEGIARTI000032890824,2016-10-10,Livre III : CRÉDIT,Ordonnance n°2016-131 du 10 février 2016,ORDONNANCE,L311-24,LOI n°2010-737 du 1er juillet 2010,LOI,JORFDOLE000020542090,13,1
L312-4,LEGIARTI000032303299,2016-07-01,Livre III : CRÉDIT,Ordonnance n°2016-351 du 25 mars 2016,ORDONNANCE,L311-3,LOI n°2014-344 du 17 mars 2014,LOI,JORFDOLE000027383756,14,1
L312-40,LEGIARTI000032890843,2016-10-10,Livre III : CRÉDIT,Ordonnance n°2016-131 du 10 février 2016,ORDONNANCE,L311-25,LOI n°2010-737 du 1er juillet 2010,LOI,JORFDOLE000020542090,13,1
L312-41,LEGIARTI000032226100,2016-07-01,Livre III : CRÉDIT,Ordonnance n°2016-301 du 14 mars 2016,ORDONNANCE,L311-27,LOI n°2010-737 du 1er juillet 2010,LOI,JORFDOLE000020542090,13,1
L312-42,LEGIARTI000032226098,2016-07-01,Livre III : CRÉDIT,Ordonnance n°2016-301 du 14 mars 2016,ORDONNANCE,L311-28,LOI n°2010-737 du 1er juillet 2010,LOI,JORFDOLE000020542090,13,1
L312-43,LEGIARTI000035731405,2018-04-01,Livre III : CRÉDIT,Ordonnance n°2017-1433 du 4 octobre 2017,ORDONNANCE,L311-29,LOI n°2010-737 du 1er juillet 2010,LOI,JORFDOLE000020542090,13,1
L312-44,LEGIARTI000034072754,2017-02-23,Livre III : CRÉDIT,LOI n°2017-203 du 21 février 2017,LOI,L311-30,LOI n°2010-737 du 1er juillet 2010,LOI,JORFDOLE000020542090,13,1
L312-45,LEGIARTI000032226090,2016-07-01,Livre III : CRÉDIT,Ordonnance n°2016-301 du 14 mars 2016,ORDONNANCE,L311-34,LOI n°2010-737 du 1er juillet 2010,LOI,JORFDOLE000020542090,13,1
L312-46,LEGIARTI000032226088,2016-07-01,Livre III : CRÉDIT,Ordonnance n°2016-301 du 14 mars 2016,ORDONNANCE,L311-34,LOI n°2010-737 du 1er juillet 2010,LOI,JORFDOLE000020542090,13,1
L312-47,LEGIARTI000032226086,2016-07-01,Livre III : CRÉDIT,Ordonnance n°2016-301 du 14 mars 2016,ORDONNANCE,L311-35,LOI n°2010-737 du 1er juillet 2010,LOI,JORFDOLE000020542090,13,1
L312-48,LEGIARTI000032226084,2016-07-01,Livre III : CRÉDIT,Ordonnance n°2016-301 du 14 mars 2016,ORDONNANCE,L311-31,LOI n°2010-737 du 1er juillet 2010,LOI,JORFDOLE000020542090,13,1
L312-49,LEGIARTI000032226082,2016-07-01,Livre III : CRÉDIT,Ordonnance n°2016-301 du 14 mars 2016,ORDONNANCE,L311-31,LOI n°2010-737 du 1er juillet 2010,LOI,JORFDOLE000020542090,13,1
L312-5,LEGIARTI000032226198,2016-07-01,Livre III : CRÉDIT,Ordonnance n°2016-301 du 14 mars 2016,ORDONNANCE,L311-5,LOI n°2014-344 du 17 mars 2014,LOI,JORFDOLE000027383756,14,1
L312-50,LEGIARTI000035731400,2018-04-01,Livre III : CRÉDIT,Ordonnance n°2017-1433 du 4 octobre 2017,ORDONNANCE,L311-40,LOI n°2010-737 du 1er juillet 2010,LOI,JORFDOLE000020542090,13,1
L312-51,LEGIARTI000034072764,2017-02-23,Livre III : CRÉDIT,LOI n°2017-203 du 21 février 2017,LOI,L311-41,LOI n°2010-737 du 1er juillet 2010,LOI,JORFDOLE000020542090,13,1
L312-52,LEGIARTI000032226076,2016-07-01,Livre III : CRÉDIT,Ordonnance n°2016-301 du 14 mars 2016,ORDONNANCE,L311-36,LOI n°2014-344 du 17 mars 2014,LOI,JORFDOLE000027383756,14,1
L312-53,LEGIARTI000032226074,2016-07-01,Livre III : CRÉDIT,Ordonnance n°2016-301 du 14 mars 2016,ORDONNANCE,L311-37,LOI n°2010-737 du 1er juillet 2010,LOI,JORFDOLE000020542090,13,1
L312-54,LEGIARTI000032226072,2016-07-01,Livre III : CRÉDIT,Ordonnance n°2016-301 du 14 mars 2016,ORDONNANCE,L311-38,LOI n°2010-737 du 1er juillet 2010,LOI,JORFDOLE000020542090,13,1
L312-55,LEGIARTI000032226070,2016-07-01,Livre III : CRÉDIT,Ordonnance n°2016-301 du 14 mars 2016,ORDONNANCE,L311-32,LOI n°2010-737 du 1er juillet 2010,LOI,JORFDOLE000020542090,13,1
L312-56,LEGIARTI000032226068,2016-07-01,Livre III : CRÉDIT,Ordonnance n°2016-301 du 14 mars 2016,ORDONNANCE,L311-33,LOI n°2010-737 du 1er juillet 2010,LOI,JORFDOLE000020542090,13,1
L312-57,LEGIARTI000032226064,2016-07-01,Livre III : CRÉDIT,Ordonnance n°2016-301 du 14 mars 2016,ORDONNANCE,L311-16,LOI n°2014-344 du 17 mars 2014,LOI,JORFDOLE000027383756,14,1
L312-58,LEGIARTI000032226061,2016-07-01,Livre III : CRÉDIT,Ordonnance n°2016-301 du 14 mars 2016,ORDONNANCE,L311-16,LOI n°2014-344 du 17 mars 2014,LOI,JORFDOLE000027383756,14,1
L312-59,LEGIARTI000034072749,2017-02-23,Livre III : CRÉDIT,LOI n°2017-203 du 21 février 2017,LOI,L311-4,LOI n°2013-672 du 26 juillet 2013,LOI,JORFDOLE000026795365,14,1
L312-6,LEGIARTI000032226196,2016-07-01,Livre III : CRÉDIT,Ordonnance n°2016-301 du 14 mars 2016,ORDONNANCE,L311-4,LOI n°2013-672 du 26 juillet 2013,LOI,JORFDOLE000026795365,14,1
L312-60,LEGIARTI000032226055,2016-07-01,Livre III : CRÉDIT,Ordonnance n°2016-301 du 14 mars 2016,ORDONNANCE,L311-17,LOI n°2014-344 du 17 mars 2014,LOI,JORFDOLE000027383756,14,1
L312-61,LEGIARTI000032226053,2016-07-01,Livre III : CRÉDIT,Ordonnance n°2016-301 du 14 mars 2016,ORDONNANCE,L311-17-1,LOI n°2014-344 du 17 mars 2014,LOI,JORFDOLE000027383756,14,1
L312-62,LEGIARTI000032226049,2016-07-01,Livre III : CRÉDIT,Ordonnance n°2016-301 du 14 mars 2016,ORDONNANCE,L311-8-1,Ordonnance n°2016-301 du 14 mars 2016,ORDONNANCE,JORFDOLE000032223954,14,0
L312-63,LEGIARTI000032226047,2016-07-01,Livre III : CRÉDIT,Ordonnance n°2016-301 du 14 mars 2016,ORDONNANCE,L311-17,LOI n°2014-344 du 17 mars 2014,LOI,JORFDOLE000027383756,14,1
L312-64,LEGIARTI000035731397,2018-04-01,Livre III : CRÉDIT,Ordonnance n°2017-1433 du 4 octobre 2017,ORDONNANCE,L311-16,LOI n°2014-344 du 17 mars 2014,LOI,JORFDOLE000027383756,14,1
L312-65,LEGIARTI000032226041,2016-07-01,Livre III : CRÉDIT,Ordonnance n°2016-301 du 14 mars 2016,ORDONNANCE,L311-16,LOI n°2014-344 du 17 mars 2014,LOI,JORFDOLE000027383756,14,1
L312-66,LEGIARTI000032226039,2016-07-01,Livre III : CRÉDIT,Ordonnance n°2016-301 du 14 mars 2016,ORDONNANCE,L311-17,LOI n°2014-344 du 17 mars 2014,LOI,JORFDOLE000027383756,14,1
L312-67,LEGIARTI000032226037,2016-07-01,Livre III : CRÉDIT,Ordonnance n°2016-301 du 14 mars 2016,ORDONNANCE,L311-16,LOI n°2014-344 du 17 mars 2014,LOI,JORFDOLE000027383756,14,1
L312-68,LEGIARTI000032226033,2016-07-01,Livre III : CRÉDIT,Ordonnance n°2016-301 du 14 mars 2016,ORDONNANCE,L311-17,LOI n°2014-344 du 17 mars 2014,LOI,JORFDOLE000027383756,14,1
L312-69,LEGIARTI000032226031,2016-07-01,Livre III : CRÉDIT,Ordonnance n°2016-301 du 14 mars 2016,ORDONNANCE,L311-17,LOI n°2014-344 du 17 mars 2014,LOI,JORFDOLE000027383756,14,1
L312-7,LEGIARTI000032226194,2016-07-01,Livre III : CRÉDIT,Ordonnance n°2016-301 du 14 mars 2016,ORDONNANCE,L311-4-1,LOI n°2013-672 du 26 juillet 2013,LOI,JORFDOLE000026795365,14,1
L312-70,LEGIARTI000032226029,2016-07-01,Livre III : CRÉDIT,Ordonnance n°2016-301 du 14 mars 2016,ORDONNANCE,L311-17-1,LOI n°2014-344 du 17 mars 2014,LOI,JORFDOLE000027383756,14,1
L312-71,LEGIARTI000035731394,2018-04-01,Livre III : CRÉDIT,Ordonnance n°2017-1433 du 4 octobre 2017,ORDONNANCE,L311-26,LOI n°2010-737 du 1er juillet 2010,LOI,JORFDOLE000020542090,13,1
L312-72,LEGIARTI000035731391,2018-04-01,Livre III : CRÉDIT,Ordonnance n°2017-1433 du 4 octobre 2017,ORDONNANCE,R311-5,LOI n°2013-672&#13; du 26 juillet 2013,LOI,JORFDOLE000026795365,14,1
L312-73,LEGIARTI000032226022,2016-07-01,Livre III : CRÉDIT,Ordonnance n°2016-301 du 14 mars 2016,ORDONNANCE,L311-22,LOI n°2010-737 du 1er juillet 2010,LOI,JORFDOLE000020542090,13,1
L312-74,LEGIARTI000032890821,2016-10-10,Livre III : CRÉDIT,Ordonnance n°2016-131 du 10 février 2016,ORDONNANCE,L311-16,LOI n°2014-344 du 17 mars 2014,LOI,JORFDOLE000027383756,14,1
L312-75,LEGIARTI000032226016,2016-07-01,Livre III : CRÉDIT,Ordonnance n°2016-301 du 14 mars 2016,ORDONNANCE,L311-16,LOI n°2014-344 du 17 mars 2014,LOI,JORFDOLE000027383756,14,1
L312-76,LEGIARTI000035731386,2018-04-01,Livre III : CRÉDIT,Ordonnance n°2017-1433 du 4 octobre 2017,ORDONNANCE,L311-16,LOI n°2014-344 du 17 mars 2014,LOI,JORFDOLE000027383756,14,1
L312-77,LEGIARTI000035731383,2018-04-01,Livre III : CRÉDIT,Ordonnance n°2017-1433 du 4 octobre 2017,ORDONNANCE,L311-16,LOI n°2014-344 du 17 mars 2014,LOI,JORFDOLE000027383756,14,1
L312-78,LEGIARTI000034072741,2017-02-23,Livre III : CRÉDIT,LOI n°2017-203 du 21 février 2017,LOI,L311-16,LOI n°2014-344 du 17 mars 2014,LOI,JORFDOLE000027383756,14,1
L312-79,LEGIARTI000032226008,2016-07-01,Livre III : CRÉDIT,Ordonnance n°2016-301 du 14 mars 2016,ORDONNANCE,L311-16,LOI n°2014-344 du 17 mars 2014,LOI,JORFDOLE000027383756,14,1
L312-8,LEGIARTI000032226192,2016-07-01,Livre III : CRÉDIT,Ordonnance n°2016-301 du 14 mars 2016,ORDONNANCE,L311-5,LOI n°2014-344 du 17 mars 2014,LOI,JORFDOLE000027383756,14,1
L312-80,LEGIARTI000035731380,2018-04-01,Livre III : CRÉDIT,Ordonnance n°2017-1433 du 4 octobre 2017,ORDONNANCE,L311-16,LOI n°2014-344 du 17 mars 2014,LOI,JORFDOLE000027383756,14,1
L312-81,LEGIARTI000034072735,2017-02-23,Livre III : CRÉDIT,LOI n°2017-203 du 21 février 2017,LOI,L311-16,LOI n°2014-344 du 17 mars 2014,LOI,JORFDOLE000027383756,14,1
L312-82,LEGIARTI000032226002,2016-07-01,Livre III : CRÉDIT,Ordonnance n°2016-301 du 14 mars 2016,ORDONNANCE,L311-16,LOI n°2014-344 du 17 mars 2014,LOI,JORFDOLE000027383756,14,1
L312-83,LEGIARTI000032226000,2016-07-01,Livre III : CRÉDIT,Ordonnance n°2016-301 du 14 mars 2016,ORDONNANCE,L311-16,LOI n°2014-344 du 17 mars 2014,LOI,JORFDOLE000027383756,14,1
L312-84,LEGIARTI000032225996,2016-07-01,Livre III : CRÉDIT,Ordonnance n°2016-301 du 14 mars 2016,ORDONNANCE,L311-42,LOI n°2010-737 du 1er juillet 2010,LOI,JORFDOLE000020542090,13,1
L312-85,LEGIARTI000035731376,2018-04-01,Livre III : CRÉDIT,Ordonnance n°2017-1433 du 4 octobre 2017,ORDONNANCE,L311-43,LOI n°2010-737 du 1er juillet 2010,LOI,JORFDOLE000020542090,13,1
L312-86,LEGIARTI000035731365,2018-04-01,Livre III : CRÉDIT,Ordonnance n°2017-1433 du 4 octobre 2017,ORDONNANCE,L311-43,LOI n°2010-737 du 1er juillet 2010,LOI,JORFDOLE000020542090,13,1
L312-87,LEGIARTI000035731461,2018-04-01,Livre III : CRÉDIT,Ordonnance n°2017-1433 du 4 octobre 2017,ORDONNANCE,L311-43,LOI n°2010-737 du 1er juillet 2010,LOI,JORFDOLE000020542090,13,1
L312-88,LEGIARTI000035731457,2018-04-01,Livre III : CRÉDIT,Ordonnance n°2017-1433 du 4 octobre 2017,ORDONNANCE,L311-44,LOI n°2010-737 du 1er juillet 2010,LOI,JORFDOLE000020542090,13,1
L312-89,LEGIARTI000035731453,2018-04-01,Livre III : CRÉDIT,Ordonnance n°2017-1433 du 4 octobre 2017,ORDONNANCE,L311-44,LOI n°2010-737 du 1er juillet 2010,LOI,JORFDOLE000020542090,13,1
L312-9,LEGIARTI000032226190,2016-07-01,Livre III : CRÉDIT,Ordonnance n°2016-301 du 14 mars 2016,ORDONNANCE,L311-5,LOI n°2014-344 du 17 mars 2014,LOI,JORFDOLE000027383756,14,1
L312-90,LEGIARTI000032225984,2016-07-01,Livre III : CRÉDIT,Ordonnance n°2016-301 du 14 mars 2016,ORDONNANCE,L311-44,LOI n°2010-737 du 1er juillet 2010,LOI,JORFDOLE000020542090,13,1
L312-91,LEGIARTI000035731450,2018-04-01,Livre III : CRÉDIT,Ordonnance n°2017-1433 du 4 octobre 2017,ORDONNANCE,L311-44,LOI n°2010-737 du 1er juillet 2010,LOI,JORFDOLE000020542090,13,1
L312-92,LEGIARTI000035731446,2018-04-01,Livre III : CRÉDIT,Ordonnance n°2017-1433 du 4 octobre 2017,ORDONNANCE,L311-46,LOI n°2010-737 du 1er juillet 2010,LOI,JORFDOLE000020542090,13,1
L312-93,LEGIARTI000032225977,2016-07-01,Livre III : CRÉDIT,Ordonnance n°2016-301 du 14 mars 2016,ORDONNANCE,L311-47,LOI n°2010-737 du 1er juillet 2010,LOI,JORFDOLE000020542090,13,1
L312-94,LEGIARTI000032225975,2016-07-01,Livre III : CRÉDIT,Ordonnance n°2016-301 du 14 mars 2016,ORDONNANCE,L311-45,LOI n°2010-737 du 1er juillet 2010,LOI,JORFDOLE000020542090,13,1
L312-95,LEGIARTI000047284770,2023-03-11,Livre III : CRÉDIT,LOI n°2023-171 du 9 mars 2023,LOI,,LOI n°2023-171 du 9 mars 2023,LOI,JORFDOLE000046590737,16,1
L313-1,LEGIARTI000032316060,2016-07-01,Livre III : CRÉDIT,Ordonnance n°2016-351 du 25 mars 2016,ORDONNANCE,L312-2,LOI n°2010-737 du 1er juillet 2010,LOI,JORFDOLE000020542090,13,1
L313-10,LEGIARTI000035731505,2018-04-01,Livre III : CRÉDIT,Ordonnance n°2017-1433 du 4 octobre 2017,ORDONNANCE,L313-8,Ordonnance n°2016-301 du 14 mars 2016,ORDONNANCE,JORFDOLE000032223954,14,0
L313-11,LEGIARTI000032315999,2016-10-01,Livre III : CRÉDIT,Ordonnance n°2016-351 du 25 mars 2016,ORDONNANCE,,Ordonnance n°2016-351 du 25 mars 2016,ORDONNANCE,JORFDOLE000032302646,14,0
L313-12,LEGIARTI000032315994,2016-07-01,Livre III : CRÉDIT,Ordonnance n°2016-351 du 25 mars 2016,ORDONNANCE,,Ordonnance n°2016-351 du 25 mars 2016,ORDONNANCE,JORFDOLE000032302646,14,0
L313-13,LEGIARTI000032315988,2016-07-01,Livre III : CRÉDIT,Ordonnance n°2016-351 du 25 mars 2016,ORDONNANCE,,Ordonnance n°2016-351 du 25 mars 2016,ORDONNANCE,JORFDOLE000032302646,14,0
L313-14,LEGIARTI000034072731,2017-02-23,Livre III : CRÉDIT,LOI n°2017-203 du 21 février 2017,LOI,,LOI n°2017-203 du 21 février 2017,LOI,JORFDOLE000032669047,14,1
L313-15,LEGIARTI000034072727,2017-02-23,Livre III : CRÉDIT,LOI n°2017-203 du 21 février 2017,LOI,,LOI n°2017-203 du 21 février 2017,LOI,JORFDOLE000032669047,14,1
L313-16,LEGIARTI000032315947,2016-07-01,Livre III : CRÉDIT,Ordonnance n°2016-351 du 25 mars 2016,ORDONNANCE,,Ordonnance n°2016-351 du 25 mars 2016,ORDONNANCE,JORFDOLE000032302646,14,0
L313-17,LEGIARTI000032315942,2016-07-01,Livre III : CRÉDIT,Ordonnance n°2016-351 du 25 mars 2016,ORDONNANCE,,Ordonnance n°2016-351 du 25 mars 2016,ORDONNANCE,JORFDOLE000032302646,14,0
L313-18,LEGIARTI000032315937,2016-07-01,Livre III : CRÉDIT,Ordonnance n°2016-351 du 25 mars 2016,ORDONNANCE,,Ordonnance n°2016-351 du 25 mars 2016,ORDONNANCE,JORFDOLE000032302646,14,0
L313-19,LEGIARTI000032315905,2016-07-01,Livre III : CRÉDIT,Ordonnance n°2016-351 du 25 mars 2016,ORDONNANCE,,Ordonnance n°2016-351 du 25 mars 2016,ORDONNANCE,JORFDOLE000032302646,14,0
L313-2,LEGIARTI000032316056,2016-07-01,Livre III : CRÉDIT,Ordonnance n°2016-351 du 25 mars 2016,ORDONNANCE,L312-3,Loi 93-949 1993-07-26 annexe JORF 27 juillet 1993,LOI,,,0
L313-20,LEGIARTI000032315900,2016-07-01,Livre III : CRÉDIT,Ordonnance n°2016-351 du 25 mars 2016,ORDONNANCE,,Ordonnance n°2016-351 du 25 mars 2016,ORDONNANCE,JORFDOLE000032302646,14,0
L313-21,LEGIARTI000032315894,2016-07-01,Livre III : CRÉDIT,Ordonnance n°2016-351 du 25 mars 2016,ORDONNANCE,,Ordonnance n°2016-351 du 25 mars 2016,ORDONNANCE,JORFDOLE000032302646,14,0
L313-22,LEGIARTI000032315888,2016-07-01,Livre III : CRÉDIT,Ordonnance n°2016-351 du 25 mars 2016,ORDONNANCE,,Ordonnance n°2016-351 du 25 mars 2016,ORDONNANCE,JORFDOLE000032302646,14,0
L313-23,LEGIARTI000032315882,2016-07-01,Livre III : CRÉDIT,Ordonnance n°2016-351 du 25 mars 2016,ORDONNANCE,,Ordonnance n°2016-351 du 25 mars 2016,ORDONNANCE,JORFDOLE000032302646,14,0
L313-24,LEGIARTI000035731498,2018-04-01,Livre III : CRÉDIT,Ordonnance n°2017-1433 du 4 octobre 2017,ORDONNANCE,L312-7,Loi 93-949 1993-07-26 annexe JORF 27 juillet 1993,LOI,,,0
L313-25,LEGIARTI000038613861,2019-05-24,Livre III : CRÉDIT,LOI n° 2019-486 du 22 mai 2019,LOI,L312-8,LOI n°2013-672 du 26 juillet 2013,LOI,JORFDOLE000026795365,14,1
L313-26,LEGIARTI000034072722,2017-02-23,Livre III : CRÉDIT,LOI n°2017-203 du 21 février 2017,LOI,L313-11,Ordonnance n°2016-301 du 14 mars 2016,ORDONNANCE,JORFDOLE000032223954,14,0
L313-27,LEGIARTI000035731495,2018-04-01,Livre III : CRÉDIT,Ordonnance n°2017-1433 du 4 octobre 2017,ORDONNANCE,L312-8,LOI n°2013-672 du 26 juillet 2013,LOI,JORFDOLE000026795365,14,1
L313-28,LEGIARTI000045271938,2022-06-01,Livre III : CRÉDIT,LOI n°2022-270 du 28 février 2022,LOI,L312-8,LOI n°2013-672 du 26 juillet 2013,LOI,JORFDOLE000026795365,14,1
L313-29,LEGIARTI000032433144,2016-07-01,Livre III : CRÉDIT,Ordonnance n°2016-351 du 25 mars 2016,ORDONNANCE,L312-9,LOI n°2013-672 du 26 juillet 2013,LOI,JORFDOLE000026795365,14,1
L313-3,LEGIARTI000032316052,2016-10-01,Livre III : CRÉDIT,Ordonnance n°2016-351 du 25 mars 2016,ORDONNANCE,L312-4,Loi n°2003-706 du 1 août 2003,LOI,JORFDOLE000017760197,12,0
L313-30,LEGIARTI000045271935,2022-06-01,Livre III : CRÉDIT,LOI n°2022-270 du 28 février 2022,LOI,L312-9,LOI n°2013-672 du 26 juillet 2013,LOI,JORFDOLE000026795365,14,1
L313-31,LEGIARTI000045271953,2022-06-01,Livre III : CRÉDIT,LOI n°2022-270 du 28 février 2022,LOI,L312-9,LOI n°2013-672 du 26 juillet 2013,LOI,JORFDOLE000026795365,14,1
L313-32,LEGIARTI000045271944,2022-06-01,Livre III : CRÉDIT,LOI n°2022-270 du 28 février 2022,LOI,L312-9,LOI n°2013-672 du 26 juillet 2013,LOI,JORFDOLE000026795365,14,1
L313-33,LEGIARTI000032433169,2016-07-01,Livre III : CRÉDIT,Ordonnance n°2016-351 du 25 mars 2016,ORDONNANCE,L312-9,LOI n°2013-672 du 26 juillet 2013,LOI,JORFDOLE000026795365,14,1
L313-34,LEGIARTI000032433173,2016-07-01,Livre III : CRÉDIT,Ordonnance n°2016-351 du 25 mars 2016,ORDONNANCE,L312-10,Loi 93-949 1993-07-26 annexe JORF 27 juillet 1993,LOI,,,0
L313-35,LEGIARTI000032433178,2016-07-01,Livre III : CRÉDIT,Ordonnance n°2016-351 du 25 mars 2016,ORDONNANCE,L312-11,Loi 93-949 1993-07-26 annexe JORF 27 juillet 1993,LOI,,,0
L313-36,LEGIARTI000032433183,2016-07-01,Livre III : CRÉDIT,Ordonnance n°2016-351 du 25 mars 2016,ORDONNANCE,L312-12,Loi 93-949 1993-07-26 annexe JORF 27 juillet 1993,LOI,,,0
L313-37,LEGIARTI000032433187,2016-07-01,Livre III : CRÉDIT,Ordonnance n°2016-351 du 25 mars 2016,ORDONNANCE,L312-13,Loi 93-949 1993-07-26 annexe JORF 27 juillet 1993,LOI,,,0
L313-38,LEGIARTI000032433191,2016-07-01,Livre III : CRÉDIT,Ordonnance n°2016-351 du 25 mars 2016,ORDONNANCE,L312-14,Loi 93-949 1993-07-26 annexe JORF 27 juillet 1993,LOI,,,0
L313-39,LEGIARTI000038613855,2019-05-24,Livre III : CRÉDIT,LOI n° 2019-486 du 22 mai 2019,LOI,L312-14-1,Loi n°99-532 du 25 juin 1999,LOI,,,0
L313-4,LEGIARTI000032316048,2016-10-01,Livre III : CRÉDIT,Ordonnance n°2016-351 du 25 mars 2016,ORDONNANCE,L312-5,Loi 93-949 1993-07-26 annexe JORF 27 juillet 1993,LOI,,,0
L313-40,LEGIARTI000032433223,2016-07-01,Livre III : CRÉDIT,Ordonnance n°2016-351 du 25 mars 2016,ORDONNANCE,L312-15,LOI n°2011-525 du 17 mai 2011,LOI,JORFDOLE000021369332,13,1
L313-41,LEGIARTI000032433227,2016-07-01,Livre III : CRÉDIT,Ordonnance n°2016-351 du 25 mars 2016,ORDONNANCE,L312-16,Loi 93-949 1993-07-26 annexe JORF 27 juillet 1993,LOI,,,0
L313-42,LEGIARTI000032433235,2016-07-01,Livre III : CRÉDIT,Ordonnance n°2016-351 du 25 mars 2016,ORDONNANCE,L312-17,Loi 93-949 1993-07-26 annexe JORF 27 juillet 1993,LOI,,,0
L313-43,LEGIARTI000032433239,2016-07-01,Livre III : CRÉDIT,Ordonnance n°2016-351 du 25 mars 2016,ORDONNANCE,L312-18,Loi 93-949 1993-07-26 annexe JORF 27 juillet 1993,LOI,,,0
L313-44,LEGIARTI000032433243,2016-07-01,Livre III : CRÉDIT,Ordonnance n°2016-351 du 25 mars 2016,ORDONNANCE,L312-19,Loi 93-949 1993-07-26 annexe JORF 27 juillet 1993,LOI,,,0
L313-45,LEGIARTI000032433247,2016-07-01,Livre III : CRÉDIT,Ordonnance n°2016-351 du 25 mars 2016,ORDONNANCE,L312-20,Loi 93-949 1993-07-26 annexe JORF 27 juillet 1993,LOI,,,0
L313-46,LEGIARTI000035731472,2018-04-01,Livre III : CRÉDIT,Ordonnance n°2017-1433 du 4 octobre 2017,ORDONNANCE,L312-14-2,LOI n°2008-3 du 3 janvier 2008,LOI,JORFDOLE000017841208,13,1
L313-46-1,LEGIARTI000048524556,2023-12-30,Livre III : CRÉDIT,Ordonnance n°2023-1139 du 6 décembre 2023,ORDONNANCE,,Ordonnance n°2023-1139 du 6 décembre 2023,ORDONNANCE,JORFDOLE000048532766,16,0
L313-47,LEGIARTI000035731469,2018-04-01,Livre III : CRÉDIT,Ordonnance n°2017-1433 du 4 octobre 2017,ORDONNANCE,L312-21,Ordonnance n°2017-1433 du 4 octobre 2017,ORDONNANCE,JORFDOLE000035722724,15,0
L313-48,LEGIARTI000032433263,2016-07-01,Livre III : CRÉDIT,Ordonnance n°2016-351 du 25 mars 2016,ORDONNANCE,L312-21,Ordonnance n°2016-351 du 25 mars 2016,ORDONNANCE,JORFDOLE000032302646,14,0
L313-49,LEGIARTI000032310658,2016-07-01,Livre III : CRÉDIT,Ordonnance n°2016-351 du 25 mars 2016,ORDONNANCE,L312-23,Loi 93-949 1993-07-26 annexe JORF 27 juillet 1993,LOI,,,0
L313-49-1,LEGIARTI000048524616,2023-12-30,Livre III : CRÉDIT,Ordonnance n°2023-1139 du 6 décembre 2023,ORDONNANCE,,Ordonnance n°2023-1139 du 6 décembre 2023,ORDONNANCE,JORFDOLE000048532766,16,0
L313-5,LEGIARTI000032316044,2016-10-01,Livre III : CRÉDIT,Ordonnance n°2016-351 du 25 mars 2016,ORDONNANCE,L312-6,Loi 93-949 1993-07-26 annexe JORF 27 juillet 1993,LOI,,,0
L313-50,LEGIARTI000032309855,2016-07-01,Livre III : CRÉDIT,Ordonnance n°2016-351 du 25 mars 2016,ORDONNANCE,L312-22,Loi 93-949 1993-07-26 annexe JORF 27 juillet 1993,LOI,,,0
L313-51,LEGIARTI000032890830,2016-10-10,Livre III : CRÉDIT,Ordonnance n°2016-131 du 10 février 2016,ORDONNANCE,L312-22,Loi 93-949 1993-07-26 annexe JORF 27 juillet 1993,LOI,,,0
L313-52,LEGIARTI000032310660,2016-07-01,Livre III : CRÉDIT,Ordonnance n°2016-351 du 25 mars 2016,ORDONNANCE,L312-23,Loi 93-949 1993-07-26 annexe JORF 27 juillet 1993,LOI,,,0
L313-53,LEGIARTI000032310667,2016-07-01,Livre III : CRÉDIT,Ordonnance n°2016-351 du 25 mars 2016,ORDONNANCE,L312-24,Loi 93-949 1993-07-26 annexe JORF 27 juillet 1993,LOI,,,0
L313-54,LEGIARTI000032309756,2016-07-01,Livre III : CRÉDIT,Ordonnance n°2016-351 du 25 mars 2016,ORDONNANCE,L312-25,Loi 93-949 1993-07-26 annexe JORF 27 juillet 1993,LOI,,,0
L313-55,LEGIARTI000035731466,2018-04-01,Livre III : CRÉDIT,Ordonnance n°2017-1433 du 4 octobre 2017,ORDONNANCE,L312-26,Loi 93-949 1993-07-26 annexe JORF 27 juillet 1993,LOI,,,0
L313-56,LEGIARTI000032309768,2016-07-01,Livre III : CRÉDIT,Ordonnance n°2016-351 du 25 mars 2016,ORDONNANCE,L312-26,Loi 93-949 1993-07-26 annexe JORF 27 juillet 1993,LOI,,,0
L313-57,LEGIARTI000032310685,2016-07-01,Livre III : CRÉDIT,Ordonnance n°2016-351 du 25 mars 2016,ORDONNANCE,L313-16,LOI n°2010-737 du 1er juillet 2010,LOI,JORFDOLE000020542090,13,1
L313-58,LEGIARTI000035731464,2018-04-01,Livre III : CRÉDIT,Ordonnance n°2017-1433 du 4 octobre 2017,ORDONNANCE,L312-27,Loi 93-949 1993-07-26 annexe JORF 27 juillet 1993,LOI,,,0
L313-59,LEGIARTI000032309786,2016-07-01,Livre III : CRÉDIT,Ordonnance n°2016-351 du 25 mars 2016,ORDONNANCE,L312-28,Loi 93-949 1993-07-26 annexe JORF 27 juillet 1993,LOI,,,0
L313-6,LEGIARTI000032432037,2016-10-01,Livre III : CRÉDIT,Ordonnance n°2016-351 du 25 mars 2016,ORDONNANCE,,Ordonnance n°2016-351 du 25 mars 2016,ORDONNANCE,JORFDOLE000032302646,14,0
L313-60,LEGIARTI000032890850,2016-10-10,Livre III : CRÉDIT,Ordonnance n°2016-131 du 10 février 2016,ORDONNANCE,L312-29,Loi 93-949 1993-07-26 annexe JORF 27 juillet 1993,LOI,,,0
L313-61,LEGIARTI000032310692,2016-07-01,Livre III : CRÉDIT,Ordonnance n°2016-351 du 25 mars 2016,ORDONNANCE,L312-29,Loi 93-949 1993-07-26 annexe JORF 27 juillet 1993,LOI,,,0
L313-62,LEGIARTI000032310694,2016-07-01,Livre III : CRÉDIT,Ordonnance n°2016-351 du 25 mars 2016,ORDONNANCE,L312-30,Loi 93-949 1993-07-26 annexe JORF 27 juillet 1993,LOI,,,0
L313-63,LEGIARTI000032309810,2016-07-01,Livre III : CRÉDIT,Ordonnance n°2016-351 du 25 mars 2016,ORDONNANCE,L312-31,Loi 93-949 1993-07-26 annexe JORF 27 juillet 1993,LOI,,,0
L313-64,LEGIARTI000032310708,2016-10-01,Livre III : CRÉDIT,"Ordonnance n°2016-351 du 25 mars 2016, v. init.",ORDONNANCE,L312-3-1,LOI n°2013-672 du 26 juillet 2013,LOI,JORFDOLE000026795365,14,1
L313-7,LEGIARTI000035731518,2018-04-01,Livre III : CRÉDIT,Ordonnance n°2017-1433 du 4 octobre 2017,ORDONNANCE,,Ordonnance n°2017-1433 du 4 octobre 2017,ORDONNANCE,JORFDOLE000035722724,15,0
L313-8,LEGIARTI000045271966,2022-06-01,Livre III : CRÉDIT,LOI n°2022-270 du 28 février 2022,LOI,L313-6,Ordonnance n°2016-301 du 14 mars 2016,ORDONNANCE,JORFDOLE000032223954,14,0
L313-9,LEGIARTI000032432430,2016-07-01,Livre III : CRÉDIT,Ordonnance n°2016-351 du 25 mars 2016,ORDONNANCE,L313-7,Ordonnance n°2016-301 du 14 mars 2016,ORDONNANCE,JORFDOLE000032223954,14,0
L314-1,LEGIARTI000032303351,2016-10-01,Livre III : CRÉDIT,Ordonnance n°2016-351 du 25 mars 2016,ORDONNANCE,L313-1,LOI n°2010-737 du 1er juillet 2010,LOI,JORFDOLE000020542090,13,1
L314-10,LEGIARTI000032225814,2016-07-01,Livre III : CRÉDIT,Ordonnance n°2016-301 du 14 mars 2016,ORDONNANCE,L313-15,LOI n°2010-737 du 1er juillet 2010,LOI,JORFDOLE000020542090,13,1
L314-11,LEGIARTI000032303331,2016-07-01,Livre III : CRÉDIT,Ordonnance n°2016-351 du 25 mars 2016,ORDONNANCE,L313-15,LOI n°2010-737 du 1er juillet 2010,LOI,JORFDOLE000020542090,13,1
L314-12,LEGIARTI000032303327,2016-07-01,Livre III : CRÉDIT,Ordonnance n°2016-351 du 25 mars 2016,ORDONNANCE,L313-15,LOI n°2010-737 du 1er juillet 2010,LOI,JORFDOLE000020542090,13,1
L314-13,LEGIARTI000032225808,2016-07-01,Livre III : CRÉDIT,Ordonnance n°2016-301 du 14 mars 2016,ORDONNANCE,L313-15,LOI n°2010-737 du 1er juillet 2010,LOI,JORFDOLE000020542090,13,1
L314-14,LEGIARTI000032225806,2016-07-01,Livre III : CRÉDIT,Ordonnance n°2016-301 du 14 mars 2016,ORDONNANCE,L313-15,LOI n°2010-737 du 1er juillet 2010,LOI,JORFDOLE000020542090,13,1
L314-19,LEGIARTI000032225795,2016-07-01,Livre III : CRÉDIT,Ordonnance n°2016-301 du 14 mars 2016,ORDONNANCE,L313-10-1,Ordonnance n°2006-346 du 23 mars 2006,ORDONNANCE,JORFDOLE000017760742,12,0
L314-2,LEGIARTI000032303347,2016-10-01,Livre III : CRÉDIT,Ordonnance n°2016-351 du 25 mars 2016,ORDONNANCE,L313-1,LOI n°2010-737 du 1er juillet 2010,LOI,JORFDOLE000020542090,13,1
L314-20,LEGIARTI000039119564,2020-01-01,Livre III : CRÉDIT,Ordonnance n°2019-964 du 18 septembre 2019,ORDONNANCE,L313-12,Ordonnance n°2006-346 du 23 mars 2006,ORDONNANCE,JORFDOLE000017760742,12,0
L314-21,LEGIARTI000032225791,2016-07-01,Livre III : CRÉDIT,Ordonnance n°2016-301 du 14 mars 2016,ORDONNANCE,L313-13,Ordonnance n°2006-346 du 23 mars 2006,ORDONNANCE,JORFDOLE000017760742,12,0
L314-22,LEGIARTI000034072705,2017-02-23,Livre III : CRÉDIT,LOI n°2017-203 du 21 février 2017,LOI,,LOI n°2017-203 du 21 février 2017,LOI,JORFDOLE000032669047,14,1
L314-23,LEGIARTI000032303309,2016-07-01,Livre III : CRÉDIT,Ordonnance n°2016-351 du 25 mars 2016,ORDONNANCE,L313-11,LOI n°2014-344 du 17 mars 2014,LOI,JORFDOLE000027383756,14,1
L314-24,LEGIARTI000032303357,2017-01-01,Livre III : CRÉDIT,Ordonnance n°2016-351 du 25 mars 2016,ORDONNANCE,L314-26,Ordonnance n°2016-351 du 25 mars 2016,ORDONNANCE,JORFDOLE000032302646,14,0
L314-25,LEGIARTI000032301639,2016-07-01,Livre III : CRÉDIT,Ordonnance n°2016-351 du 25 mars 2016,ORDONNANCE,L311-8,LOI n°2010-737 du 1er juillet 2010,LOI,JORFDOLE000020542090,13,1
L314-26,LEGIARTI000032301586,2016-07-01,Livre III : CRÉDIT,Ordonnance n°2016-351 du 25 mars 2016,ORDONNANCE,L313-17,LOI n°2010-737 du 1er juillet 2010,LOI,JORFDOLE000020542090,13,1
L314-27,LEGIARTI000035725214,2018-04-01,Livre III : CRÉDIT,Ordonnance n°2017-1433 du 4 octobre 2017,ORDONNANCE,,Ordonnance n°2017-1433 du 4 octobre 2017,ORDONNANCE,JORFDOLE000035722724,15,0
L314-28,LEGIARTI000035725217,2018-04-01,Livre III : CRÉDIT,Ordonnance n°2017-1433 du 4 octobre 2017,ORDONNANCE,,Ordonnance n°2017-1433 du 4 octobre 2017,ORDONNANCE,JORFDOLE000035722724,15,0
L314-29,LEGIARTI000035725219,2018-04-01,Livre III : CRÉDIT,Ordonnance n°2017-1433 du 4 octobre 2017,ORDONNANCE,,Ordonnance n°2017-1433 du 4 octobre 2017,ORDONNANCE,JORFDOLE000035722724,15,0
L314-3,LEGIARTI000032303343,2016-10-01,Livre III : CRÉDIT,Ordonnance n°2016-351 du 25 mars 2016,ORDONNANCE,L313-1,LOI n°2010-737 du 1er juillet 2010,LOI,JORFDOLE000020542090,13,1
L314-30,LEGIARTI000035725222,2018-04-01,Livre III : CRÉDIT,Ordonnance n°2017-1433 du 4 octobre 2017,ORDONNANCE,,Ordonnance n°2017-1433 du 4 octobre 2017,ORDONNANCE,JORFDOLE000035722724,15,0
L314-31,LEGIARTI000035725224,2018-04-01,Livre III : CRÉDIT,Ordonnance n°2017-1433 du 4 octobre 2017,ORDONNANCE,,Ordonnance n°2017-1433 du 4 octobre 2017,ORDONNANCE,JORFDOLE000035722724,15,0
L314-32,LEGIARTI000047284880,2023-03-11,Livre III : CRÉDIT,LOI n°2023-171 du 9 mars 2023,LOI,,LOI n°2023-171 du 9 mars 2023,LOI,JORFDOLE000046590737,16,1
L314-4,LEGIARTI000032303339,2016-10-01,Livre III : CRÉDIT,Ordonnance n°2016-351 du 25 mars 2016,ORDONNANCE,L313-1,LOI n°2010-737 du 1er juillet 2010,LOI,JORFDOLE000020542090,13,1
L314-5,LEGIARTI000032225828,2016-07-01,Livre III : CRÉDIT,Ordonnance n°2016-301 du 14 mars 2016,ORDONNANCE,L313-2,LOI n°2014-344 du 17 mars 2014,LOI,JORFDOLE000027383756,14,1
L314-6,LEGIARTI000032303335,2016-07-01,Livre III : CRÉDIT,Ordonnance n°2016-351 du 25 mars 2016,ORDONNANCE,L313-3,LOI n°2014-1545 du 20 décembre 2014,LOI,JORFDOLE000029134377,14,1
L314-7,LEGIARTI000032225822,2016-07-01,Livre III : CRÉDIT,Ordonnance n°2016-301 du 14 mars 2016,ORDONNANCE,L313-3,LOI n°2014-1545 du 20 décembre 2014,LOI,JORFDOLE000029134377,14,1
L314-8,LEGIARTI000032225820,2016-07-01,Livre III : CRÉDIT,Ordonnance n°2016-301 du 14 mars 2016,ORDONNANCE,L313-3,LOI n°2014-1545 du 20 décembre 2014,LOI,JORFDOLE000029134377,14,1
L314-9,LEGIARTI000032225818,2016-07-01,Livre III : CRÉDIT,Ordonnance n°2016-301 du 14 mars 2016,ORDONNANCE,L313-3,LOI n°2014-1545 du 20 décembre 2014,LOI,JORFDOLE000029134377,14,1
L315-1,LEGIARTI000032225775,2016-07-01,Livre III : CRÉDIT,Ordonnance n°2016-301 du 14 mars 2016,ORDONNANCE,L314-1,LOI n° 2015-992 du 17 août 2015,LOI,JORFDOLE000029310724,14,1
L315-10,LEGIARTI000032225753,2016-07-01,Livre III : CRÉDIT,Ordonnance n°2016-301 du 14 mars 2016,ORDONNANCE,L314-6,Ordonnance n°2006-346 du 23 mars 2006,ORDONNANCE,JORFDOLE000017760742,12,0
L315-11,LEGIARTI000032225751,2016-07-01,Livre III : CRÉDIT,Ordonnance n°2016-301 du 14 mars 2016,ORDONNANCE,L314-7,Ordonnance n°2006-346 du 23 mars 2006,ORDONNANCE,JORFDOLE000017760742,12,0
L315-12,LEGIARTI000032225747,2016-07-01,Livre III : CRÉDIT,Ordonnance n°2016-301 du 14 mars 2016,ORDONNANCE,L314-8,Ordonnance n°2016-301 du 14 mars 2016,ORDONNANCE,JORFDOLE000032223954,14,0
L315-13,LEGIARTI000034072692,2017-02-23,Livre III : CRÉDIT,LOI n°2017-203 du 21 février 2017,LOI,L314-8,LOI n°2017-203 du 21 février 2017,LOI,JORFDOLE000032669047,14,1
L315-14,LEGIARTI000049397530,2024-04-11,Livre III : CRÉDIT,LOI n°2024-322 du 9 avril 2024,LOI,L314-8,LOI n°2024-322 du 9 avril 2024,LOI,JORFDOLE000048559623,16,1
L315-15,LEGIARTI000032225739,2016-07-01,Livre III : CRÉDIT,Ordonnance n°2016-301 du 14 mars 2016,ORDONNANCE,L314-9,Ordonnance n°2006-346 du 23 mars 2006,ORDONNANCE,JORFDOLE000017760742,12,0
L315-16,LEGIARTI000032225735,2016-07-01,Livre III : CRÉDIT,Ordonnance n°2016-301 du 14 mars 2016,ORDONNANCE,L314-10,Ordonnance n°2006-346 du 23 mars 2006,ORDONNANCE,JORFDOLE000017760742,12,0
L315-17,LEGIARTI000032890853,2016-10-10,Livre III : CRÉDIT,Ordonnance n°2016-131 du 10 février 2016,ORDONNANCE,L314-10,Ordonnance n°2006-346 du 23 mars 2006,ORDONNANCE,JORFDOLE000017760742,12,0
L315-18,LEGIARTI000032225731,2016-07-01,Livre III : CRÉDIT,Ordonnance n°2016-301 du 14 mars 2016,ORDONNANCE,L314-11,Ordonnance n°2006-346 du 23 mars 2006,ORDONNANCE,JORFDOLE000017760742,12,0
L315-19,LEGIARTI000032225729,2016-07-01,Livre III : CRÉDIT,Ordonnance n°2016-301 du 14 mars 2016,ORDONNANCE,L314-12,LOI n°2008-776 du 4 août 2008,LOI,JORFDOLE000018730653,13,1
L315-2,LEGIARTI000048841356,2024-09-01,Livre III : CRÉDIT,LOI n°2023-1322 du 29 décembre 2023,LOI,L314-1,LOI n° 2015-992 du 17 août 2015,LOI,JORFDOLE000029310724,14,1
L315-20,LEGIARTI000032225724,2016-07-01,Livre III : CRÉDIT,Ordonnance n°2016-301 du 14 mars 2016,ORDONNANCE,L314-13,Ordonnance n°2006-346 du 23 mars 2006,ORDONNANCE,JORFDOLE000017760742,12,0
L315-21,LEGIARTI000032225722,2016-07-01,Livre III : CRÉDIT,Ordonnance n°2016-301 du 14 mars 2016,ORDONNANCE,L314-14,Ordonnance n°2006-346 du 23 mars 2006,ORDONNANCE,JORFDOLE000017760742,12,0
L315-22,LEGIARTI000032225720,2016-07-01,Livre III : CRÉDIT,Ordonnance n°2016-301 du 14 mars 2016,ORDONNANCE,L314-14-1,Ordonnance n°2016-301 du 14 mars 2016,ORDONNANCE,JORFDOLE000032223954,14,0
L315-23,LEGIARTI000032890837,2016-10-10,Livre III : CRÉDIT,Ordonnance n°2016-131 du 10 février 2016,ORDONNANCE,L314-14-1,Ordonnance n°2016-131 du 10 février 2016,ORDONNANCE,JORFDOLE000032036173,14,0
L315-3,LEGIARTI000043977228,2021-08-25,Livre III : CRÉDIT,LOI n°2021-1104 du 22 août 2021,LOI,L314-2,Ordonnance n°2006-346 du 23 mars 2006,ORDONNANCE,JORFDOLE000017760742,12,0
L315-4,LEGIARTI000043977221,2021-08-25,Livre III : CRÉDIT,LOI n°2021-1104 du 22 août 2021,LOI,L314-3,LOI n°2015-992 du 17 août 2015,LOI,JORFDOLE000029310724,14,1
L315-5,LEGIARTI000032225765,2016-07-01,Livre III : CRÉDIT,Ordonnance n°2016-301 du 14 mars 2016,ORDONNANCE,L314-3,LOI n°2015-992 du 17 août 2015,LOI,JORFDOLE000029310724,14,1
L315-6,LEGIARTI000032225763,2016-07-01,Livre III : CRÉDIT,Ordonnance n°2016-301 du 14 mars 2016,ORDONNANCE,L314-3,LOI n°2015-992 du 17 août 2015,LOI,JORFDOLE000029310724,14,1
L315-7,LEGIARTI000032225761,2016-07-01,Livre III : CRÉDIT,Ordonnance n°2016-301 du 14 mars 2016,ORDONNANCE,L314-3,LOI n°2015-992 du 17 août 2015,LOI,JORFDOLE000029310724,14,1
L315-8,LEGIARTI000043977216,2021-08-25,Livre III : CRÉDIT,LOI n°2021-1104 du 22 août 2021,LOI,L314-4,Ordonnance n°2006-346 du 23 mars 2006,ORDONNANCE,JORFDOLE000017760742,12,0
L315-9,LEGIARTI000043977203,2021-08-25,Livre III : CRÉDIT,LOI n°2021-1104 du 22 août 2021,LOI,L314-5,LOI n°2015-992 du 17 août 2015,LOI,JORFDOLE000029310724,14,1
L321-1,LEGIARTI000034072660,2017-02-23,Livre III : CRÉDIT,LOI n°2017-203 du 21 février 2017,LOI,L322-2,Loi n°2001-1168 du 11 décembre 2001,LOI,,,0
L321-2,LEGIARTI000032225710,2016-07-01,Livre III : CRÉDIT,Ordonnance n°2016-301 du 14 mars 2016,ORDONNANCE,L322-2,Loi n°2001-1168 du 11 décembre 2001,LOI,,,0
L322-1,LEGIARTI000032225706,2016-07-01,Livre III : CRÉDIT,Ordonnance n°2016-301 du 14 mars 2016,ORDONNANCE,L321-1,Loi n°2001-1168 du 11 décembre 2001,LOI,,,0
L322-2,LEGIARTI000032225704,2016-07-01,Livre III : CRÉDIT,Ordonnance n°2016-301 du 14 mars 2016,ORDONNANCE,L321-2,LOI n°2014-1 du 2 janvier 2014,LOI,JORFDOLE000027926565,14,1
L322-3,LEGIARTI000032225702,2016-07-01,Livre III : CRÉDIT,Ordonnance n°2016-301 du 14 mars 2016,ORDONNANCE,L321-3,LOI n°2010-737 du 1er juillet 2010,LOI,JORFDOLE000020542090,13,1
L322-4,LEGIARTI000032225700,2016-07-01,Livre III : CRÉDIT,Ordonnance n°2016-301 du 14 mars 2016,ORDONNANCE,L321-4,LOI n°2010-737 du 1er juillet 2010,LOI,JORFDOLE000020542090,13,1
L341-1,LEGIARTI000038782736,2019-07-19,Livre III : CRÉDIT,Ordonnance n°2019-740 du 17 juillet 2019,ORDONNANCE,L311-48,LOI n°2010-737 du 1er juillet 2010,LOI,JORFDOLE000020542090,13,1
L341-10,LEGIARTI000032225647,2016-07-01,Livre III : CRÉDIT,Ordonnance n°2016-301 du 14 mars 2016,ORDONNANCE,L311-37,LOI n°2010-737 du 1er juillet 2010,LOI,JORFDOLE000020542090,13,1
L341-11,LEGIARTI000032225645,2016-07-01,Livre III : CRÉDIT,Ordonnance n°2016-301 du 14 mars 2016,ORDONNANCE,L311-39,LOI n°2010-737 du 1er juillet 2010,LOI,JORFDOLE000020542090,13,1
L341-12,LEGIARTI000032225641,2016-07-01,Livre III : CRÉDIT,Ordonnance n°2016-301 du 14 mars 2016,ORDONNANCE,L311-50,LOI n°2014-344 du 17 mars 2014,LOI,JORFDOLE000027383756,14,1
L341-13,LEGIARTI000032225639,2016-07-01,Livre III : CRÉDIT,Ordonnance n°2016-301 du 14 mars 2016,ORDONNANCE,L311-50,LOI n°2014-344 du 17 mars 2014,LOI,JORFDOLE000027383756,14,1
L341-14,LEGIARTI000032225636,2016-07-01,Livre III : CRÉDIT,Ordonnance n°2016-301 du 14 mars 2016,ORDONNANCE,L311-50,LOI n°2014-344 du 17 mars 2014,LOI,JORFDOLE000027383756,14,1
L341-15,LEGIARTI000032225634,2016-07-01,Livre III : CRÉDIT,Ordonnance n°2016-301 du 14 mars 2016,ORDONNANCE,L311-50,LOI n°2014-344 du 17 mars 2014,LOI,JORFDOLE000027383756,14,1
L341-16,LEGIARTI000032225632,2016-07-01,Livre III : CRÉDIT,Ordonnance n°2016-301 du 14 mars 2016,ORDONNANCE,L311-50,LOI n°2014-344 du 17 mars 2014,LOI,JORFDOLE000027383756,14,1
L341-17,LEGIARTI000032225630,2016-07-01,Livre III : CRÉDIT,Ordonnance n°2016-301 du 14 mars 2016,ORDONNANCE,L311-50,LOI n°2014-344 du 17 mars 2014,LOI,JORFDOLE000027383756,14,1
L341-18,LEGIARTI000032225628,2016-07-01,Livre III : CRÉDIT,Ordonnance n°2016-301 du 14 mars 2016,ORDONNANCE,L311-50,LOI n°2014-344 du 17 mars 2014,LOI,JORFDOLE000027383756,14,1
L341-19,LEGIARTI000032225624,2016-07-01,Livre III : CRÉDIT,Ordonnance n°2016-301 du 14 mars 2016,ORDONNANCE,L311-42,LOI n°2010-737 du 1er juillet 2010,LOI,JORFDOLE000020542090,13,1
L341-2,LEGIARTI000032225663,2016-07-01,Livre III : CRÉDIT,Ordonnance n°2016-301 du 14 mars 2016,ORDONNANCE,L311-48,LOI n°2010-737 du 1er juillet 2010,LOI,JORFDOLE000020542090,13,1
L341-20,LEGIARTI000032225622,2016-07-01,Livre III : CRÉDIT,Ordonnance n°2016-301 du 14 mars 2016,ORDONNANCE,L311-45,LOI n°2010-737 du 1er juillet 2010,LOI,JORFDOLE000020542090,13,1
L341-21,LEGIARTI000032225616,2016-07-01,Livre III : CRÉDIT,Ordonnance n°2016-301 du 14 mars 2016,ORDONNANCE,L312-32,Ordonnance n°2000-916 du 19 septembre 2000,ORDONNANCE,JORFDOLE000037320052,11,0
L341-22,LEGIARTI000034072687,2017-02-23,Livre III : CRÉDIT,LOI n°2017-203 du 21 février 2017,LOI,L312-32,Ordonnance n°2000-916 du 19 septembre 2000,ORDONNANCE,JORFDOLE000037320052,11,0
L341-23,LEGIARTI000032303451,2016-07-01,Livre III : CRÉDIT,Ordonnance n°2016-351 du 25 mars 2016,ORDONNANCE,L341-34,Ordonnance n°2016-351 du 25 mars 2016,ORDONNANCE,JORFDOLE000032302646,14,0
L341-24,LEGIARTI000032303447,2016-07-01,Livre III : CRÉDIT,Ordonnance n°2016-351 du 25 mars 2016,ORDONNANCE,,Ordonnance n°2016-351 du 25 mars 2016,ORDONNANCE,JORFDOLE000032302646,14,0
L341-25,LEGIARTI000045272001,2022-06-01,Livre III : CRÉDIT,LOI n°2022-270 du 28 février 2022,LOI,,LOI n°2022-270 du 28 février 2022,LOI,JORFDOLE000044373959,15,1
L341-26,LEGIARTI000045271995,2022-06-01,Livre III : CRÉDIT,LOI n°2022-270 du 28 février 2022,LOI,,LOI n°2022-270 du 28 février 2022,LOI,JORFDOLE000044373959,15,1
L341-26-1,LEGIARTI000045271327,2022-06-01,Livre III : CRÉDIT,LOI n°2022-270 du 28 février 2022,LOI,,LOI n°2022-270 du 28 février 2022,LOI,JORFDOLE000044373959,15,1
L341-27,LEGIARTI000032303420,2016-07-01,Livre III : CRÉDIT,Ordonnance n°2016-351 du 25 mars 2016,ORDONNANCE,,Ordonnance n°2016-351 du 25 mars 2016,ORDONNANCE,JORFDOLE000032302646,14,0
L341-28,LEGIARTI000032303416,2016-07-01,Livre III : CRÉDIT,Ordonnance n°2016-351 du 25 mars 2016,ORDONNANCE,,Ordonnance n°2016-351 du 25 mars 2016,ORDONNANCE,JORFDOLE000032302646,14,0
L341-29,LEGIARTI000032303411,2016-07-01,Livre III : CRÉDIT,Ordonnance n°2016-351 du 25 mars 2016,ORDONNANCE,,Ordonnance n°2016-351 du 25 mars 2016,ORDONNANCE,JORFDOLE000032302646,14,0
L341-3,LEGIARTI000032225661,2016-07-01,Livre III : CRÉDIT,Ordonnance n°2016-301 du 14 mars 2016,ORDONNANCE,L311-48,LOI n°2010-737 du 1er juillet 2010,LOI,JORFDOLE000020542090,13,1
L341-30,LEGIARTI000032303407,2016-07-01,Livre III : CRÉDIT,Ordonnance n°2016-351 du 25 mars 2016,ORDONNANCE,,Ordonnance n°2016-351 du 25 mars 2016,ORDONNANCE,JORFDOLE000032302646,14,0
L341-31,LEGIARTI000032303403,2016-07-01,Livre III : CRÉDIT,Ordonnance n°2016-351 du 25 mars 2016,ORDONNANCE,,Ordonnance n°2016-351 du 25 mars 2016,ORDONNANCE,JORFDOLE000032302646,14,0
L341-32,LEGIARTI000032303399,2016-07-01,Livre III : CRÉDIT,Ordonnance n°2016-351 du 25 mars 2016,ORDONNANCE,,Ordonnance n°2016-351 du 25 mars 2016,ORDONNANCE,JORFDOLE000032302646,14,0
L341-33,LEGIARTI000032303393,2016-07-01,Livre III : CRÉDIT,Ordonnance n°2016-351 du 25 mars 2016,ORDONNANCE,,Ordonnance n°2016-351 du 25 mars 2016,ORDONNANCE,JORFDOLE000032302646,14,0
L341-34,LEGIARTI000038782704,2019-07-19,Livre III : CRÉDIT,Ordonnance n°2019-740 du 17 juillet 2019,ORDONNANCE,L312-33,LOI n°2014-344 du 17 mars 2014,LOI,JORFDOLE000027383756,14,1
L341-35,LEGIARTI000032395376,2016-07-01,Livre III : CRÉDIT,Ordonnance n°2016-351 du 25 mars 2016,ORDONNANCE,L312-16,Loi 93-949 1993-07-26 annexe JORF 27 juillet 1993,LOI,,,0
L341-36,LEGIARTI000032395398,2016-07-01,Livre III : CRÉDIT,Ordonnance n°2016-351 du 25 mars 2016,ORDONNANCE,L312-30,Loi 93-949 1993-07-26 annexe JORF 27 juillet 1993,LOI,,,0
L341-37,LEGIARTI000032395415,2016-07-01,Livre III : CRÉDIT,Ordonnance n°2016-351 du 25 mars 2016,ORDONNANCE,L312-33,LOI n°2014-344 du 17 mars 2014,LOI,JORFDOLE000027383756,14,1
L341-38,LEGIARTI000032395420,2016-07-01,Livre III : CRÉDIT,Ordonnance n°2016-351 du 25 mars 2016,ORDONNANCE,L312-33,LOI n°2014-344 du 17 mars 2014,LOI,JORFDOLE000027383756,14,1
L341-4,LEGIARTI000038782726,2019-07-19,Livre III : CRÉDIT,Ordonnance n°2019-740 du 17 juillet 2019,ORDONNANCE,L311-48,LOI n°2010-737 du 1er juillet 2010,LOI,JORFDOLE000020542090,13,1
L341-40,LEGIARTI000032395659,2016-07-01,Livre III : CRÉDIT,Ordonnance n°2016-351 du 25 mars 2016,ORDONNANCE,L312-33,LOI n°2014-344 du 17 mars 2014,LOI,JORFDOLE000027383756,14,1
L341-41,LEGIARTI000032395699,2016-07-01,Livre III : CRÉDIT,Ordonnance n°2016-351 du 25 mars 2016,ORDONNANCE,L312-33,LOI n°2014-344 du 17 mars 2014,LOI,JORFDOLE000027383756,14,1
L341-42,LEGIARTI000032395726,2016-07-01,Livre III : CRÉDIT,Ordonnance n°2016-351 du 25 mars 2016,ORDONNANCE,L312-34,LOI n°2014-344 du 17 mars 2014,LOI,JORFDOLE000027383756,14,1
L341-43,LEGIARTI000032395734,2016-07-01,Livre III : CRÉDIT,Ordonnance n°2016-351 du 25 mars 2016,ORDONNANCE,L312-35,LOI n°2014-344 du 17 mars 2014,LOI,JORFDOLE000027383756,14,1
L341-44,LEGIARTI000032395753,2016-07-01,Livre III : CRÉDIT,Ordonnance n° 2016-351 du 25 mars 2016,ORDONNANCE,L312-33,LOI n°2014-344 du 17 mars 2014,LOI,JORFDOLE000027383756,14,1
L341-44-1,LEGIARTI000045271325,2022-06-01,Livre III : CRÉDIT,LOI n°2022-270 du 28 février 2022,LOI,,LOI n°2022-270 du 28 février 2022,LOI,JORFDOLE000044373959,15,1
L341-45,LEGIARTI000032395763,2016-07-01,Livre III : CRÉDIT,Ordonnance n°2016-351 du 25 mars 2016,ORDONNANCE,L341-59,Ordonnance n°2016-351 du 25 mars 2016,ORDONNANCE,JORFDOLE000032302646,14,0
L341-46,LEGIARTI000032395782,2016-07-01,Livre III : CRÉDIT,Ordonnance n°2016-351 du 25 mars 2016,ORDONNANCE,L341-60,Ordonnance n°2016-351 du 25 mars 2016,ORDONNANCE,JORFDOLE000032302646,14,0
L341-47,LEGIARTI000032395811,2016-07-01,Livre III : CRÉDIT,Ordonnance n°2016-351 du 25 mars 2016,ORDONNANCE,L341-61,Ordonnance n°2016-351 du 25 mars 2016,ORDONNANCE,JORFDOLE000032302646,14,0
L341-48,LEGIARTI000032302966,2016-07-01,Livre III : CRÉDIT,Ordonnance n°2016-351 du 25 mars 2016,ORDONNANCE,L313-4,Ordonnance n°2006-346 du 23 mars 2006,ORDONNANCE,JORFDOLE000017760742,12,0
L341-48-1,LEGIARTI000038778502,2019-07-19,Livre III : CRÉDIT,Ordonnance n°2019-740 du 17 juillet 2019,ORDONNANCE,,Ordonnance n°2019-740 du 17 juillet 2019,ORDONNANCE,JORFDOLE000038778824,15,0
L341-49,LEGIARTI000032302972,2016-07-01,Livre III : CRÉDIT,Ordonnance n°2016-351 du 25 mars 2016,ORDONNANCE,L313-2,LOI n°2014-344 du 17 mars 2014,LOI,JORFDOLE000027383756,14,1
L341-5,LEGIARTI000032225657,2016-07-01,Livre III : CRÉDIT,Ordonnance n°2016-301 du 14 mars 2016,ORDONNANCE,L311-48,LOI n°2010-737 du 1er juillet 2010,LOI,JORFDOLE000020542090,13,1
L341-50,LEGIARTI000032302978,2016-07-01,Livre III : CRÉDIT,Ordonnance n°2016-351 du 25 mars 2016,ORDONNANCE,L313-5,LOI n°2014-344 du 17 mars 2014,LOI,JORFDOLE000027383756,14,1
L341-51,LEGIARTI000032302991,2016-07-01,Livre III : CRÉDIT,Ordonnance n°2016-351 du 25 mars 2016,ORDONNANCE,L313-5,LOI n°2014-344 du 17 mars 2014,LOI,JORFDOLE000027383756,14,1
L341-52,LEGIARTI000032306147,2016-07-01,Livre III : CRÉDIT,Ordonnance n°2016-351 du 25 mars 2016,ORDONNANCE,,Ordonnance n°2016-351 du 25 mars 2016,ORDONNANCE,JORFDOLE000032302646,14,0
L341-53,LEGIARTI000032303024,2016-07-01,Livre III : CRÉDIT,Ordonnance n°2016-351 du 25 mars 2016,ORDONNANCE,L314-2,Ordonnance n°2006-346 du 23 mars 2006,ORDONNANCE,JORFDOLE000017760742,12,0
L341-54,LEGIARTI000038782710,2019-07-19,Livre III : CRÉDIT,Ordonnance n°2019-740 du 17 juillet 2019,ORDONNANCE,L314-15,Ordonnance n°2006-346 du 23 mars 2006,ORDONNANCE,JORFDOLE000017760742,12,0
L341-55,LEGIARTI000032303036,2016-07-01,Livre III : CRÉDIT,Ordonnance n°2016-351 du 25 mars 2016,ORDONNANCE,L314-7,Ordonnance n°2006-346 du 23 mars 2006,ORDONNANCE,JORFDOLE000017760742,12,0
L341-56,LEGIARTI000032303042,2016-07-01,Livre III : CRÉDIT,Ordonnance n°2016-351 du 25 mars 2016,ORDONNANCE,L314-16,LOI n°2014-344 du 17 mars 2014,LOI,JORFDOLE000027383756,14,1
L341-57,LEGIARTI000032303048,2016-07-01,Livre III : CRÉDIT,Ordonnance n°2016-351 du 25 mars 2016,ORDONNANCE,L314-16,LOI n°2014-344 du 17 mars 2014,LOI,JORFDOLE000027383756,14,1
L341-58,LEGIARTI000032303054,2016-07-01,Livre III : CRÉDIT,Ordonnance n°2016-351 du 25 mars 2016,ORDONNANCE,L314-17,LOI n°2014-344 du 17 mars 2014,LOI,JORFDOLE000027383756,14,1
L341-59,LEGIARTI000032303060,2016-07-01,Livre III : CRÉDIT,Ordonnance n°2016-351 du 25 mars 2016,ORDONNANCE,L314-17,LOI n°2014-344 du 17 mars 2014,LOI,JORFDOLE000027383756,14,1
L341-6,LEGIARTI000032225655,2016-07-01,Livre III : CRÉDIT,Ordonnance n°2016-301 du 14 mars 2016,ORDONNANCE,L311-48,LOI n°2010-737 du 1er juillet 2010,LOI,JORFDOLE000020542090,13,1
L341-60,LEGIARTI000032303066,2016-07-01,Livre III : CRÉDIT,Ordonnance n°2016-351 du 25 mars 2016,ORDONNANCE,L314-16,LOI n°2014-344 du 17 mars 2014,LOI,JORFDOLE000027383756,14,1
L341-61,LEGIARTI000032303072,2016-07-01,Livre III : CRÉDIT,Ordonnance n°2016-351 du 25 mars 2016,ORDONNANCE,L314-18,Ordonnance n°2006-346 du 23 mars 2006,ORDONNANCE,JORFDOLE000017760742,12,0
L341-7,LEGIARTI000032225653,2016-07-01,Livre III : CRÉDIT,Ordonnance n°2016-301 du 14 mars 2016,ORDONNANCE,L311-48,LOI n°2010-737 du 1er juillet 2010,LOI,JORFDOLE000020542090,13,1
L341-8,LEGIARTI000032225651,2016-07-01,Livre III : CRÉDIT,Ordonnance n°2016-301 du 14 mars 2016,ORDONNANCE,L311-48,LOI n°2010-737 du 1er juillet 2010,LOI,JORFDOLE000020542090,13,1
L341-9,LEGIARTI000032225649,2016-07-01,Livre III : CRÉDIT,Ordonnance n°2016-301 du 14 mars 2016,ORDONNANCE,L311-48,LOI n°2010-737 du 1er juillet 2010,LOI,JORFDOLE000020542090,13,1
L342-1,LEGIARTI000032225538,2016-07-01,Livre III : CRÉDIT,Ordonnance n°2016-301 du 14 mars 2016,ORDONNANCE,L321-1,Loi n°2001-1168 du 11 décembre 2001,LOI,,,0
L342-2,LEGIARTI000032225534,2016-07-01,Livre III : CRÉDIT,Ordonnance n°2016-301 du 14 mars 2016,ORDONNANCE,L322-3,LOI n°2014-344 du 17 mars 2014,LOI,JORFDOLE000027383756,14,1
L342-3,LEGIARTI000032225532,2016-07-01,Livre III : CRÉDIT,Ordonnance n°2016-301 du 14 mars 2016,ORDONNANCE,L322-3,LOI n°2014-344 du 17 mars 2014,LOI,JORFDOLE000027383756,14,1
L342-4,LEGIARTI000032225530,2016-07-01,Livre III : CRÉDIT,Ordonnance n°2016-301 du 14 mars 2016,ORDONNANCE,L322-3,LOI n°2014-344 du 17 mars 2014,LOI,JORFDOLE000027383756,14,1
L342-5,LEGIARTI000032225528,2016-07-01,Livre III : CRÉDIT,Ordonnance n°2016-301 du 14 mars 2016,ORDONNANCE,L322-1,LOI n°2014-344 du 17 mars 2014,LOI,JORFDOLE000027383756,14,1
L342-6,LEGIARTI000032225526,2016-07-01,Livre III : CRÉDIT,Ordonnance n°2016-301 du 14 mars 2016,ORDONNANCE,L322-1,LOI n°2014-344 du 17 mars 2014,LOI,JORFDOLE000027383756,14,1
L351-1,LEGIARTI000034130268,2017-07-01,Livre III : CRÉDIT,Ordonnance n°2017-269 du 2 mars 2017,ORDONNANCE,,Ordonnance n°2017-269 du 2 mars 2017,ORDONNANCE,JORFDOLE000034131633,14,0
L351-2,LEGIARTI000034130270,2017-07-01,Livre III : CRÉDIT,Ordonnance n°2017-269 du 2 mars 2017,ORDONNANCE,,Ordonnance n°2017-269 du 2 mars 2017,ORDONNANCE,JORFDOLE000034131633,14,0
L351-3,LEGIARTI000048527384,2023-12-30,Livre III : CRÉDIT,Ordonnance n°2023-1139 du 6 décembre 2023,ORDONNANCE,,Ordonnance n°2023-1139 du 6 décembre 2023,ORDONNANCE,JORFDOLE000048532766,16,0
L351-4,LEGIARTI000034130276,2017-07-01,Livre III : CRÉDIT,Ordonnance n°2017-269 du 2 mars 2017,ORDONNANCE,,Ordonnance n°2017-269 du 2 mars 2017,ORDONNANCE,JORFDOLE000034131633,14,0
L351-5,LEGIARTI000034130282,2017-07-01,Livre III : CRÉDIT,Ordonnance n°2017-269 du 2 mars 2017,ORDONNANCE,,Ordonnance n°2017-269 du 2 mars 2017,ORDONNANCE,JORFDOLE000034131633,14,0
L351-6,LEGIARTI000034130284,2017-07-01,Livre III : CRÉDIT,Ordonnance n°2017-269 du 2 mars 2017,ORDONNANCE,,Ordonnance n°2017-269 du 2 mars 2017,ORDONNANCE,JORFDOLE000034131633,14,0
L351-7,LEGIARTI000044073781,2022-01-01,Livre III : CRÉDIT,Ordonnance n°2021-1192 du 15 septembre 2021,ORDONNANCE,,Ordonnance n°2021-1192 du 15 septembre 2021,ORDONNANCE,JORFDOLE000044047606,15,0
L351-8,LEGIARTI000034130290,2017-07-01,Livre III : CRÉDIT,Ordonnance n°2017-269 du 2 mars 2017,ORDONNANCE,,Ordonnance n°2017-269 du 2 mars 2017,ORDONNANCE,JORFDOLE000034131633,14,0
L352-1,LEGIARTI000034130294,2017-07-01,Livre III : CRÉDIT,Ordonnance n°2017-269 du 2 mars 2017,ORDONNANCE,,Ordonnance n°2017-269 du 2 mars 2017,ORDONNANCE,JORFDOLE000034131633,14,0
L352-2,LEGIARTI000034130296,2017-07-01,Livre III : CRÉDIT,Ordonnance n°2017-269 du 2 mars 2017,ORDONNANCE,,Ordonnance n°2017-269 du 2 mars 2017,ORDONNANCE,JORFDOLE000034131633,14,0
L352-3,LEGIARTI000034130298,2017-07-01,Livre III : CRÉDIT,Ordonnance n°2017-269 du 2 mars 2017,ORDONNANCE,,Ordonnance n°2017-269 du 2 mars 2017,ORDONNANCE,JORFDOLE000034131633,14,0
L352-4,LEGIARTI000034130300,2017-07-01,Livre III : CRÉDIT,Ordonnance n°2017-269 du 2 mars 2017,ORDONNANCE,,Ordonnance n°2017-269 du 2 mars 2017,ORDONNANCE,JORFDOLE000034131633,14,0
L354-1,LEGIARTI000034130308,2017-07-01,Livre III : CRÉDIT,Ordonnance n°2017-269 du 2 mars 2017,ORDONNANCE,,Ordonnance n°2017-269 du 2 mars 2017,ORDONNANCE,JORFDOLE000034131633,14,0
L354-2,LEGIARTI000038782762,2019-07-19,Livre III : CRÉDIT,Ordonnance n°2019-740 du 17 juillet 2019,ORDONNANCE,,Ordonnance n°2019-740 du 17 juillet 2019,ORDONNANCE,JORFDOLE000038778824,15,0
L354-3,LEGIARTI000034130316,2017-07-01,Livre III : CRÉDIT,Ordonnance n°2017-269 du 2 mars 2017,ORDONNANCE,,Ordonnance n°2017-269 du 2 mars 2017,ORDONNANCE,JORFDOLE000034131633,14,0
L354-4,LEGIARTI000034130322,2017-07-01,Livre III : CRÉDIT,Ordonnance n°2017-269 du 2 mars 2017,ORDONNANCE,,Ordonnance n°2017-269 du 2 mars 2017,ORDONNANCE,JORFDOLE000034131633,14,0
L354-5,LEGIARTI000034130324,2017-07-01,Livre III : CRÉDIT,Ordonnance n°2017-269 du 2 mars 2017,ORDONNANCE,,Ordonnance n°2017-269 du 2 mars 2017,ORDONNANCE,JORFDOLE000034131633,14,0
L354-6,LEGIARTI000034130328,2017-07-01,Livre III : CRÉDIT,Ordonnance n°2017-269 du 2 mars 2017,ORDONNANCE,,Ordonnance n°2017-269 du 2 mars 2017,ORDONNANCE,JORFDOLE000034131633,14,0
L411-1,LEGIARTI000032225500,2016-07-01,Livre IV : CONFORMITÉ ET SÉCURITÉ DES PRODUITS ET SERVICES,Ordonnance n°2016-301 du 14 mars 2016,ORDONNANCE,L212-1,Ordonnance n°2004-670 du 9 juillet 2004,ORDONNANCE,JORFDOLE000017761046,12,0
L411-2,LEGIARTI000032225498,2016-07-01,Livre IV : CONFORMITÉ ET SÉCURITÉ DES PRODUITS ET SERVICES,Ordonnance n°2016-301 du 14 mars 2016,ORDONNANCE,L217-5,LOI n°2014-344 du 17 mars 2014,LOI,JORFDOLE000027383756,14,1
L412-1,LEGIARTI000041985019,2020-06-12,Livre IV : CONFORMITÉ ET SÉCURITÉ DES PRODUITS ET SERVICES,LOI n°2020-699 du 10 juin 2020,LOI,L214-1,LOI n°2014-344 du 17 mars 2014,LOI,JORFDOLE000027383756,14,1
L412-10,LEGIARTI000041983720,2020-06-12,Livre IV : CONFORMITÉ ET SÉCURITÉ DES PRODUITS ET SERVICES,LOI n°2020-699 du 10 juin 2020,LOI,,LOI n°2020-699 du 10 juin 2020,LOI,JORFDOLE000039451785,15,1
L412-11,LEGIARTI000044224587,2022-01-01,Livre IV : CONFORMITÉ ET SÉCURITÉ DES PRODUITS ET SERVICES,LOI n°2021-1357 du 18 octobre 2021,LOI,,LOI n°2021-1357 du 18 octobre 2021,LOI,JORFDOLE000043701629,15,1
L412-12,LEGIARTI000044224585,2022-01-01,Livre IV : CONFORMITÉ ET SÉCURITÉ DES PRODUITS ET SERVICES,LOI n°2021-1357 du 18 octobre 2021,LOI,,LOI n°2021-1357 du 18 octobre 2021,LOI,JORFDOLE000043701629,15,1
L412-13,LEGIARTI000047284913,2023-03-11,Livre IV : CONFORMITÉ ET SÉCURITÉ DES PRODUITS ET SERVICES,LOI n°2023-171 du 9 mars 2023,LOI,,LOI n°2023-171 du 9 mars 2023,LOI,JORFDOLE000046590737,16,1
L412-2,LEGIARTI000032225490,2016-07-01,Livre IV : CONFORMITÉ ET SÉCURITÉ DES PRODUITS ET SERVICES,Ordonnance n°2016-301 du 14 mars 2016,ORDONNANCE,L214-3,Loi 93-949 1993-07-26 annexe JORF 27 juillet 1993,LOI,,,0
L412-3,LEGIARTI000032225486,2016-07-01,Livre IV : CONFORMITÉ ET SÉCURITÉ DES PRODUITS ET SERVICES,Ordonnance n°2016-301 du 14 mars 2016,ORDONNANCE,L112-13,LOI n°2016-41 du 26 janvier 2016,LOI,JORFDOLE000029589477,14,1
L412-4,LEGIARTI000044224589,2022-07-01,Livre IV : CONFORMITÉ ET SÉCURITÉ DES PRODUITS ET SERVICES,LOI n°2021-1357 du 18 octobre 2021,LOI,L112-11,LOI n° 2014-344 du 17 mars 2014,LOI,JORFDOLE000027383756,14,1
L412-5,LEGIARTI000033612911,2016-12-11,Livre IV : CONFORMITÉ ET SÉCURITÉ DES PRODUITS ET SERVICES,LOI n°2016-1691 du 9 décembre 2016,LOI,L112-12,LOI n° 2014-344 du 17 mars 2014,LOI,JORFDOLE000027383756,14,1
L412-6,LEGIARTI000032744957,2016-06-22,Livre IV : CONFORMITÉ ET SÉCURITÉ DES PRODUITS ET SERVICES,LOI n°2016-816 du 20 juin 2016,LOI,,LOI n°2016-816 du 20 juin 2016,LOI,JORFDOLE000031978450,14,1
L412-7,LEGIARTI000041556956,2020-02-12,Livre IV : CONFORMITÉ ET SÉCURITÉ DES PRODUITS ET SERVICES,LOI n° 2020-105 du 10 février 2020,LOI,,LOI n° 2020-105 du 10 février 2020,LOI,JORFDOLE000038746653,15,1
L412-8,LEGIARTI000041983639,2020-06-12,Livre IV : CONFORMITÉ ET SÉCURITÉ DES PRODUITS ET SERVICES,LOI n°2020-699 du 10 juin 2020,LOI,,LOI n°2020-699 du 10 juin 2020,LOI,JORFDOLE000039451785,15,1
L412-9,LEGIARTI000044224592,2021-10-20,Livre IV : CONFORMITÉ ET SÉCURITÉ DES PRODUITS ET SERVICES,LOI n°2021-1357 du 18 octobre 2021,LOI,,LOI n°2021-1357 du 18 octobre 2021,LOI,JORFDOLE000043701629,15,1
L413-1,LEGIARTI000034072889,2017-02-23,Livre IV : CONFORMITÉ ET SÉCURITÉ DES PRODUITS ET SERVICES,,,L213-3,LOI n°2015-990 du 6 août 2015,LOI,JORFDOLE000029883713,14,1
L413-2,LEGIARTI000034072885,2017-02-23,Livre IV : CONFORMITÉ ET SÉCURITÉ DES PRODUITS ET SERVICES,,,L213-4,LOI n°2014-344 du 17 mars 2014,LOI,JORFDOLE000027383756,14,1
L413-3,LEGIARTI000034072879,2017-02-23,Livre IV : CONFORMITÉ ET SÉCURITÉ DES PRODUITS ET SERVICES,,,L213-3,LOI n°2015-990 du 6 août 2015,LOI,JORFDOLE000029883713,14,1
L413-4,LEGIARTI000034072875,2017-02-23,Livre IV : CONFORMITÉ ET SÉCURITÉ DES PRODUITS ET SERVICES,,,L217-1,Loi 93-949 1993-07-26 annexe JORF 27 juillet 1993,LOI,,,0
L413-5,LEGIARTI000034072870,2017-02-23,Livre IV : CONFORMITÉ ET SÉCURITÉ DES PRODUITS ET SERVICES,,,L217-1,Loi 93-949 1993-07-26 annexe JORF 27 juillet 1993,LOI,,,0
L413-6,LEGIARTI000034072866,2017-02-23,Livre IV : CONFORMITÉ ET SÉCURITÉ DES PRODUITS ET SERVICES,,,L217-2,Loi n°2003-239 du 18 mars 2003,LOI,JORFDOLE000017760408,12,0
L413-7,LEGIARTI000034072862,2017-02-23,Livre IV : CONFORMITÉ ET SÉCURITÉ DES PRODUITS ET SERVICES,,,L217-3,Loi 93-949 1993-07-26 annexe JORF 27 juillet 1993,LOI,,,0
L413-8,LEGIARTI000041985042,2020-06-12,Livre IV : CONFORMITÉ ET SÉCURITÉ DES PRODUITS ET SERVICES,LOI n°2020-699 du 10 juin 2020,LOI,L217-6,Loi 93-949 1993-07-26 annexe JORF 27 juillet 1993,LOI,,,0
L413-9,LEGIARTI000034072854,2017-02-23,Livre IV : CONFORMITÉ ET SÉCURITÉ DES PRODUITS ET SERVICES,,,L217-7,Loi 93-949 1993-07-26 annexe JORF 27 juillet 1993,LOI,,,0
L414-1,LEGIARTI000032225458,2016-07-01,Livre IV : CONFORMITÉ ET SÉCURITÉ DES PRODUITS ET SERVICES,Ordonnance n°2016-301 du 14 mars 2016,ORDONNANCE,L218-6,Ordonnance n°2004-670 du 9 juillet 2004,ORDONNANCE,JORFDOLE000017761046,12,0
L421-1,LEGIARTI000049464060,2024-12-13,Livre IV : CONFORMITÉ ET SÉCURITÉ DES PRODUITS ET SERVICES,LOI n°2024-364 du 22 avril 2024,LOI,L221-1,Ordonnance n° 2008-810 du 22 août 2008,ORDONNANCE,JORFDOLE000020040455,13,0
L421-2,LEGIARTI000049464057,2024-12-13,Livre IV : CONFORMITÉ ET SÉCURITÉ DES PRODUITS ET SERVICES,LOI n°2024-364 du 22 avril 2024,LOI,L221-1-1,Ordonnance n°2004-670 du 9 juillet 2004,ORDONNANCE,JORFDOLE000017761046,12,0
L421-3,LEGIARTI000049464053,2024-12-13,Livre IV : CONFORMITÉ ET SÉCURITÉ DES PRODUITS ET SERVICES,LOI n°2024-364 du 22 avril 2024,LOI,L221-1,Ordonnance n° 2008-810 du 22 août 2008,ORDONNANCE,JORFDOLE000020040455,13,0
L422-1,LEGIARTI000049464046,2024-12-13,Livre IV : CONFORMITÉ ET SÉCURITÉ DES PRODUITS ET SERVICES,LOI n°2024-364 du 22 avril 2024,LOI,L221-2,Loi 93-949 1993-07-26 annexe JORF 27 juillet 1993,LOI,,,0
L422-2,LEGIARTI000034072903,2017-02-23,Livre IV : CONFORMITÉ ET SÉCURITÉ DES PRODUITS ET SERVICES,LOI n°2017-203 du 21 février 2017,LOI,L221-3,LOI n°2010-737 du 1er juillet 2010,LOI,JORFDOLE000020542090,13,1
L422-3,LEGIARTI000049464042,2024-12-13,Livre IV : CONFORMITÉ ET SÉCURITÉ DES PRODUITS ET SERVICES,LOI n°2024-364 du 22 avril 2024,LOI,L217-1-1,Ordonnance n°2006-1224 du 5 octobre 2006,ORDONNANCE,JORFDOLE000021947761,12,0
L423-3,LEGIARTI000049464034,2024-12-13,Livre IV : CONFORMITÉ ET SÉCURITÉ DES PRODUITS ET SERVICES,LOI n°2024-364 du 22 avril 2024,LOI,L221-1-3,Ordonnance n° 2008-810 du 22 août 2008,ORDONNANCE,JORFDOLE000020040455,13,0
L425-1,LEGIARTI000045456089,2022-04-01,Livre IV : CONFORMITÉ ET SÉCURITÉ DES PRODUITS ET SERVICES,Ordonnance n°2022-456 du 30 mars 2022,ORDONNANCE,,Ordonnance n°2022-456 du 30 mars 2022,ORDONNANCE,JORFDOLE000045446720,15,0
L431-1,LEGIARTI000032225408,2016-07-01,Livre IV : CONFORMITÉ ET SÉCURITÉ DES PRODUITS ET SERVICES,Ordonnance n°2016-301 du 14 mars 2016,ORDONNANCE,L115-1,Loi 93-949 1993-07-26 annexe JORF 27 juillet 1993,LOI,,,0
L431-2,LEGIARTI000032225406,2016-07-01,Livre IV : CONFORMITÉ ET SÉCURITÉ DES PRODUITS ET SERVICES,Ordonnance n°2016-301 du 14 mars 2016,ORDONNANCE,L115-16,LOI n°2014-344 du 17 mars 2014,LOI,JORFDOLE000027383756,14,1
L431-3,LEGIARTI000032225402,2016-07-01,Livre IV : CONFORMITÉ ET SÉCURITÉ DES PRODUITS ET SERVICES,Ordonnance n°2016-301 du 14 mars 2016,ORDONNANCE,L112-2,Ordonnance n°2006-1547 du 7 décembre 2006,ORDONNANCE,JORFDOLE000021947750,12,0
L431-4,LEGIARTI000032225398,2016-07-01,Livre IV : CONFORMITÉ ET SÉCURITÉ DES PRODUITS ET SERVICES,Ordonnance n°2016-301 du 14 mars 2016,ORDONNANCE,L115-2,Loi 93-949 1993-07-26 annexe JORF 27 juillet 1993,LOI,,,0
L431-5,LEGIARTI000032225396,2016-07-01,Livre IV : CONFORMITÉ ET SÉCURITÉ DES PRODUITS ET SERVICES,Ordonnance n°2016-301 du 14 mars 2016,ORDONNANCE,L115-5,Ordonnance n°2010-462 du 6 mai 2010,ORDONNANCE,JORFDOLE000022204472,13,0
L431-6,LEGIARTI000032225392,2016-07-01,Livre IV : CONFORMITÉ ET SÉCURITÉ DES PRODUITS ET SERVICES,Ordonnance n°2016-301 du 14 mars 2016,ORDONNANCE,L115-8,Loi 93-949 1993-07-26 annexe JORF 27 juillet 1993,LOI,,,0
L431-7,LEGIARTI000032225390,2016-07-01,Livre IV : CONFORMITÉ ET SÉCURITÉ DES PRODUITS ET SERVICES,Ordonnance n°2016-301 du 14 mars 2016,ORDONNANCE,L115-17,Loi 93-949 1993-07-26 annexe JORF 27 juillet 1993,LOI,,,0
L432-1,LEGIARTI000032225384,2016-07-01,Livre IV : CONFORMITÉ ET SÉCURITÉ DES PRODUITS ET SERVICES,Ordonnance n°2016-301 du 14 mars 2016,ORDONNANCE,L115-19,Ordonnance n°2010-462 du 6 mai 2010,ORDONNANCE,JORFDOLE000022204472,13,0
L432-2,LEGIARTI000032225382,2016-07-01,Livre IV : CONFORMITÉ ET SÉCURITÉ DES PRODUITS ET SERVICES,Ordonnance n°2016-301 du 14 mars 2016,ORDONNANCE,L115-20,LOI n°2014-344 du 17 mars 2014,LOI,JORFDOLE000027383756,14,1
L432-3,LEGIARTI000032225378,2016-07-01,Livre IV : CONFORMITÉ ET SÉCURITÉ DES PRODUITS ET SERVICES,Ordonnance n°2016-301 du 14 mars 2016,ORDONNANCE,L115-21,Ordonnance n°2010-462 du 6 mai 2010,ORDONNANCE,JORFDOLE000022204472,13,0
L432-4,LEGIARTI000032225376,2016-07-01,Livre IV : CONFORMITÉ ET SÉCURITÉ DES PRODUITS ET SERVICES,Ordonnance n°2016-301 du 14 mars 2016,ORDONNANCE,L115-22,LOI n°2014-344 du 17 mars 2014,LOI,JORFDOLE000027383756,14,1
L432-5,LEGIARTI000032225372,2016-07-01,Livre IV : CONFORMITÉ ET SÉCURITÉ DES PRODUITS ET SERVICES,Ordonnance n°2016-301 du 14 mars 2016,ORDONNANCE,L115-23,Ordonnance n°2010-462 du 6 mai 2010,ORDONNANCE,JORFDOLE000022204472,13,0
L432-6,LEGIARTI000032225370,2016-07-01,Livre IV : CONFORMITÉ ET SÉCURITÉ DES PRODUITS ET SERVICES,Ordonnance n°2016-301 du 14 mars 2016,ORDONNANCE,L115-24,LOI n°2014-344 du 17 mars 2014,LOI,JORFDOLE000027383756,14,1
L432-7,LEGIARTI000039382274,2019-12-15,Livre IV : CONFORMITÉ ET SÉCURITÉ DES PRODUITS ET SERVICES,Ordonnance n°2019-1169 du 13 novembre 2019,ORDONNANCE,L112-4,Ordonnance n°2010-462 du 6 mai 2010,ORDONNANCE,JORFDOLE000022204472,13,0
L433-1,LEGIARTI000032225360,2016-07-01,Livre IV : CONFORMITÉ ET SÉCURITÉ DES PRODUITS ET SERVICES,Ordonnance n°2016-301 du 14 mars 2016,ORDONNANCE,L115-25,Ordonnance n°2010-462 du 6 mai 2010,ORDONNANCE,JORFDOLE000022204472,13,0
L433-10,LEGIARTI000032225336,2016-07-01,Livre IV : CONFORMITÉ ET SÉCURITÉ DES PRODUITS ET SERVICES,Ordonnance n°2016-301 du 14 mars 2016,ORDONNANCE,L115-32,LOI n°2008-776 du 4 août 2008,LOI,JORFDOLE000018730653,13,1
L433-11,LEGIARTI000039382262,2019-12-15,Livre IV : CONFORMITÉ ET SÉCURITÉ DES PRODUITS ET SERVICES,Ordonnance n°2019-1169 du 13 novembre 2019,ORDONNANCE,L115-33,Ordonnance n°2006-1547 du 7 décembre 2006,ORDONNANCE,JORFDOLE000021947750,12,0
L433-2,LEGIARTI000032225358,2016-07-01,Livre IV : CONFORMITÉ ET SÉCURITÉ DES PRODUITS ET SERVICES,Ordonnance n°2016-301 du 14 mars 2016,ORDONNANCE,L115-26,LOI n°2014-344 du 17 mars 2014,LOI,JORFDOLE000027383756,14,1
L433-3,LEGIARTI000032225354,2016-07-01,Livre IV : CONFORMITÉ ET SÉCURITÉ DES PRODUITS ET SERVICES,Ordonnance n°2016-301 du 14 mars 2016,ORDONNANCE,L115-27,LOI n°2008-776 du 4 août 2008,LOI,JORFDOLE000018730653,13,1
L433-4,LEGIARTI000032225352,2016-07-01,Livre IV : CONFORMITÉ ET SÉCURITÉ DES PRODUITS ET SERVICES,Ordonnance n°2016-301 du 14 mars 2016,ORDONNANCE,L115-28,LOI n°2008-776 du 4 août 2008,LOI,JORFDOLE000018730653,13,1
L433-5,LEGIARTI000032225350,2016-07-01,Livre IV : CONFORMITÉ ET SÉCURITÉ DES PRODUITS ET SERVICES,Ordonnance n°2016-301 du 14 mars 2016,ORDONNANCE,L115-28,LOI n°2008-776 du 4 août 2008,LOI,JORFDOLE000018730653,13,1
L433-6,LEGIARTI000032225348,2016-07-01,Livre IV : CONFORMITÉ ET SÉCURITÉ DES PRODUITS ET SERVICES,Ordonnance n°2016-301 du 14 mars 2016,ORDONNANCE,L115-28,LOI n°2008-776 du 4 août 2008,LOI,JORFDOLE000018730653,13,1
L433-7,LEGIARTI000039382271,2019-12-15,Livre IV : CONFORMITÉ ET SÉCURITÉ DES PRODUITS ET SERVICES,Ordonnance n°2019-1169 du 13 novembre 2019,ORDONNANCE,L115-28,LOI n°2008-776 du 4 août 2008,LOI,JORFDOLE000018730653,13,1
L433-8,LEGIARTI000039382265,2019-12-15,Livre IV : CONFORMITÉ ET SÉCURITÉ DES PRODUITS ET SERVICES,Ordonnance n°2019-1169 du 13 novembre 2019,ORDONNANCE,L115-29,LOI n°2008-776 du 4 août 2008,LOI,JORFDOLE000018730653,13,1
L433-9,LEGIARTI000032225340,2016-07-01,Livre IV : CONFORMITÉ ET SÉCURITÉ DES PRODUITS ET SERVICES,Ordonnance n°2016-301 du 14 mars 2016,ORDONNANCE,L115-30,LOI n°2014-344 du 17 mars 2014,LOI,JORFDOLE000027383756,14,1
L441-1,LEGIARTI000032225327,2016-07-01,Livre IV : CONFORMITÉ ET SÉCURITÉ DES PRODUITS ET SERVICES,Ordonnance n°2016-301 du 14 mars 2016,ORDONNANCE,L213-1,LOI n°2014-344 du 17 mars 2014,LOI,JORFDOLE000027383756,14,1
L441-2,LEGIARTI000044330817,2021-11-17,Livre IV : CONFORMITÉ ET SÉCURITÉ DES PRODUITS ET SERVICES,LOI n°2021-1485 du 15 novembre 2021,LOI,L213-4-1,LOI n°2015-992 du 17 août 2015,LOI,JORFDOLE000029310724,14,1
L441-3,LEGIARTI000044330822,2021-11-17,Livre IV : CONFORMITÉ ET SÉCURITÉ DES PRODUITS ET SERVICES,LOI n°2021-1485 du 15 novembre 2021,LOI,,LOI n°2021-1485 du 15 novembre 2021,LOI,JORFDOLE000042956321,15,1
L441-4,LEGIARTI000044330859,2021-11-17,Livre IV : CONFORMITÉ ET SÉCURITÉ DES PRODUITS ET SERVICES,LOI n°2021-1485 du 15 novembre 2021,LOI,,LOI n°2021-1485 du 15 novembre 2021,LOI,JORFDOLE000042956321,15,1
L441-5,LEGIARTI000041556410,2020-02-12,Livre IV : CONFORMITÉ ET SÉCURITÉ DES PRODUITS ET SERVICES,LOI n°2020-105 du 10 février 2020,LOI,,LOI n°2020-105 du 10 février 2020,LOI,JORFDOLE000038746653,15,1
L441-6,LEGIARTI000044564969,2022-01-01,Livre IV : CONFORMITÉ ET SÉCURITÉ DES PRODUITS ET SERVICES,LOI n°2021-1755 du 23 décembre 2021,LOI,,LOI n°2021-1755 du 23 décembre 2021,LOI,JORFDOLE000044288828,15,1
L451-1,LEGIARTI000034072925,2017-02-22,Livre IV : CONFORMITÉ ET SÉCURITÉ DES PRODUITS ET SERVICES,LOI n°2017-203 du 21 février 2017,LOI,L213-3,LOI n°2015-990 du 6 août 2015,LOI,JORFDOLE000029883713,14,1
L451-1-1,LEGIARTI000034072283,2017-02-23,Livre IV : CONFORMITÉ ET SÉCURITÉ DES PRODUITS ET SERVICES,LOI n°2017-203 du 21 février 2017,LOI,L451-1,Ordonnance n°2016-301 du 14 mars 2016,ORDONNANCE,JORFDOLE000032223954,14,0
L451-10,LEGIARTI000032225295,2016-07-01,Livre IV : CONFORMITÉ ET SÉCURITÉ DES PRODUITS ET SERVICES,Ordonnance n°2016-301 du 14 mars 2016,ORDONNANCE,L217-1,Loi 93-949 1993-07-26 annexe JORF 27 juillet 1993,LOI,,,0
L451-11,LEGIARTI000032225293,2016-07-01,Livre IV : CONFORMITÉ ET SÉCURITÉ DES PRODUITS ET SERVICES,Ordonnance n°2016-301 du 14 mars 2016,ORDONNANCE,L217-2,Loi n°2003-239 du 18 mars 2003,LOI,JORFDOLE000017760408,12,0
L451-12,LEGIARTI000032225291,2016-07-01,Livre IV : CONFORMITÉ ET SÉCURITÉ DES PRODUITS ET SERVICES,Ordonnance n°2016-301 du 14 mars 2016,ORDONNANCE,L217-3,Loi 93-949 1993-07-26 annexe JORF 27 juillet 1993,LOI,,,0
L451-13,LEGIARTI000032225289,2016-07-01,Livre IV : CONFORMITÉ ET SÉCURITÉ DES PRODUITS ET SERVICES,Ordonnance n°2016-301 du 14 mars 2016,ORDONNANCE,L217-6,Loi 93-949 1993-07-26 annexe JORF 27 juillet 1993,LOI,,,0
L451-14,LEGIARTI000032225287,2016-07-01,Livre IV : CONFORMITÉ ET SÉCURITÉ DES PRODUITS ET SERVICES,Ordonnance n°2016-301 du 14 mars 2016,ORDONNANCE,L217-7,Loi 93-949 1993-07-26 annexe JORF 27 juillet 1993,LOI,,,0
L451-15,LEGIARTI000032225285,2016-07-01,Livre IV : CONFORMITÉ ET SÉCURITÉ DES PRODUITS ET SERVICES,Ordonnance n°2016-301 du 14 mars 2016,ORDONNANCE,L217-12,LOI n°2014-344 du 17 mars 2014,LOI,JORFDOLE000027383756,14,1
L451-16,LEGIARTI000032225283,2016-07-01,Livre IV : CONFORMITÉ ET SÉCURITÉ DES PRODUITS ET SERVICES,Ordonnance n°2016-301 du 14 mars 2016,ORDONNANCE,L217-4,Loi 93-949 1993-07-26 annexe JORF 27 juillet 1993,LOI,,,0
L451-17,LEGIARTI000032225279,2016-07-01,Livre IV : CONFORMITÉ ET SÉCURITÉ DES PRODUITS ET SERVICES,Ordonnance n°2016-301 du 14 mars 2016,ORDONNANCE,L218-7,LOI n°2014-344 du 17 mars 2014,LOI,JORFDOLE000027383756,14,1
L451-2,LEGIARTI000032225315,2016-07-01,Livre IV : CONFORMITÉ ET SÉCURITÉ DES PRODUITS ET SERVICES,Ordonnance n°2016-301 du 14 mars 2016,ORDONNANCE,L213-3,LOI n°2015-990 du 6 août 2015,LOI,JORFDOLE000029883713,14,1
L451-3,LEGIARTI000032225313,2016-07-01,Livre IV : CONFORMITÉ ET SÉCURITÉ DES PRODUITS ET SERVICES,Ordonnance n°2016-301 du 14 mars 2016,ORDONNANCE,L213-4,LOI n°2014-344 du 17 mars 2014,LOI,JORFDOLE000027383756,14,1
L451-4,LEGIARTI000032225311,2016-07-01,Livre IV : CONFORMITÉ ET SÉCURITÉ DES PRODUITS ET SERVICES,Ordonnance n°2016-301 du 14 mars 2016,ORDONNANCE,L213-4,LOI n°2014-344 du 17 mars 2014,LOI,JORFDOLE000027383756,14,1
L451-5,LEGIARTI000032225309,2016-07-01,Livre IV : CONFORMITÉ ET SÉCURITÉ DES PRODUITS ET SERVICES,Ordonnance n°2016-301 du 14 mars 2016,ORDONNANCE,L213-3,LOI n°2015-990 du 6 août 2015,LOI,JORFDOLE000029883713,14,1
L451-6,LEGIARTI000032225307,2016-07-01,Livre IV : CONFORMITÉ ET SÉCURITÉ DES PRODUITS ET SERVICES,Ordonnance n°2016-301 du 14 mars 2016,ORDONNANCE,L213-6,LOI n°2009-526 du 12 mai 2009,LOI,JORFDOLE000019648575,13,1
L451-7,LEGIARTI000032225305,2016-07-01,Livre IV : CONFORMITÉ ET SÉCURITÉ DES PRODUITS ET SERVICES,Ordonnance n°2016-301 du 14 mars 2016,ORDONNANCE,L216-3,Ordonnance n°2000-916 du 19 septembre 2000,ORDONNANCE,JORFDOLE000037320052,11,0
L451-8,LEGIARTI000032225301,2016-07-01,Livre IV : CONFORMITÉ ET SÉCURITÉ DES PRODUITS ET SERVICES,Ordonnance n°2016-301 du 14 mars 2016,ORDONNANCE,L121-7,LOI n°2008-3 du 3 janvier 2008,LOI,JORFDOLE000017841208,13,1
L451-9,LEGIARTI000032225297,2016-07-01,Livre IV : CONFORMITÉ ET SÉCURITÉ DES PRODUITS ET SERVICES,Ordonnance n°2016-301 du 14 mars 2016,ORDONNANCE,L217-1,Loi 93-949 1993-07-26 annexe JORF 27 juillet 1993,LOI,,,0
L452-1,LEGIARTI000032225275,2016-07-01,Livre IV : CONFORMITÉ ET SÉCURITÉ DES PRODUITS ET SERVICES,Ordonnance n°2016-301 du 14 mars 2016,ORDONNANCE,L213-2-1,LOI n°2014-344 du 17 mars 2014,LOI,JORFDOLE000027383756,14,1
L452-2,LEGIARTI000032225273,2016-07-01,Livre IV : CONFORMITÉ ET SÉCURITÉ DES PRODUITS ET SERVICES,Ordonnance n°2016-301 du 14 mars 2016,ORDONNANCE,L213-6,LOI n°2009-526 du 12 mai 2009,LOI,JORFDOLE000019648575,13,1
L452-3,LEGIARTI000032225271,2016-07-01,Livre IV : CONFORMITÉ ET SÉCURITÉ DES PRODUITS ET SERVICES,Ordonnance n°2016-301 du 14 mars 2016,ORDONNANCE,L216-8,LOI n°2014-344 du 17 mars 2014,LOI,JORFDOLE000027383756,14,1
L452-4,LEGIARTI000032225269,2016-07-01,Livre IV : CONFORMITÉ ET SÉCURITÉ DES PRODUITS ET SERVICES,Ordonnance n°2016-301 du 14 mars 2016,ORDONNANCE,L121-7,LOI n°2008-3 du 3 janvier 2008,LOI,JORFDOLE000017841208,13,1
L452-5,LEGIARTI000037556798,2018-11-02,Livre IV : CONFORMITÉ ET SÉCURITÉ DES PRODUITS ET SERVICES,LOI n°2018-938 du 30 octobre 2018,LOI,L217-11,LOI n°2014-344 du 17 mars 2014,LOI,JORFDOLE000027383756,14,1
L452-5-1,LEGIARTI000049456716,2024-12-13,Livre IV : CONFORMITÉ ET SÉCURITÉ DES PRODUITS ET SERVICES,LOI n°2024-364 du 22 avril 2024,LOI,,LOI n°2024-364 du 22 avril 2024,LOI,JORFDOLE000048399123,16,1
L452-6,LEGIARTI000049464105,2024-12-13,Livre IV : CONFORMITÉ ET SÉCURITÉ DES PRODUITS ET SERVICES,LOI n°2024-364 du 22 avril 2024,LOI,L217-12,LOI n°2014-344 du 17 mars 2014,LOI,JORFDOLE000027383756,14,1
L452-7,LEGIARTI000049464102,2024-12-13,Livre IV : CONFORMITÉ ET SÉCURITÉ DES PRODUITS ET SERVICES,LOI n°2024-364 du 22 avril 2024,LOI,,LOI n°2024-364 du 22 avril 2024,LOI,JORFDOLE000048399123,16,1
L453-1,LEGIARTI000032225261,2016-07-01,Livre IV : CONFORMITÉ ET SÉCURITÉ DES PRODUITS ET SERVICES,Ordonnance n°2016-301 du 14 mars 2016,ORDONNANCE,L115-16,LOI n°2014-344 du 17 mars 2014,LOI,JORFDOLE000027383756,14,1
L453-10,LEGIARTI000032225242,2016-07-01,Livre IV : CONFORMITÉ ET SÉCURITÉ DES PRODUITS ET SERVICES,Ordonnance n°2016-301 du 14 mars 2016,ORDONNANCE,L115-16,LOI n°2014-344 du 17 mars 2014,LOI,JORFDOLE000027383756,14,1
L453-2,LEGIARTI000032225259,2016-07-01,Livre IV : CONFORMITÉ ET SÉCURITÉ DES PRODUITS ET SERVICES,Ordonnance n°2016-301 du 14 mars 2016,ORDONNANCE,L115-18,Ordonnance n°2010-462 du 6 mai 2010,ORDONNANCE,JORFDOLE000022204472,13,0
L453-3,LEGIARTI000032225257,2016-07-01,Livre IV : CONFORMITÉ ET SÉCURITÉ DES PRODUITS ET SERVICES,Ordonnance n°2016-301 du 14 mars 2016,ORDONNANCE,L115-18,Ordonnance n°2010-462 du 6 mai 2010,ORDONNANCE,JORFDOLE000022204472,13,0
L453-4,LEGIARTI000032225255,2016-07-01,Livre IV : CONFORMITÉ ET SÉCURITÉ DES PRODUITS ET SERVICES,Ordonnance n°2016-301 du 14 mars 2016,ORDONNANCE,L115-20,LOI n°2014-344 du 17 mars 2014,LOI,JORFDOLE000027383756,14,1
L453-5,LEGIARTI000032225253,2016-07-01,Livre IV : CONFORMITÉ ET SÉCURITÉ DES PRODUITS ET SERVICES,Ordonnance n°2016-301 du 14 mars 2016,ORDONNANCE,L115-22,LOI n°2014-344 du 17 mars 2014,LOI,JORFDOLE000027383756,14,1
L453-6,LEGIARTI000032225251,2016-07-01,Livre IV : CONFORMITÉ ET SÉCURITÉ DES PRODUITS ET SERVICES,Ordonnance n°2016-301 du 14 mars 2016,ORDONNANCE,L115-24,LOI n°2014-344 du 17 mars 2014,LOI,JORFDOLE000027383756,14,1
L453-7,LEGIARTI000032225249,2016-07-01,Livre IV : CONFORMITÉ ET SÉCURITÉ DES PRODUITS ET SERVICES,Ordonnance n°2016-301 du 14 mars 2016,ORDONNANCE,L115-26,LOI n°2014-344 du 17 mars 2014,LOI,JORFDOLE000027383756,14,1
L453-8,LEGIARTI000032225247,2016-07-01,Livre IV : CONFORMITÉ ET SÉCURITÉ DES PRODUITS ET SERVICES,Ordonnance n°2016-301 du 14 mars 2016,ORDONNANCE,L115-30,LOI n°2014-344 du 17 mars 2014,LOI,JORFDOLE000027383756,14,1
L453-9,LEGIARTI000032225244,2016-07-01,Livre IV : CONFORMITÉ ET SÉCURITÉ DES PRODUITS ET SERVICES,Ordonnance n°2016-301 du 14 mars 2016,ORDONNANCE,L115-16,LOI n°2014-344 du 17 mars 2014,LOI,JORFDOLE000027383756,14,1
L454-1,LEGIARTI000046194274,2022-08-18,Livre IV : CONFORMITÉ ET SÉCURITÉ DES PRODUITS ET SERVICES,LOI n°2022-1158 du 16 août 2022,LOI,L213-1,LOI n°2014-344 du 17 mars 2014,LOI,JORFDOLE000027383756,14,1
L454-2,LEGIARTI000032225236,2016-07-01,Livre IV : CONFORMITÉ ET SÉCURITÉ DES PRODUITS ET SERVICES,Ordonnance n°2016-301 du 14 mars 2016,ORDONNANCE,L213-2,LOI n°2015-990 du 6 août 2015,LOI,JORFDOLE000029883713,14,1
L454-3,LEGIARTI000034072929,2017-02-23,Livre IV : CONFORMITÉ ET SÉCURITÉ DES PRODUITS ET SERVICES,LOI n°2017-203 du 21 février 2017,LOI,L213-2,LOI n°2015-990 du 6 août 2015,LOI,JORFDOLE000029883713,14,1
L454-4,LEGIARTI000032225232,2016-07-01,Livre IV : CONFORMITÉ ET SÉCURITÉ DES PRODUITS ET SERVICES,Ordonnance n°2016-301 du 14 mars 2016,ORDONNANCE,L213-2,LOI n°2015-990 du 6 août 2015,LOI,JORFDOLE000029883713,14,1
L454-5,LEGIARTI000032225230,2016-07-01,Livre IV : CONFORMITÉ ET SÉCURITÉ DES PRODUITS ET SERVICES,Ordonnance n°2016-301 du 14 mars 2016,ORDONNANCE,L213-6,LOI n°2009-526 du 12 mai 2009,LOI,JORFDOLE000019648575,13,1
L454-6,LEGIARTI000041598833,2020-02-12,Livre IV : CONFORMITÉ ET SÉCURITÉ DES PRODUITS ET SERVICES,LOI n°2020-105 du 10 février 2020,LOI,,LOI n°2020-105 du 10 février 2020,LOI,JORFDOLE000038746653,15,1
L454-7,LEGIARTI000032225226,2016-07-01,Livre IV : CONFORMITÉ ET SÉCURITÉ DES PRODUITS ET SERVICES,Ordonnance n°2016-301 du 14 mars 2016,ORDONNANCE,L216-3,Ordonnance n°2000-916 du 19 septembre 2000,ORDONNANCE,JORFDOLE000037320052,11,0
L455-1,LEGIARTI000032225222,2016-07-01,Livre IV : CONFORMITÉ ET SÉCURITÉ DES PRODUITS ET SERVICES,Ordonnance n°2016-301 du 14 mars 2016,ORDONNANCE,L216-7,Ordonnance 2004-670 2004-07-09 art. 6 4° JORF 10 juillet 2004,ORDONNANCE,JORFDOLE000017761046,12,0
L455-2,LEGIARTI000045405689,2022-03-25,Livre IV : CONFORMITÉ ET SÉCURITÉ DES PRODUITS ET SERVICES,Ordonnance n°2022-414 du 23 mars 2022,ORDONNANCE,L213-5,ORDONNANCE n°2015-615 du 4 juin 2015,ORDONNANCE,JORFDOLE000030677206,14,0
L461-1,LEGIARTI000034131331,2017-07-01,Livre IV : CONFORMITÉ ET SÉCURITÉ DES PRODUITS ET SERVICES,Ordonnance n°2017-269 du 2 mars 2017,ORDONNANCE,,Ordonnance n°2017-269 du 2 mars 2017,ORDONNANCE,JORFDOLE000034131633,14,0
L462-1,LEGIARTI000034131325,2017-07-01,Livre IV : CONFORMITÉ ET SÉCURITÉ DES PRODUITS ET SERVICES,Ordonnance n°2017-269 du 2 mars 2017,ORDONNANCE,,Ordonnance n°2017-269 du 2 mars 2017,ORDONNANCE,JORFDOLE000034131633,14,0
L462-2,LEGIARTI000034130635,2017-07-01,Livre IV : CONFORMITÉ ET SÉCURITÉ DES PRODUITS ET SERVICES,Ordonnance n°2017-269 du 2 mars 2017,ORDONNANCE,,Ordonnance n°2017-269 du 2 mars 2017,ORDONNANCE,JORFDOLE000034131633,14,0
L463-1,LEGIARTI000045456411,2022-04-01,Livre IV : CONFORMITÉ ET SÉCURITÉ DES PRODUITS ET SERVICES,Ordonnance n°2022-456 du 30 mars 2022,ORDONNANCE,,Ordonnance n°2022-456 du 30 mars 2022,ORDONNANCE,JORFDOLE000045446720,15,0
L511-1,LEGIARTI000032225208,2016-07-01,Livre V : POUVOIRS D'ENQUÊTE ET SUITES DONNÉES AUX CONTRÔLES,Ordonnance n°2016-301 du 14 mars 2016,ORDONNANCE,,Ordonnance n°2016-301 du 14 mars 2016,ORDONNANCE,JORFDOLE000032223954,14,0
L511-10,LEGIARTI000042012864,2020-06-19,Livre V : POUVOIRS D'ENQUÊTE ET SUITES DONNÉES AUX CONTRÔLES,LOI n°2020-734 du 17 juin 2020,LOI,L141-1,LOI n°2016-41 du 26 janvier 2016,LOI,JORFDOLE000029589477,14,1
L511-11,LEGIARTI000051830394,2025-07-02,Livre V : POUVOIRS D'ENQUÊTE ET SUITES DONNÉES AUX CONTRÔLES,LOI n°2025-594 du 30 juin 2025,LOI,L115-31,LOI n°2011-525 du 17 mai 2011,LOI,JORFDOLE000021369332,13,1
L511-12,LEGIARTI000042623564,2020-12-05,Livre V : POUVOIRS D'ENQUÊTE ET SUITES DONNÉES AUX CONTRÔLES,LOI n°2020-1508 du 3 décembre 2020,LOI,L215-2,Ordonnance n°2010-462 du 6 mai 2010,ORDONNANCE,JORFDOLE000022204472,13,0
L511-13,LEGIARTI000039785390,2019-12-27,Livre V : POUVOIRS D'ENQUÊTE ET SUITES DONNÉES AUX CONTRÔLES,LOI n°2019-1428 du 24 décembre 2019,LOI,L115-26-1,Ordonnance n°2010-462 du 6 mai 2010,ORDONNANCE,JORFDOLE000022204472,13,0
L511-14,LEGIARTI000032225171,2016-07-01,Livre V : POUVOIRS D'ENQUÊTE ET SUITES DONNÉES AUX CONTRÔLES,Ordonnance n°2016-301 du 14 mars 2016,ORDONNANCE,L218-1,LOI n°2014-344 du 17 mars 2014,LOI,JORFDOLE000027383756,14,1
L511-15,LEGIARTI000032225169,2016-07-01,Livre V : POUVOIRS D'ENQUÊTE ET SUITES DONNÉES AUX CONTRÔLES,Ordonnance n°2016-301 du 14 mars 2016,ORDONNANCE,L215-3,LOI n°2014-344 du 17 mars 2014,LOI,JORFDOLE000027383756,14,1
L511-16,LEGIARTI000037557005,2018-11-02,Livre V : POUVOIRS D'ENQUÊTE ET SUITES DONNÉES AUX CONTRÔLES,LOI n°2018-938 du 30 octobre 2018,LOI,L218-1-2,LOI n°2014-344 du 17 mars 2014,LOI,JORFDOLE000027383756,14,1
L511-17,LEGIARTI000034072982,2017-02-23,Livre V : POUVOIRS D'ENQUÊTE ET SUITES DONNÉES AUX CONTRÔLES,LOI n°2017-203 du 21 février 2017,LOI,L218-1-4,LOI n°2014-344 du 17 mars 2014,LOI,JORFDOLE000027383756,14,1
L511-18,LEGIARTI000032225161,2016-07-01,Livre V : POUVOIRS D'ENQUÊTE ET SUITES DONNÉES AUX CONTRÔLES,Ordonnance n°2016-301 du 14 mars 2016,ORDONNANCE,L218-1-2,LOI n°2014-344 du 17 mars 2014,LOI,JORFDOLE000027383756,14,1
L511-19,LEGIARTI000032225159,2016-07-01,Livre V : POUVOIRS D'ENQUÊTE ET SUITES DONNÉES AUX CONTRÔLES,Ordonnance n°2016-301 du 14 mars 2016,ORDONNANCE,L218-1-2,LOI n°2014-344 du 17 mars 2014,LOI,JORFDOLE000027383756,14,1
L511-2,LEGIARTI000032225206,2016-07-01,Livre V : POUVOIRS D'ENQUÊTE ET SUITES DONNÉES AUX CONTRÔLES,Ordonnance n°2016-301 du 14 mars 2016,ORDONNANCE,L141-1,LOI n°2016-41 du 26 janvier 2016,LOI,JORFDOLE000029589477,14,1
L511-2-1,LEGIARTI000042630115,2020-12-09,Livre V : POUVOIRS D'ENQUÊTE ET SUITES DONNÉES AUX CONTRÔLES,LOI n°2020-1525 du 7 décembre 2020,LOI,,LOI n°2020-1525 du 7 décembre 2020,LOI,JORFDOLE000041534356,15,1
L511-20,LEGIARTI000032225154,2016-07-01,Livre V : POUVOIRS D'ENQUÊTE ET SUITES DONNÉES AUX CONTRÔLES,Ordonnance n°2016-301 du 14 mars 2016,ORDONNANCE,L121-2,LOI n°2014-856 du 31 juillet 2014,LOI,JORFDOLE000027750379,14,1
L511-21,LEGIARTI000032225150,2016-07-01,Livre V : POUVOIRS D'ENQUÊTE ET SUITES DONNÉES AUX CONTRÔLES,Ordonnance n°2016-301 du 14 mars 2016,ORDONNANCE,L141-1,LOI n°2016-41 du 26 janvier 2016,LOI,JORFDOLE000029589477,14,1
L511-22,LEGIARTI000041985451,2020-06-12,Livre V : POUVOIRS D'ENQUÊTE ET SUITES DONNÉES AUX CONTRÔLES,Ordonnance n°2020-701 du 10 juin 2020,ORDONNANCE,L115-31,LOI n°2011-525 du 17 mai 2011,LOI,JORFDOLE000021369332,13,1
L511-23,LEGIARTI000034072975,2017-02-23,Livre V : POUVOIRS D'ENQUÊTE ET SUITES DONNÉES AUX CONTRÔLES,LOI n°2017-203 du 21 février 2017,LOI,L115-31,LOI n°2011-525 du 17 mai 2011,LOI,JORFDOLE000021369332,13,1
L511-24,LEGIARTI000032225144,2016-07-01,Livre V : POUVOIRS D'ENQUÊTE ET SUITES DONNÉES AUX CONTRÔLES,Ordonnance n°2016-301 du 14 mars 2016,ORDONNANCE,L218-1-2,LOI n°2014-344 du 17 mars 2014,LOI,JORFDOLE000027383756,14,1
L511-25,LEGIARTI000032225142,2016-07-01,Livre V : POUVOIRS D'ENQUÊTE ET SUITES DONNÉES AUX CONTRÔLES,Ordonnance n°2016-301 du 14 mars 2016,ORDONNANCE,L218-1-3,LOI n°2014-344 du 17 mars 2014,LOI,JORFDOLE000027383756,14,1
L511-25-1,LEGIARTI000047284925,2023-03-11,Livre V : POUVOIRS D'ENQUÊTE ET SUITES DONNÉES AUX CONTRÔLES,LOI n°2023-171 du 9 mars 2023,LOI,,LOI n°2023-171 du 9 mars 2023,LOI,JORFDOLE000046590737,16,1
L511-26,LEGIARTI000032225140,2016-07-01,Livre V : POUVOIRS D'ENQUÊTE ET SUITES DONNÉES AUX CONTRÔLES,Ordonnance n°2016-301 du 14 mars 2016,ORDONNANCE,L215-1-2,LOI n°2014-344 du 17 mars 2014,LOI,JORFDOLE000027383756,14,1
L511-3,LEGIARTI000032225197,2016-07-01,Livre V : POUVOIRS D'ENQUÊTE ET SUITES DONNÉES AUX CONTRÔLES,Ordonnance n°2016-301 du 14 mars 2016,ORDONNANCE,L141-1,LOI n°2016-41 du 26 janvier 2016,LOI,JORFDOLE000029589477,14,1
L511-4,LEGIARTI000034073034,2017-02-23,Livre V : POUVOIRS D'ENQUÊTE ET SUITES DONNÉES AUX CONTRÔLES,LOI n°2017-203 du 21 février 2017,LOI,L141-1,LOI n°2016-41 du 26 janvier 2016,LOI,JORFDOLE000029589477,14,1
L511-5,LEGIARTI000051830296,2025-07-02,Livre V : POUVOIRS D'ENQUÊTE ET SUITES DONNÉES AUX CONTRÔLES,LOI n°2025-594 du 30 juin 2025,LOI,,LOI n°2025-594 du 30 juin 2025,LOI,JORFDOLE000051045642,17,1
L511-6,LEGIARTI000051831248,2025-07-02,Livre V : POUVOIRS D'ENQUÊTE ET SUITES DONNÉES AUX CONTRÔLES,LOI n°2025-594 du 30 juin 2025,LOI,L141-1,LOI n°2016-41 du 26 janvier 2016,LOI,JORFDOLE000029589477,14,1
L511-7,LEGIARTI000051558799,2025-05-03,Livre V : POUVOIRS D'ENQUÊTE ET SUITES DONNÉES AUX CONTRÔLES,LOI n°2025-391 du 30 avril 2025,LOI,L141-1,LOI n°2016-41 du 26 janvier 2016,LOI,JORFDOLE000029589477,14,1
L511-7-1,LEGIARTI000049567002,2024-02-17,Livre V : POUVOIRS D'ENQUÊTE ET SUITES DONNÉES AUX CONTRÔLES,LOI n°2024-449 du 21 mai 2024,LOI,,LOI n°2024-449 du 21 mai 2024,LOI,JORFDOLE000047533100,16,1
L511-8,LEGIARTI000032225185,2016-07-01,Livre V : POUVOIRS D'ENQUÊTE ET SUITES DONNÉES AUX CONTRÔLES,Ordonnance n°2016-301 du 14 mars 2016,ORDONNANCE,L141-1,LOI n°2016-41 du 26 janvier 2016,LOI,JORFDOLE000029589477,14,1
L511-9,LEGIARTI000037825214,2019-06-01,Livre V : POUVOIRS D'ENQUÊTE ET SUITES DONNÉES AUX CONTRÔLES,Ordonnance n°2018-1125 du 12 décembre 2018,ORDONNANCE,L141-1,LOI n°2016-41 du 26 janvier 2016,LOI,JORFDOLE000029589477,14,1
L512-1,LEGIARTI000032225134,2016-07-01,Livre V : POUVOIRS D'ENQUÊTE ET SUITES DONNÉES AUX CONTRÔLES,Ordonnance n°2016-301 du 14 mars 2016,ORDONNANCE,,Ordonnance n°2016-301 du 14 mars 2016,ORDONNANCE,JORFDOLE000032223954,14,0
L512-10,LEGIARTI000038412363,2019-04-26,Livre V : POUVOIRS D'ENQUÊTE ET SUITES DONNÉES AUX CONTRÔLES,Ordonnance n°2019-363 du 24 avril 2019,ORDONNANCE,L141-1,LOI n°2016-41 du 26 janvier 2016,LOI,JORFDOLE000029589477,14,1
L512-11,LEGIARTI000051830429,2025-07-02,Livre V : POUVOIRS D'ENQUÊTE ET SUITES DONNÉES AUX CONTRÔLES,LOI n°2025-594 du 30 juin 2025,LOI,L141-1,LOI n°2016-41 du 26 janvier 2016,LOI,JORFDOLE000029589477,14,1
L512-12,LEGIARTI000032225105,2016-07-01,Livre V : POUVOIRS D'ENQUÊTE ET SUITES DONNÉES AUX CONTRÔLES,Ordonnance n°2016-301 du 14 mars 2016,ORDONNANCE,R215-2,DÉCRET n°2014-1109 du 30 septembre 2014,DECRET,,,0
L512-13,LEGIARTI000032225103,2016-07-01,Livre V : POUVOIRS D'ENQUÊTE ET SUITES DONNÉES AUX CONTRÔLES,Ordonnance n°2016-301 du 14 mars 2016,ORDONNANCE,L141-1,LOI n°2016-41 du 26 janvier 2016,LOI,JORFDOLE000029589477,14,1
L512-14,LEGIARTI000032225101,2016-07-01,Livre V : POUVOIRS D'ENQUÊTE ET SUITES DONNÉES AUX CONTRÔLES,Ordonnance n°2016-301 du 14 mars 2016,ORDONNANCE,L141-1,LOI n°2016-41 du 26 janvier 2016,LOI,JORFDOLE000029589477,14,1
L512-15,LEGIARTI000032225099,2016-07-01,Livre V : POUVOIRS D'ENQUÊTE ET SUITES DONNÉES AUX CONTRÔLES,Ordonnance n°2016-301 du 14 mars 2016,ORDONNANCE,L121-12,Ordonnance n°2016-301 du 14 mars 2016,ORDONNANCE,JORFDOLE000032223954,14,0
L512-16,LEGIARTI000051830424,2025-07-02,Livre V : POUVOIRS D'ENQUÊTE ET SUITES DONNÉES AUX CONTRÔLES,LOI n°2025-594 du 30 juin 2025,LOI,L141-1,LOI n°2016-41 du 26 janvier 2016,LOI,JORFDOLE000029589477,14,1
L512-17,LEGIARTI000032225091,2016-07-01,Livre V : POUVOIRS D'ENQUÊTE ET SUITES DONNÉES AUX CONTRÔLES,Ordonnance n°2016-301 du 14 mars 2016,ORDONNANCE,L141-1,LOI n°2016-41 du 26 janvier 2016,LOI,JORFDOLE000029589477,14,1
L512-18,LEGIARTI000042012859,2020-06-19,Livre V : POUVOIRS D'ENQUÊTE ET SUITES DONNÉES AUX CONTRÔLES,LOI n°2020-734 du 17 juin 2020,LOI,L141-3,LOI n°2011-525 du 17 mai 2011,LOI,JORFDOLE000021369332,13,1
L512-19,LEGIARTI000032225085,2016-07-01,Livre V : POUVOIRS D'ENQUÊTE ET SUITES DONNÉES AUX CONTRÔLES,Ordonnance n°2016-301 du 14 mars 2016,ORDONNANCE,L141-3,LOI n°2011-525 du 17 mai 2011,LOI,JORFDOLE000021369332,13,1
L512-2,LEGIARTI000032225132,2016-07-01,Livre V : POUVOIRS D'ENQUÊTE ET SUITES DONNÉES AUX CONTRÔLES,Ordonnance n°2016-301 du 14 mars 2016,ORDONNANCE,L141-1,LOI n°2016-41 du 26 janvier 2016,LOI,JORFDOLE000029589477,14,1
L512-2-1,LEGIARTI000051829071,2025-07-02,Livre V : POUVOIRS D'ENQUÊTE ET SUITES DONNÉES AUX CONTRÔLES,LOI n°2025-594 du 30 juin 2025,LOI,,LOI n°2025-594 du 30 juin 2025,LOI,JORFDOLE000051045642,17,1
L512-20,LEGIARTI000049572206,2025-01-01,Livre V : POUVOIRS D'ENQUÊTE ET SUITES DONNÉES AUX CONTRÔLES,LOI n°2024-450 du 21 mai 2024,LOI,L215-3-1,LOI n°2014-344 du 17 mars 2014,LOI,JORFDOLE000027383756,14,1
L512-20-1,LEGIARTI000051829644,2025-07-02,Livre V : POUVOIRS D'ENQUÊTE ET SUITES DONNÉES AUX CONTRÔLES,LOI n°2025-594 du 30 juin 2025,LOI,,LOI n°2025-594 du 30 juin 2025,LOI,JORFDOLE000051045642,17,1
L512-20-2,LEGIARTI000051829649,2025-07-02,Livre V : POUVOIRS D'ENQUÊTE ET SUITES DONNÉES AUX CONTRÔLES,LOI n°2025-594 du 30 juin 2025,LOI,,LOI n°2025-594 du 30 juin 2025,LOI,JORFDOLE000051045642,17,1
L512-20-3,LEGIARTI000051829651,2025-07-02,Livre V : POUVOIRS D'ENQUÊTE ET SUITES DONNÉES AUX CONTRÔLES,LOI n°2025-594 du 30 juin 2025,LOI,,LOI n°2025-594 du 30 juin 2025,LOI,JORFDOLE000051045642,17,1
L512-21,LEGIARTI000032225081,2016-07-01,Livre V : POUVOIRS D'ENQUÊTE ET SUITES DONNÉES AUX CONTRÔLES,Ordonnance n°2016-301 du 14 mars 2016,ORDONNANCE,L215-3-2,LOI n°2011-525 du 17 mai 2011,LOI,JORFDOLE000021369332,13,1
L512-22,LEGIARTI000032225078,2016-07-01,Livre V : POUVOIRS D'ENQUÊTE ET SUITES DONNÉES AUX CONTRÔLES,Ordonnance n°2016-301 du 14 mars 2016,ORDONNANCE,L216-10,Ordonnance n°2004-670 du 9 juillet 2004,ORDONNANCE,JORFDOLE000017761046,12,0
L512-22-1,LEGIARTI000042616510,2020-12-05,Livre V : POUVOIRS D'ENQUÊTE ET SUITES DONNÉES AUX CONTRÔLES,LOI n°2020-1508 du 3 décembre 2020,LOI,,LOI n°2020-1508 du 3 décembre 2020,LOI,JORFDOLE000041566073,15,1
L512-22-2,LEGIARTI000046190638,2022-08-18,Livre V : POUVOIRS D'ENQUÊTE ET SUITES DONNÉES AUX CONTRÔLES,LOI n°2022-1158 du 16 août 2022,LOI,,LOI n°2022-1158 du 16 août 2022,LOI,JORFDOLE000046027237,16,1
L512-23,LEGIARTI000032225073,2016-07-01,Livre V : POUVOIRS D'ENQUÊTE ET SUITES DONNÉES AUX CONTRÔLES,Ordonnance n°2016-301 du 14 mars 2016,ORDONNANCE,L141-1,LOI n°2016-41 du 26 janvier 2016,LOI,JORFDOLE000029589477,14,1
L512-24,LEGIARTI000032225071,2016-07-01,Livre V : POUVOIRS D'ENQUÊTE ET SUITES DONNÉES AUX CONTRÔLES,Ordonnance n°2016-301 du 14 mars 2016,ORDONNANCE,L215-9,LOI n°2014-344 du 17 mars 2014,LOI,JORFDOLE000027383756,14,1
L512-25,LEGIARTI000032225067,2016-07-01,Livre V : POUVOIRS D'ENQUÊTE ET SUITES DONNÉES AUX CONTRÔLES,Ordonnance n°2016-301 du 14 mars 2016,ORDONNANCE,,Ordonnance n°2016-301 du 14 mars 2016,ORDONNANCE,JORFDOLE000032223954,14,0
L512-26,LEGIARTI000039382259,2019-12-15,Livre V : POUVOIRS D'ENQUÊTE ET SUITES DONNÉES AUX CONTRÔLES,Ordonnance n°2019-1169 du 13 novembre 2019,ORDONNANCE,L215-7,Loi n°2007-1544 du 29 octobre 2007,LOI,JORFDOLE000017758176,13,1
L512-27,LEGIARTI000037557014,2018-11-02,Livre V : POUVOIRS D'ENQUÊTE ET SUITES DONNÉES AUX CONTRÔLES,LOI n°2018-938 du 30 octobre 2018,LOI,L215-7,Loi n°2007-1544 du 29 octobre 2007,LOI,JORFDOLE000017758176,13,1
L512-28,LEGIARTI000037557010,2018-11-02,Livre V : POUVOIRS D'ENQUÊTE ET SUITES DONNÉES AUX CONTRÔLES,LOI n°2018-938 du 30 octobre 2018,LOI,L215-7,Loi n°2007-1544 du 29 octobre 2007,LOI,JORFDOLE000017758176,13,1
L512-29,LEGIARTI000039382255,2019-12-15,Livre V : POUVOIRS D'ENQUÊTE ET SUITES DONNÉES AUX CONTRÔLES,Ordonnance n°2019-1169 du 13 novembre 2019,ORDONNANCE,L215-5,Loi n°2007-1544 du 29 octobre 2007,LOI,JORFDOLE000017758176,13,1
L512-3,LEGIARTI000032225130,2016-07-01,Livre V : POUVOIRS D'ENQUÊTE ET SUITES DONNÉES AUX CONTRÔLES,Ordonnance n°2016-301 du 14 mars 2016,ORDONNANCE,L141-1,LOI n°2016-41 du 26 janvier 2016,LOI,JORFDOLE000029589477,14,1
L512-30,LEGIARTI000032225057,2016-07-01,Livre V : POUVOIRS D'ENQUÊTE ET SUITES DONNÉES AUX CONTRÔLES,Ordonnance n°2016-301 du 14 mars 2016,ORDONNANCE,L215-5,Loi n°2007-1544 du 29 octobre 2007,LOI,JORFDOLE000017758176,13,1
L512-31,LEGIARTI000032225055,2016-07-01,Livre V : POUVOIRS D'ENQUÊTE ET SUITES DONNÉES AUX CONTRÔLES,Ordonnance n°2016-301 du 14 mars 2016,ORDONNANCE,L215-5,Loi n°2007-1544 du 29 octobre 2007,LOI,JORFDOLE000017758176,13,1
L512-32,LEGIARTI000032225053,2016-07-01,Livre V : POUVOIRS D'ENQUÊTE ET SUITES DONNÉES AUX CONTRÔLES,Ordonnance n°2016-301 du 14 mars 2016,ORDONNANCE,L215-5,Loi n°2007-1544 du 29 octobre 2007,LOI,JORFDOLE000017758176,13,1
L512-33,LEGIARTI000032225051,2016-07-01,Livre V : POUVOIRS D'ENQUÊTE ET SUITES DONNÉES AUX CONTRÔLES,Ordonnance n°2016-301 du 14 mars 2016,ORDONNANCE,L215-5,Loi n°2007-1544 du 29 octobre 2007,LOI,JORFDOLE000017758176,13,1
L512-33-1,LEGIARTI000042616130,2020-12-05,Livre V : POUVOIRS D'ENQUÊTE ET SUITES DONNÉES AUX CONTRÔLES,LOI n°2020-1508 du 3 décembre 2020,LOI,,LOI n°2020-1508 du 3 décembre 2020,LOI,JORFDOLE000041566073,15,1
L512-34,LEGIARTI000032225047,2016-07-01,Livre V : POUVOIRS D'ENQUÊTE ET SUITES DONNÉES AUX CONTRÔLES,Ordonnance n°2016-301 du 14 mars 2016,ORDONNANCE,L215-8,Loi 93-949 1993-07-26 annexe JORF 27 juillet 1993,LOI,,,0
L512-35,LEGIARTI000039279970,2020-01-01,Livre V : POUVOIRS D'ENQUÊTE ET SUITES DONNÉES AUX CONTRÔLES,Ordonnance n°2019-964 du 18 septembre 2019,ORDONNANCE,L215-8,Loi 93-949 1993-07-26 annexe JORF 27 juillet 1993,LOI,,,0
L512-36,LEGIARTI000032225043,2016-07-01,Livre V : POUVOIRS D'ENQUÊTE ET SUITES DONNÉES AUX CONTRÔLES,Ordonnance n°2016-301 du 14 mars 2016,ORDONNANCE,L215-8,Loi 93-949 1993-07-26 annexe JORF 27 juillet 1993,LOI,,,0
L512-37,LEGIARTI000032225041,2016-07-01,Livre V : POUVOIRS D'ENQUÊTE ET SUITES DONNÉES AUX CONTRÔLES,Ordonnance n°2016-301 du 14 mars 2016,ORDONNANCE,L215-8,Loi 93-949 1993-07-26 annexe JORF 27 juillet 1993,LOI,,,0
L512-38,LEGIARTI000039279966,2020-01-01,Livre V : POUVOIRS D'ENQUÊTE ET SUITES DONNÉES AUX CONTRÔLES,Ordonnance n°2019-964 du 18 septembre 2019,ORDONNANCE,,Ordonnance n°2019-964 du 18 septembre 2019,ORDONNANCE,JORFDOLE000039114475,15,0
L512-39,LEGIARTI000032225035,2016-07-01,Livre V : POUVOIRS D'ENQUÊTE ET SUITES DONNÉES AUX CONTRÔLES,Ordonnance n°2016-301 du 14 mars 2016,ORDONNANCE,L215-4,Ordonnance n°2004-670 du 9 juillet 2004,ORDONNANCE,JORFDOLE000017761046,12,0
L512-4,LEGIARTI000032225128,2016-07-01,Livre V : POUVOIRS D'ENQUÊTE ET SUITES DONNÉES AUX CONTRÔLES,Ordonnance n°2016-301 du 14 mars 2016,ORDONNANCE,L141-1,LOI n°2016-41 du 26 janvier 2016,LOI,JORFDOLE000029589477,14,1
L512-40,LEGIARTI000032225033,2016-07-01,Livre V : POUVOIRS D'ENQUÊTE ET SUITES DONNÉES AUX CONTRÔLES,Ordonnance n°2016-301 du 14 mars 2016,ORDONNANCE,L215-10,LOI n°2014-344 du 17 mars 2014,LOI,JORFDOLE000027383756,14,1
L512-41,LEGIARTI000032225031,2016-07-01,Livre V : POUVOIRS D'ENQUÊTE ET SUITES DONNÉES AUX CONTRÔLES,Ordonnance n°2016-301 du 14 mars 2016,ORDONNANCE,L215-11,LOI n°2014-344 du 17 mars 2014,LOI,JORFDOLE000027383756,14,1
L512-42,LEGIARTI000032225029,2016-07-01,Livre V : POUVOIRS D'ENQUÊTE ET SUITES DONNÉES AUX CONTRÔLES,Ordonnance n°2016-301 du 14 mars 2016,ORDONNANCE,L215-12,LOI n°2014-344 du 17 mars 2014,LOI,JORFDOLE000027383756,14,1
L512-43,LEGIARTI000032225027,2016-07-01,Livre V : POUVOIRS D'ENQUÊTE ET SUITES DONNÉES AUX CONTRÔLES,Ordonnance n°2016-301 du 14 mars 2016,ORDONNANCE,L215-13,LOI n°2009-526 du 12 mai 2009,LOI,JORFDOLE000019648575,13,1
L512-44,LEGIARTI000032225025,2016-07-01,Livre V : POUVOIRS D'ENQUÊTE ET SUITES DONNÉES AUX CONTRÔLES,Ordonnance n°2016-301 du 14 mars 2016,ORDONNANCE,L215-14,LOI n°2009-526 du 12 mai 2009,LOI,JORFDOLE000019648575,13,1
L512-45,LEGIARTI000032225023,2016-07-01,Livre V : POUVOIRS D'ENQUÊTE ET SUITES DONNÉES AUX CONTRÔLES,Ordonnance n°2016-301 du 14 mars 2016,ORDONNANCE,L215-14,LOI n°2009-526 du 12 mai 2009,LOI,JORFDOLE000019648575,13,1
L512-46,LEGIARTI000032225021,2016-07-01,Livre V : POUVOIRS D'ENQUÊTE ET SUITES DONNÉES AUX CONTRÔLES,Ordonnance n°2016-301 du 14 mars 2016,ORDONNANCE,R215-16,DÉCRET n°2014-1109 du 30 septembre 2014,DECRET,,,0
L512-47,LEGIARTI000032225019,2016-07-01,Livre V : POUVOIRS D'ENQUÊTE ET SUITES DONNÉES AUX CONTRÔLES,Ordonnance n°2016-301 du 14 mars 2016,ORDONNANCE,L215-15,LOI n°2014-344 du 17 mars 2014,LOI,JORFDOLE000027383756,14,1
L512-48,LEGIARTI000032225017,2016-07-01,Livre V : POUVOIRS D'ENQUÊTE ET SUITES DONNÉES AUX CONTRÔLES,Ordonnance n°2016-301 du 14 mars 2016,ORDONNANCE,L215-16,LOI n°2009-526 du 12 mai 2009,LOI,JORFDOLE000019648575,13,1
L512-5,LEGIARTI000032225122,2016-07-01,Livre V : POUVOIRS D'ENQUÊTE ET SUITES DONNÉES AUX CONTRÔLES,Ordonnance n°2016-301 du 14 mars 2016,ORDONNANCE,L141-1,LOI n°2016-41 du 26 janvier 2016,LOI,JORFDOLE000029589477,14,1
L512-50,LEGIARTI000032225011,2016-07-01,Livre V : POUVOIRS D'ENQUÊTE ET SUITES DONNÉES AUX CONTRÔLES,Ordonnance n°2016-301 du 14 mars 2016,ORDONNANCE,L215-1,ORDONNANCE n°2015-616 du 4 juin 2015,ORDONNANCE,JORFDOLE000030677245,14,0
L512-51,LEGIARTI000032225007,2016-07-01,Livre V : POUVOIRS D'ENQUÊTE ET SUITES DONNÉES AUX CONTRÔLES,Ordonnance n°2016-301 du 14 mars 2016,ORDONNANCE,L215-18,Loi n°2001-43 du 16 janvier 2001,LOI,,,0
L512-51-1,LEGIARTI000051829108,2025-07-02,Livre V : POUVOIRS D'ENQUÊTE ET SUITES DONNÉES AUX CONTRÔLES,LOI n°2025-594 du 30 juin 2025,LOI,,LOI n°2025-594 du 30 juin 2025,LOI,JORFDOLE000051045642,17,1
L512-52,LEGIARTI000039279962,2020-01-01,Livre V : POUVOIRS D'ENQUÊTE ET SUITES DONNÉES AUX CONTRÔLES,Ordonnance n°2019-964 du 18 septembre 2019,ORDONNANCE,L215-18,LOI n°2014-344 du 17 mars 2014,LOI,JORFDOLE000027383756,14,1
L512-53,LEGIARTI000039279959,2020-01-01,Livre V : POUVOIRS D'ENQUÊTE ET SUITES DONNÉES AUX CONTRÔLES,Ordonnance n°2019-964 du 18 septembre 2019,ORDONNANCE,L215-18,Loi n°2001-43 du 16 janvier 2001,LOI,,,0
L512-54,LEGIARTI000032225001,2016-07-01,Livre V : POUVOIRS D'ENQUÊTE ET SUITES DONNÉES AUX CONTRÔLES,Ordonnance n°2016-301 du 14 mars 2016,ORDONNANCE,L215-18,Loi n°2001-43 du 16 janvier 2001,LOI,,,0
L512-55,LEGIARTI000032224999,2016-07-01,Livre V : POUVOIRS D'ENQUÊTE ET SUITES DONNÉES AUX CONTRÔLES,Ordonnance n°2016-301 du 14 mars 2016,ORDONNANCE,L215-18,Loi n°2001-43 du 16 janvier 2001,LOI,,,0
L512-56,LEGIARTI000032224997,2016-07-01,Livre V : POUVOIRS D'ENQUÊTE ET SUITES DONNÉES AUX CONTRÔLES,Ordonnance n°2016-301 du 14 mars 2016,ORDONNANCE,L215-18,Loi n°2001-43 du 16 janvier 2001,LOI,,,0
L512-57,LEGIARTI000032224995,2016-07-01,Livre V : POUVOIRS D'ENQUÊTE ET SUITES DONNÉES AUX CONTRÔLES,Ordonnance n°2016-301 du 14 mars 2016,ORDONNANCE,L215-18,Loi n°2001-43 du 16 janvier 2001,LOI,,,0
L512-58,LEGIARTI000032224993,2016-07-01,Livre V : POUVOIRS D'ENQUÊTE ET SUITES DONNÉES AUX CONTRÔLES,Ordonnance n°2016-301 du 14 mars 2016,ORDONNANCE,L215-18,Loi n°2001-43 du 16 janvier 2001,LOI,,,0
L512-59,LEGIARTI000051830419,2025-07-02,Livre V : POUVOIRS D'ENQUÊTE ET SUITES DONNÉES AUX CONTRÔLES,LOI n°2025-594 du 30 juin 2025,LOI,L215-18,Loi n°2001-43 du 16 janvier 2001,LOI,,,0
L512-59-1,LEGIARTI000051829133,2025-07-02,Livre V : POUVOIRS D'ENQUÊTE ET SUITES DONNÉES AUX CONTRÔLES,LOI n°2025-594 du 30 juin 2025,LOI,,LOI n°2025-594 du 30 juin 2025,LOI,JORFDOLE000051045642,17,1
L512-6,LEGIARTI000039279973,2020-01-01,Livre V : POUVOIRS D'ENQUÊTE ET SUITES DONNÉES AUX CONTRÔLES,Ordonnance n°2019-964 du 18 septembre 2019,ORDONNANCE,L141-1,LOI n°2016-41 du 26 janvier 2016,LOI,JORFDOLE000029589477,14,1
L512-60,LEGIARTI000032655788,2016-07-01,Livre V : POUVOIRS D'ENQUÊTE ET SUITES DONNÉES AUX CONTRÔLES,LOI n°2016-731 du 3 juin 2016,LOI,L215-18,Loi n°2001-43 du 16 janvier 2001,LOI,,,0
L512-61,LEGIARTI000032224987,2016-07-01,Livre V : POUVOIRS D'ENQUÊTE ET SUITES DONNÉES AUX CONTRÔLES,Ordonnance n°2016-301 du 14 mars 2016,ORDONNANCE,L215-18,Loi n°2001-43 du 16 janvier 2001,LOI,,,0
L512-62,LEGIARTI000032224985,2016-07-01,Livre V : POUVOIRS D'ENQUÊTE ET SUITES DONNÉES AUX CONTRÔLES,Ordonnance n°2016-301 du 14 mars 2016,ORDONNANCE,L215-18,Loi n°2001-43 du 16 janvier 2001,LOI,,,0
L512-63,LEGIARTI000039279954,2020-01-01,Livre V : POUVOIRS D'ENQUÊTE ET SUITES DONNÉES AUX CONTRÔLES,Ordonnance n°2019-964 du 18 septembre 2019,ORDONNANCE,L215-18,Loi n°2001-43 du 16 janvier 2001,LOI,,,0
L512-64,LEGIARTI000039279950,2020-01-01,Livre V : POUVOIRS D'ENQUÊTE ET SUITES DONNÉES AUX CONTRÔLES,Ordonnance n°2019-964 du 18 septembre 2019,ORDONNANCE,L215-18,Loi n°2001-43 du 16 janvier 2001,LOI,,,0
L512-65,LEGIARTI000032224979,2016-07-01,Livre V : POUVOIRS D'ENQUÊTE ET SUITES DONNÉES AUX CONTRÔLES,Ordonnance n°2016-301 du 14 mars 2016,ORDONNANCE,L215-18,Loi n°2001-43 du 16 janvier 2001,LOI,,,0
L512-66,LEGIARTI000049567028,2024-02-17,Livre V : POUVOIRS D'ENQUÊTE ET SUITES DONNÉES AUX CONTRÔLES,LOI n°2024-449 du 21 mai 2024,LOI,,LOI n°2024-449 du 21 mai 2024,LOI,JORFDOLE000047533100,16,1
L512-67,LEGIARTI000049567030,2024-02-17,Livre V : POUVOIRS D'ENQUÊTE ET SUITES DONNÉES AUX CONTRÔLES,LOI n°2024-449 du 21 mai 2024,LOI,,LOI n°2024-449 du 21 mai 2024,LOI,JORFDOLE000047533100,16,1
L512-68,LEGIARTI000049567032,2024-02-17,Livre V : POUVOIRS D'ENQUÊTE ET SUITES DONNÉES AUX CONTRÔLES,LOI n°2024-449 du 21 mai 2024,LOI,,LOI n°2024-449 du 21 mai 2024,LOI,JORFDOLE000047533100,16,1
L512-7,LEGIARTI000032225117,2016-07-01,Livre V : POUVOIRS D'ENQUÊTE ET SUITES DONNÉES AUX CONTRÔLES,Ordonnance n°2016-301 du 14 mars 2016,ORDONNANCE,L112-5,Loi n°2001-420 du 15 mai 2001,LOI,,,0
L512-8,LEGIARTI000032225113,2016-07-01,Livre V : POUVOIRS D'ENQUÊTE ET SUITES DONNÉES AUX CONTRÔLES,Ordonnance n°2016-301 du 14 mars 2016,ORDONNANCE,L141-1,LOI n°2016-41 du 26 janvier 2016,LOI,JORFDOLE000029589477,14,1
L512-9,LEGIARTI000032225111,2016-07-01,Livre V : POUVOIRS D'ENQUÊTE ET SUITES DONNÉES AUX CONTRÔLES,Ordonnance n°2016-301 du 14 mars 2016,ORDONNANCE,L141-1,LOI n°2016-41 du 26 janvier 2016,LOI,JORFDOLE000029589477,14,1
L521-1,LEGIARTI000051830385,2025-07-02,Livre V : POUVOIRS D'ENQUÊTE ET SUITES DONNÉES AUX CONTRÔLES,LOI n°2025-594 du 30 juin 2025,LOI,L141-1,LOI n°2016-41 du 26 janvier 2016,LOI,JORFDOLE000029589477,14,1
L521-10,LEGIARTI000032224949,2016-07-01,Livre V : POUVOIRS D'ENQUÊTE ET SUITES DONNÉES AUX CONTRÔLES,Ordonnance n°2016-301 du 14 mars 2016,ORDONNANCE,L218-5,LOI n°2014-344 du 17 mars 2014,LOI,JORFDOLE000027383756,14,1
L521-11,LEGIARTI000032224947,2016-07-01,Livre V : POUVOIRS D'ENQUÊTE ET SUITES DONNÉES AUX CONTRÔLES,Ordonnance n°2016-301 du 14 mars 2016,ORDONNANCE,L218-5,LOI n°2014-344 du 17 mars 2014,LOI,JORFDOLE000027383756,14,1
L521-12,LEGIARTI000032224945,2016-07-01,Livre V : POUVOIRS D'ENQUÊTE ET SUITES DONNÉES AUX CONTRÔLES,Ordonnance n°2016-301 du 14 mars 2016,ORDONNANCE,L218-5-2,LOI n°2014-344 du 17 mars 2014,LOI,JORFDOLE000027383756,14,1
L521-13,LEGIARTI000032224943,2016-07-01,Livre V : POUVOIRS D'ENQUÊTE ET SUITES DONNÉES AUX CONTRÔLES,Ordonnance n°2016-301 du 14 mars 2016,ORDONNANCE,L218-5-2,LOI n°2014-344 du 17 mars 2014,LOI,JORFDOLE000027383756,14,1
L521-14,LEGIARTI000032224941,2016-07-01,Livre V : POUVOIRS D'ENQUÊTE ET SUITES DONNÉES AUX CONTRÔLES,Ordonnance n°2016-301 du 14 mars 2016,ORDONNANCE,L218-5-3,LOI n°2014-344 du 17 mars 2014,LOI,JORFDOLE000027383756,14,1
L521-15,LEGIARTI000032224939,2016-07-01,Livre V : POUVOIRS D'ENQUÊTE ET SUITES DONNÉES AUX CONTRÔLES,Ordonnance n°2016-301 du 14 mars 2016,ORDONNANCE,L218-5-3,LOI n°2014-344 du 17 mars 2014,LOI,JORFDOLE000027383756,14,1
L521-16,LEGIARTI000032224937,2016-07-01,Livre V : POUVOIRS D'ENQUÊTE ET SUITES DONNÉES AUX CONTRÔLES,Ordonnance n°2016-301 du 14 mars 2016,ORDONNANCE,L218-5-4,LOI n°2014-344 du 17 mars 2014,LOI,JORFDOLE000027383756,14,1
L521-17,LEGIARTI000032224935,2016-07-01,Livre V : POUVOIRS D'ENQUÊTE ET SUITES DONNÉES AUX CONTRÔLES,Ordonnance n°2016-301 du 14 mars 2016,ORDONNANCE,L221-5,Ordonnance n°2004-670 du 9 juillet 2004,ORDONNANCE,JORFDOLE000017761046,12,0
L521-18,LEGIARTI000034072970,2017-02-23,Livre V : POUVOIRS D'ENQUÊTE ET SUITES DONNÉES AUX CONTRÔLES,LOI n°2017-203 du 21 février 2017,LOI,L221-7,LOI n°2008-776 du 4 août 2008,LOI,JORFDOLE000018730653,13,1
L521-19,LEGIARTI000032224928,2016-07-01,Livre V : POUVOIRS D'ENQUÊTE ET SUITES DONNÉES AUX CONTRÔLES,Ordonnance n°2016-301 du 14 mars 2016,ORDONNANCE,L218-5-1,LOI n°2015-990 du 6 août 2015,LOI,JORFDOLE000029883713,14,1
L521-2,LEGIARTI000051830378,2025-07-02,Livre V : POUVOIRS D'ENQUÊTE ET SUITES DONNÉES AUX CONTRÔLES,LOI n°2025-594 du 30 juin 2025,LOI,L132-2,LOI n°2015-990 du 6 août 2015,LOI,JORFDOLE000029883713,14,1
L521-20,LEGIARTI000032224926,2016-07-01,Livre V : POUVOIRS D'ENQUÊTE ET SUITES DONNÉES AUX CONTRÔLES,Ordonnance n°2016-301 du 14 mars 2016,ORDONNANCE,L218-5-1,LOI n°2015-990 du 6 août 2015,LOI,JORFDOLE000029883713,14,1
L521-21,LEGIARTI000032224924,2016-07-01,Livre V : POUVOIRS D'ENQUÊTE ET SUITES DONNÉES AUX CONTRÔLES,Ordonnance n°2016-301 du 14 mars 2016,ORDONNANCE,L218-5-1,LOI n°2015-990 du 6 août 2015,LOI,JORFDOLE000029883713,14,1
L521-22,LEGIARTI000032224922,2016-07-01,Livre V : POUVOIRS D'ENQUÊTE ET SUITES DONNÉES AUX CONTRÔLES,Ordonnance n°2016-301 du 14 mars 2016,ORDONNANCE,L218-5-1,LOI n°2015-990 du 6 août 2015,LOI,JORFDOLE000029883713,14,1
L521-23,LEGIARTI000032224920,2016-07-01,Livre V : POUVOIRS D'ENQUÊTE ET SUITES DONNÉES AUX CONTRÔLES,Ordonnance n°2016-301 du 14 mars 2016,ORDONNANCE,L221-6,LOI n°2015-990 du 6 août 2015,LOI,JORFDOLE000029883713,14,1
L521-24,LEGIARTI000034072964,2017-02-23,Livre V : POUVOIRS D'ENQUÊTE ET SUITES DONNÉES AUX CONTRÔLES,LOI n°2017-203 du 21 février 2017,LOI,L221-6,LOI n°2015-990 du 6 août 2015,LOI,JORFDOLE000029883713,14,1
L521-25,LEGIARTI000032224916,2016-07-01,Livre V : POUVOIRS D'ENQUÊTE ET SUITES DONNÉES AUX CONTRÔLES,Ordonnance n°2016-301 du 14 mars 2016,ORDONNANCE,,Ordonnance n°2016-301 du 14 mars 2016,ORDONNANCE,JORFDOLE000032223954,14,0
L521-26,LEGIARTI000032224914,2016-07-01,Livre V : POUVOIRS D'ENQUÊTE ET SUITES DONNÉES AUX CONTRÔLES,Ordonnance n°2016-301 du 14 mars 2016,ORDONNANCE,,Ordonnance n°2016-301 du 14 mars 2016,ORDONNANCE,JORFDOLE000032223954,14,0
L521-27,LEGIARTI000032224910,2016-07-01,Livre V : POUVOIRS D'ENQUÊTE ET SUITES DONNÉES AUX CONTRÔLES,Ordonnance n°2016-301 du 14 mars 2016,ORDONNANCE,L218-2,LOI n°2014-344 du 17 mars 2014,LOI,JORFDOLE000027383756,14,1
L521-28,LEGIARTI000051828492,2025-07-02,Livre V : POUVOIRS D'ENQUÊTE ET SUITES DONNÉES AUX CONTRÔLES,LOI n°2025-594 du 30 juin 2025,LOI,,LOI n°2025-594 du 30 juin 2025,LOI,JORFDOLE000051045642,17,1
L521-3,LEGIARTI000032224967,2016-07-01,Livre V : POUVOIRS D'ENQUÊTE ET SUITES DONNÉES AUX CONTRÔLES,Ordonnance n°2016-301 du 14 mars 2016,ORDONNANCE,L141-1-1,LOI n°2014-344 du 17 mars 2014,LOI,JORFDOLE000027383756,14,1
L521-3-1,LEGIARTI000049571083,2024-02-17,Livre V : POUVOIRS D'ENQUÊTE ET SUITES DONNÉES AUX CONTRÔLES,LOI n°2024-449 du 21 mai 2024,LOI,,LOI n°2024-449 du 21 mai 2024,LOI,JORFDOLE000047533100,16,1
L521-3-2,LEGIARTI000051828414,2025-07-02,Livre V : POUVOIRS D'ENQUÊTE ET SUITES DONNÉES AUX CONTRÔLES,LOI n°2025-594 du 30 juin 2025,LOI,,LOI n°2025-594 du 30 juin 2025,LOI,JORFDOLE000051045642,17,1
L521-4,LEGIARTI000032224963,2016-07-01,Livre V : POUVOIRS D'ENQUÊTE ET SUITES DONNÉES AUX CONTRÔLES,Ordonnance n°2016-301 du 14 mars 2016,ORDONNANCE,L218-2,LOI n°2014-344 du 17 mars 2014,LOI,JORFDOLE000027383756,14,1
L521-5,LEGIARTI000032224959,2016-07-01,Livre V : POUVOIRS D'ENQUÊTE ET SUITES DONNÉES AUX CONTRÔLES,Ordonnance n°2016-301 du 14 mars 2016,ORDONNANCE,L218-3,LOI n°2015-990 du 6 août 2015,LOI,JORFDOLE000029883713,14,1
L521-6,LEGIARTI000032224957,2016-07-01,Livre V : POUVOIRS D'ENQUÊTE ET SUITES DONNÉES AUX CONTRÔLES,Ordonnance n°2016-301 du 14 mars 2016,ORDONNANCE,L218-3,LOI n°2015-990 du 6 août 2015,LOI,JORFDOLE000029883713,14,1
L521-7,LEGIARTI000032224955,2016-07-01,Livre V : POUVOIRS D'ENQUÊTE ET SUITES DONNÉES AUX CONTRÔLES,Ordonnance n°2016-301 du 14 mars 2016,ORDONNANCE,L218-4,LOI n°2015-990 du 6 août 2015,LOI,JORFDOLE000029883713,14,1
L521-8,LEGIARTI000032224953,2016-07-01,Livre V : POUVOIRS D'ENQUÊTE ET SUITES DONNÉES AUX CONTRÔLES,Ordonnance n°2016-301 du 14 mars 2016,ORDONNANCE,L218-4,LOI n°2015-990 du 6 août 2015,LOI,JORFDOLE000029883713,14,1
L521-9,LEGIARTI000032224951,2016-07-01,Livre V : POUVOIRS D'ENQUÊTE ET SUITES DONNÉES AUX CONTRÔLES,Ordonnance n°2016-301 du 14 mars 2016,ORDONNANCE,L218-4,LOI n°2015-990 du 6 août 2015,LOI,JORFDOLE000029883713,14,1
L522-1,LEGIARTI000032224906,2016-07-01,Livre V : POUVOIRS D'ENQUÊTE ET SUITES DONNÉES AUX CONTRÔLES,Ordonnance n°2016-301 du 14 mars 2016,ORDONNANCE,L141-1-2,LOI n°2015-990 du 6 août 2015,LOI,JORFDOLE000029883713,14,1
L522-10,LEGIARTI000032224888,2016-07-01,Livre V : POUVOIRS D'ENQUÊTE ET SUITES DONNÉES AUX CONTRÔLES,Ordonnance n°2016-301 du 14 mars 2016,ORDONNANCE,L141-1-2,LOI n°2015-990 du 6 août 2015,LOI,JORFDOLE000029883713,14,1
L522-2,LEGIARTI000032224904,2016-07-01,Livre V : POUVOIRS D'ENQUÊTE ET SUITES DONNÉES AUX CONTRÔLES,Ordonnance n°2016-301 du 14 mars 2016,ORDONNANCE,L141-1-2,LOI n°2015-990 du 6 août 2015,LOI,JORFDOLE000029883713,14,1
L522-3,LEGIARTI000032224902,2016-07-01,Livre V : POUVOIRS D'ENQUÊTE ET SUITES DONNÉES AUX CONTRÔLES,Ordonnance n°2016-301 du 14 mars 2016,ORDONNANCE,L141-1-2,LOI n°2015-990 du 6 août 2015,LOI,JORFDOLE000029883713,14,1
L522-4,LEGIARTI000032224900,2016-07-01,Livre V : POUVOIRS D'ENQUÊTE ET SUITES DONNÉES AUX CONTRÔLES,Ordonnance n°2016-301 du 14 mars 2016,ORDONNANCE,L141-1-2,LOI n°2015-990 du 6 août 2015,LOI,JORFDOLE000029883713,14,1
L522-5,LEGIARTI000032224898,2016-07-01,Livre V : POUVOIRS D'ENQUÊTE ET SUITES DONNÉES AUX CONTRÔLES,Ordonnance n°2016-301 du 14 mars 2016,ORDONNANCE,L141-1-2,LOI n°2015-990 du 6 août 2015,LOI,JORFDOLE000029883713,14,1
L522-6,LEGIARTI000051830374,2025-07-02,Livre V : POUVOIRS D'ENQUÊTE ET SUITES DONNÉES AUX CONTRÔLES,LOI n°2025-594 du 30 juin 2025,LOI,L141-1-2,LOI n°2015-990 du 6 août 2015,LOI,JORFDOLE000029883713,14,1
L522-7,LEGIARTI000033613383,2016-12-11,Livre V : POUVOIRS D'ENQUÊTE ET SUITES DONNÉES AUX CONTRÔLES,LOI n°2016-1691 du 9 décembre 2016,LOI,L141-1-2,LOI n°2015-990 du 6 août 2015,LOI,JORFDOLE000029883713,14,1
L522-8,LEGIARTI000032224892,2016-07-01,Livre V : POUVOIRS D'ENQUÊTE ET SUITES DONNÉES AUX CONTRÔLES,Ordonnance n°2016-301 du 14 mars 2016,ORDONNANCE,L141-1-2,LOI n°2015-990 du 6 août 2015,LOI,JORFDOLE000029883713,14,1
L522-9,LEGIARTI000032224890,2016-07-01,Livre V : POUVOIRS D'ENQUÊTE ET SUITES DONNÉES AUX CONTRÔLES,Ordonnance n°2016-301 du 14 mars 2016,ORDONNANCE,L141-1-2,LOI n°2015-990 du 6 août 2015,LOI,JORFDOLE000029883713,14,1
L522-9-1,LEGIARTI000051830367,2025-07-02,Livre V : POUVOIRS D'ENQUÊTE ET SUITES DONNÉES AUX CONTRÔLES,LOI n°2025-594 du 30 juin 2025,LOI,,LOI n°2025-594 du 30 juin 2025,LOI,JORFDOLE000051045642,17,1
L523-1,LEGIARTI000051830361,2025-07-02,Livre V : POUVOIRS D'ENQUÊTE ET SUITES DONNÉES AUX CONTRÔLES,LOI n°2025-594 du 30 juin 2025,LOI,L141-2,LOI n°2014-344 du 17 mars 2014,LOI,JORFDOLE000027383756,14,1
L523-2,LEGIARTI000032224882,2016-07-01,Livre V : POUVOIRS D'ENQUÊTE ET SUITES DONNÉES AUX CONTRÔLES,Ordonnance n°2016-301 du 14 mars 2016,ORDONNANCE,L141-2,LOI n°2014-344 du 17 mars 2014,LOI,JORFDOLE000027383756,14,1
L523-3,LEGIARTI000032224880,2016-07-01,Livre V : POUVOIRS D'ENQUÊTE ET SUITES DONNÉES AUX CONTRÔLES,Ordonnance n°2016-301 du 14 mars 2016,ORDONNANCE,L141-2,LOI n°2014-344 du 17 mars 2014,LOI,JORFDOLE000027383756,14,1
L523-4,LEGIARTI000032224878,2016-07-01,Livre V : POUVOIRS D'ENQUÊTE ET SUITES DONNÉES AUX CONTRÔLES,Ordonnance n°2016-301 du 14 mars 2016,ORDONNANCE,L141-2,LOI n°2014-344 du 17 mars 2014,LOI,JORFDOLE000027383756,14,1
L524-1,LEGIARTI000032224874,2016-07-01,Livre V : POUVOIRS D'ENQUÊTE ET SUITES DONNÉES AUX CONTRÔLES,Ordonnance n°2016-301 du 14 mars 2016,ORDONNANCE,L141-1,LOI n°2016-41 du 26 janvier 2016,LOI,JORFDOLE000029589477,14,1
L524-2,LEGIARTI000032224872,2016-07-01,Livre V : POUVOIRS D'ENQUÊTE ET SUITES DONNÉES AUX CONTRÔLES,Ordonnance n°2016-301 du 14 mars 2016,ORDONNANCE,L141-1,LOI n°2016-41 du 26 janvier 2016,LOI,JORFDOLE000029589477,14,1
L524-3,LEGIARTI000049571070,2024-02-17,Livre V : POUVOIRS D'ENQUÊTE ET SUITES DONNÉES AUX CONTRÔLES,LOI n°2024-449 du 21 mai 2024,LOI,L141-1,LOI n°2016-41 du 26 janvier 2016,LOI,JORFDOLE000029589477,14,1
L524-4,LEGIARTI000044142766,2021-10-01,Livre V : POUVOIRS D'ENQUÊTE ET SUITES DONNÉES AUX CONTRÔLES,Ordonnance n°2021-1247 du 29 septembre 2021,ORDONNANCE,L141-1,LOI n°2016-41 du 26 janvier 2016,LOI,JORFDOLE000029589477,14,1
L524-5,LEGIARTI000044138746,2021-10-01,Livre V : POUVOIRS D'ENQUÊTE ET SUITES DONNÉES AUX CONTRÔLES,Ordonnance n°2021-1247 du 29 septembre 2021,ORDONNANCE,L524-4,Ordonnance n°2016-301 du 14 mars 2016,ORDONNANCE,JORFDOLE000032223954,14,0
L525-1,LEGIARTI000032224864,2016-07-01,Livre V : POUVOIRS D'ENQUÊTE ET SUITES DONNÉES AUX CONTRÔLES,Ordonnance n°2016-301 du 14 mars 2016,ORDONNANCE,L141-1,LOI n°2016-41 du 26 janvier 2016,LOI,JORFDOLE000029589477,14,1
L531-1,LEGIARTI000032224856,2016-07-01,Livre V : POUVOIRS D'ENQUÊTE ET SUITES DONNÉES AUX CONTRÔLES,Ordonnance n°2016-301 du 14 mars 2016,ORDONNANCE,L141-1,LOI n°2016-41 du 26 janvier 2016,LOI,JORFDOLE000029589477,14,1
L531-2,LEGIARTI000032224854,2016-07-01,Livre V : POUVOIRS D'ENQUÊTE ET SUITES DONNÉES AUX CONTRÔLES,Ordonnance n°2016-301 du 14 mars 2016,ORDONNANCE,L217-12,LOI n°2014-344 du 17 mars 2014,LOI,JORFDOLE000027383756,14,1
L531-2-1,LEGIARTI000051829142,2025-07-02,Livre V : POUVOIRS D'ENQUÊTE ET SUITES DONNÉES AUX CONTRÔLES,LOI n°2025-594 du 30 juin 2025,LOI,,LOI n°2025-594 du 30 juin 2025,LOI,JORFDOLE000051045642,17,1
L531-3,LEGIARTI000032224852,2016-07-01,Livre V : POUVOIRS D'ENQUÊTE ET SUITES DONNÉES AUX CONTRÔLES,Ordonnance n°2016-301 du 14 mars 2016,ORDONNANCE,L215-7,Loi n°2007-1544 du 29 octobre 2007,LOI,JORFDOLE000017758176,13,1
L531-4,LEGIARTI000032224850,2016-07-01,Livre V : POUVOIRS D'ENQUÊTE ET SUITES DONNÉES AUX CONTRÔLES,Ordonnance n°2016-301 du 14 mars 2016,ORDONNANCE,L215-5,Loi n°2007-1544 du 29 octobre 2007,LOI,JORFDOLE000017758176,13,1
L531-5,LEGIARTI000032224848,2016-07-01,Livre V : POUVOIRS D'ENQUÊTE ET SUITES DONNÉES AUX CONTRÔLES,Ordonnance n°2016-301 du 14 mars 2016,ORDONNANCE,L215-5,Loi n°2007-1544 du 29 octobre 2007,LOI,JORFDOLE000017758176,13,1
L531-6,LEGIARTI000032224844,2016-07-01,Livre V : POUVOIRS D'ENQUÊTE ET SUITES DONNÉES AUX CONTRÔLES,Ordonnance n°2016-301 du 14 mars 2016,ORDONNANCE,L218-5-6,LOI n°2014-344 du 17 mars 2014,LOI,JORFDOLE000027383756,14,1
L531-7,LEGIARTI000049567538,2024-02-17,Livre V : POUVOIRS D'ENQUÊTE ET SUITES DONNÉES AUX CONTRÔLES,LOI n°2024-449 du 21 mai 2024,LOI,,LOI n°2024-449 du 21 mai 2024,LOI,JORFDOLE000047533100,16,1
L532-1,LEGIARTI000051830347,2025-07-02,Livre V : POUVOIRS D'ENQUÊTE ET SUITES DONNÉES AUX CONTRÔLES,LOI n°2025-594 du 30 juin 2025,LOI,L141-1,LOI n°2016-41 du 26 janvier 2016,LOI,JORFDOLE000029589477,14,1
L532-3,LEGIARTI000051830405,2025-07-02,Livre V : POUVOIRS D'ENQUÊTE ET SUITES DONNÉES AUX CONTRÔLES,LOI n°2025-594 du 30 juin 2025,LOI,L218-7,LOI n°2014-344 du 17 mars 2014,LOI,JORFDOLE000027383756,14,1
L532-5,LEGIARTI000049571063,2024-02-17,Livre V : POUVOIRS D'ENQUÊTE ET SUITES DONNÉES AUX CONTRÔLES,LOI n°2024-449 du 21 mai 2024,LOI,,LOI n°2024-449 du 21 mai 2024,LOI,JORFDOLE000047533100,16,1
L541-1,LEGIARTI000050494209,2024-11-15,Livre V : POUVOIRS D'ENQUÊTE ET SUITES DONNÉES AUX CONTRÔLES,Ordonnance n°2024-1019 du 13 novembre 2024,ORDONNANCE,,Ordonnance n°2024-1019 du 13 novembre 2024,ORDONNANCE,JORFDOLE000050494550,17,0
L541-2,LEGIARTI000034129962,2017-07-01,Livre V : POUVOIRS D'ENQUÊTE ET SUITES DONNÉES AUX CONTRÔLES,Ordonnance n°2017-269 du 2 mars 2017,ORDONNANCE,,Ordonnance n°2017-269 du 2 mars 2017,ORDONNANCE,JORFDOLE000034131633,14,0
L541-3,LEGIARTI000034129970,2017-07-01,Livre V : POUVOIRS D'ENQUÊTE ET SUITES DONNÉES AUX CONTRÔLES,Ordonnance n°2017-269 du 2 mars 2017,ORDONNANCE,,Ordonnance n°2017-269 du 2 mars 2017,ORDONNANCE,JORFDOLE000034131633,14,0
L611-1,LEGIARTI000032224815,2016-07-01,Livre VI : RÈGLEMENT DES LITIGES,Ordonnance n°2016-301 du 14 mars 2016,ORDONNANCE,L151-1,ORDONNANCE n° 2015-1033 du 20 août 2015,ORDONNANCE,JORFDOLE000031072567,14,0
L611-2,LEGIARTI000032224813,2016-07-01,Livre VI : RÈGLEMENT DES LITIGES,Ordonnance n°2016-301 du 14 mars 2016,ORDONNANCE,L151-2,ORDONNANCE n° 2015-1033 du 20 août 2015,ORDONNANCE,JORFDOLE000031072567,14,0
L611-3,LEGIARTI000032224811,2016-07-01,Livre VI : RÈGLEMENT DES LITIGES,Ordonnance n°2016-301 du 14 mars 2016,ORDONNANCE,L151-3,ORDONNANCE n° 2015-1033 du 20 août 2015,ORDONNANCE,JORFDOLE000031072567,14,0
L611-4,LEGIARTI000032224809,2016-07-01,Livre VI : RÈGLEMENT DES LITIGES,Ordonnance n°2016-301 du 14 mars 2016,ORDONNANCE,L151-4,ORDONNANCE n° 2015-1033 du 20 août 2015,ORDONNANCE,JORFDOLE000031072567,14,0
L612-1,LEGIARTI000032224805,2016-07-01,Livre VI : RÈGLEMENT DES LITIGES,Ordonnance n°2016-301 du 14 mars 2016,ORDONNANCE,L152-1,ORDONNANCE n° 2015-1033 du 20 août 2015,ORDONNANCE,JORFDOLE000031072567,14,0
L612-2,LEGIARTI000032224802,2016-07-01,Livre VI : RÈGLEMENT DES LITIGES,Ordonnance n°2016-301 du 14 mars 2016,ORDONNANCE,L152-2,ORDONNANCE n° 2015-1033 du 20 août 2015,ORDONNANCE,JORFDOLE000031072567,14,0
L612-3,LEGIARTI000032224800,2016-07-01,Livre VI : RÈGLEMENT DES LITIGES,Ordonnance n°2016-301 du 14 mars 2016,ORDONNANCE,L152-3,ORDONNANCE n° 2015-1033 du 20 août 2015,ORDONNANCE,JORFDOLE000031072567,14,0
L612-4,LEGIARTI000032224798,2016-07-01,Livre VI : RÈGLEMENT DES LITIGES,Ordonnance n°2016-301 du 14 mars 2016,ORDONNANCE,L152-4,ORDONNANCE n° 2015-1033 du 20 août 2015,ORDONNANCE,JORFDOLE000031072567,14,0
L612-5,LEGIARTI000032224796,2016-07-01,Livre VI : RÈGLEMENT DES LITIGES,Ordonnance n°2016-301 du 14 mars 2016,ORDONNANCE,L152-5,ORDONNANCE n° 2015-1033 du 20 août 2015,ORDONNANCE,JORFDOLE000031072567,14,0
L613-1,LEGIARTI000032224792,2016-07-01,Livre VI : RÈGLEMENT DES LITIGES,Ordonnance n°2016-301 du 14 mars 2016,ORDONNANCE,L153-1,ORDONNANCE n° 2015-1033 du 20 août 2015,ORDONNANCE,JORFDOLE000031072567,14,0
L613-2,LEGIARTI000032224790,2016-07-01,Livre VI : RÈGLEMENT DES LITIGES,Ordonnance n°2016-301 du 14 mars 2016,ORDONNANCE,L153-2,ORDONNANCE n° 2015-1033 du 20 août 2015,ORDONNANCE,JORFDOLE000031072567,14,0
L613-3,LEGIARTI000032224788,2016-07-01,Livre VI : RÈGLEMENT DES LITIGES,Ordonnance n°2016-301 du 14 mars 2016,ORDONNANCE,L153-3,ORDONNANCE n° 2015-1033 du 20 août 2015,ORDONNANCE,JORFDOLE000031072567,14,0
L614-1,LEGIARTI000032224784,2016-07-01,Livre VI : RÈGLEMENT DES LITIGES,Ordonnance n°2016-301 du 14 mars 2016,ORDONNANCE,L154-1,ORDONNANCE n° 2015-1033 du 20 août 2015,ORDONNANCE,JORFDOLE000031072567,14,0
L614-2,LEGIARTI000032224782,2016-07-01,Livre VI : RÈGLEMENT DES LITIGES,Ordonnance n°2016-301 du 14 mars 2016,ORDONNANCE,L154-1,ORDONNANCE n° 2015-1033 du 20 août 2015,ORDONNANCE,JORFDOLE000031072567,14,0
L614-3,LEGIARTI000032224780,2016-07-01,Livre VI : RÈGLEMENT DES LITIGES,Ordonnance n°2016-301 du 14 mars 2016,ORDONNANCE,L154-1,ORDONNANCE n° 2015-1033 du 20 août 2015,ORDONNANCE,JORFDOLE000031072567,14,0
L614-4,LEGIARTI000032224778,2016-07-01,Livre VI : RÈGLEMENT DES LITIGES,Ordonnance n°2016-301 du 14 mars 2016,ORDONNANCE,L154-1,ORDONNANCE n° 2015-1033 du 20 août 2015,ORDONNANCE,JORFDOLE000031072567,14,0
L614-5,LEGIARTI000032224776,2016-07-01,Livre VI : RÈGLEMENT DES LITIGES,Ordonnance n°2016-301 du 14 mars 2016,ORDONNANCE,L154-2,ORDONNANCE n° 2015-1033 du 20 août 2015,ORDONNANCE,JORFDOLE000031072567,14,0
L615-1,LEGIARTI000032224772,2016-07-01,Livre VI : RÈGLEMENT DES LITIGES,Ordonnance n°2016-301 du 14 mars 2016,ORDONNANCE,L155-2,ORDONNANCE n° 2015-1033 du 20 août 2015,ORDONNANCE,JORFDOLE000031072567,14,0
L615-2,LEGIARTI000032224770,2016-07-01,Livre VI : RÈGLEMENT DES LITIGES,Ordonnance n°2016-301 du 14 mars 2016,ORDONNANCE,L155-3,ORDONNANCE n° 2015-1033 du 20 août 2015,ORDONNANCE,JORFDOLE000031072567,14,0
L615-3,LEGIARTI000032224768,2016-07-01,Livre VI : RÈGLEMENT DES LITIGES,Ordonnance n°2016-301 du 14 mars 2016,ORDONNANCE,L155-4,ORDONNANCE n° 2015-1033 du 20 août 2015,ORDONNANCE,JORFDOLE000031072567,14,0
L615-4,LEGIARTI000032224766,2016-07-01,Livre VI : RÈGLEMENT DES LITIGES,Ordonnance n°2016-301 du 14 mars 2016,ORDONNANCE,L155-6,ORDONNANCE n° 2015-1033 du 20 août 2015,ORDONNANCE,JORFDOLE000031072567,14,0
L616-1,LEGIARTI000032224762,2016-07-01,Livre VI : RÈGLEMENT DES LITIGES,Ordonnance n°2016-301 du 14 mars 2016,ORDONNANCE,L156-1,ORDONNANCE n° 2015-1033 du 20 août 2015,ORDONNANCE,JORFDOLE000031072567,14,0
L616-2,LEGIARTI000032224760,2016-07-01,Livre VI : RÈGLEMENT DES LITIGES,Ordonnance n°2016-301 du 14 mars 2016,ORDONNANCE,L156-2,ORDONNANCE n° 2015-1033 du 20 août 2015,ORDONNANCE,JORFDOLE000031072567,14,0
L616-3,LEGIARTI000032224757,2016-07-01,Livre VI : RÈGLEMENT DES LITIGES,Ordonnance n°2016-301 du 14 mars 2016,ORDONNANCE,L156-4,ORDONNANCE n° 2015-1033 du 20 août 2015,ORDONNANCE,JORFDOLE000031072567,14,0
L621-1,LEGIARTI000032224749,2016-07-01,Livre VI : RÈGLEMENT DES LITIGES,Ordonnance n°2016-301 du 14 mars 2016,ORDONNANCE,L421-1,Loi 93-949 1993-07-26 annexe JORF 27 juillet 1993,LOI,,,0
L621-10,LEGIARTI000032224727,2016-07-01,Livre VI : RÈGLEMENT DES LITIGES,Ordonnance n°2016-301 du 14 mars 2016,ORDONNANCE,L421-8,Loi 93-949 1993-07-26 annexe JORF 27 juillet 1993,LOI,,,0
L621-11,LEGIARTI000032224725,2016-07-01,Livre VI : RÈGLEMENT DES LITIGES,Ordonnance n°2016-301 du 14 mars 2016,ORDONNANCE,L421-9,Loi n°92-1336 du 16 décembre 1992,LOI,,,0
L621-2,LEGIARTI000032224747,2016-07-01,Livre VI : RÈGLEMENT DES LITIGES,Ordonnance n°2016-301 du 14 mars 2016,ORDONNANCE,L421-1,Loi 93-949 1993-07-26 annexe JORF 27 juillet 1993,LOI,,,0
L621-3,LEGIARTI000032224745,2016-07-01,Livre VI : RÈGLEMENT DES LITIGES,Ordonnance n°2016-301 du 14 mars 2016,ORDONNANCE,L421-3,Loi 93-949 1993-07-26 annexe JORF 27 juillet 1993,LOI,,,0
L621-4,LEGIARTI000032224743,2016-07-01,Livre VI : RÈGLEMENT DES LITIGES,Ordonnance n°2016-301 du 14 mars 2016,ORDONNANCE,L421-3,Loi 93-949 1993-07-26 annexe JORF 27 juillet 1993,LOI,,,0
L621-5,LEGIARTI000032224741,2016-07-01,Livre VI : RÈGLEMENT DES LITIGES,Ordonnance n°2016-301 du 14 mars 2016,ORDONNANCE,L421-4,Ordonnance n°2010-420 du 27 avril 2010,ORDONNANCE,JORFDOLE000022204481,13,0
L621-6,LEGIARTI000034073054,2017-02-23,Livre VI : RÈGLEMENT DES LITIGES,LOI n°2017-203 du 21 février 2017,LOI,L421-4,Ordonnance n°2010-420 du 27 avril 2010,ORDONNANCE,JORFDOLE000022204481,13,0
L621-7,LEGIARTI000051560155,2025-05-03,Livre VI : RÈGLEMENT DES LITIGES,LOI n°2025-391 du 30 avril 2025,LOI,L421-6,LOI n°2015-990 du 6 août 2015,LOI,JORFDOLE000029883713,14,1
L621-8,LEGIARTI000032224733,2016-07-01,Livre VI : RÈGLEMENT DES LITIGES,Ordonnance n°2016-301 du 14 mars 2016,ORDONNANCE,L421-6,LOI n°2015-990 du 6 août 2015,LOI,JORFDOLE000029883713,14,1
L621-9,LEGIARTI000032224731,2016-07-01,Livre VI : RÈGLEMENT DES LITIGES,Ordonnance n°2016-301 du 14 mars 2016,ORDONNANCE,L421-7,LOI n°2015-990 du 6 août 2015,LOI,JORFDOLE000029883713,14,1
L622-1,LEGIARTI000032224721,2016-07-01,Livre VI : RÈGLEMENT DES LITIGES,Ordonnance n°2016-301 du 14 mars 2016,ORDONNANCE,L422-1,Loi 93-949 1993-07-26 annexe JORF 27 juillet 1993,LOI,,,0
L622-2,LEGIARTI000032224719,2016-07-01,Livre VI : RÈGLEMENT DES LITIGES,Ordonnance n°2016-301 du 14 mars 2016,ORDONNANCE,L422-1,Loi 93-949 1993-07-26 annexe JORF 27 juillet 1993,LOI,,,0
L622-3,LEGIARTI000032224717,2016-07-01,Livre VI : RÈGLEMENT DES LITIGES,Ordonnance n°2016-301 du 14 mars 2016,ORDONNANCE,L422-2,Loi 93-949 1993-07-26 annexe JORF 27 juillet 1993,LOI,,,0
L622-4,LEGIARTI000032224715,2016-07-01,Livre VI : RÈGLEMENT DES LITIGES,Ordonnance n°2016-301 du 14 mars 2016,ORDONNANCE,L422-3,Loi 93-949 1993-07-26 annexe JORF 27 juillet 1993,LOI,,,0
L641-1,LEGIARTI000032224624,2016-07-01,Livre VI : RÈGLEMENT DES LITIGES,Ordonnance n°2016-301 du 14 mars 2016,ORDONNANCE,L156-3,ORDONNANCE n° 2015-1033 du 20 août 2015,ORDONNANCE,JORFDOLE000031072567,14,0
L651-1,LEGIARTI000034131345,2017-07-01,Livre VI : RÈGLEMENT DES LITIGES,Ordonnance n°2017-269 du 2 mars 2017,ORDONNANCE,L423-1,LOI n°2015-1268 du 14 octobre 2015,LOI,JORFDOLE000030536694,14,1
L651-2,LEGIARTI000034129993,2017-07-01,Livre VI : RÈGLEMENT DES LITIGES,Ordonnance n°2017-269 du 2 mars 2017,ORDONNANCE,,Ordonnance n°2017-269 du 2 mars 2017,ORDONNANCE,JORFDOLE000034131633,14,0
L711-1,LEGIARTI000045178302,2022-02-16,Livre VII : TRAITEMENT DES SITUATIONS DE SURENDETTEMENT,LOI n°2022-172 du 14 février 2022,LOI,L330-1,LOI n°2013-672 du 26 juillet 2013,LOI,JORFDOLE000026795365,14,1
L711-2,LEGIARTI000045178298,2022-02-16,Livre VII : TRAITEMENT DES SITUATIONS DE SURENDETTEMENT,LOI n°2022-172 du 14 février 2022,LOI,L333-3-1,Loi n°95-125 du 8 février 1995,LOI,,,0
L711-3,LEGIARTI000032224601,2016-07-01,Livre VII : TRAITEMENT DES SITUATIONS DE SURENDETTEMENT,Ordonnance n°2016-301 du 14 mars 2016,ORDONNANCE,L333-3,LOI n°2010-737 du 1er juillet 2010,LOI,JORFDOLE000020542090,13,1
L711-4,LEGIARTI000046811357,2022-12-25,Livre VII : TRAITEMENT DES SITUATIONS DE SURENDETTEMENT,LOI n°2022-1616 du 23 décembre 2022,LOI,L333-1,LOI n°2015-1702 du 21 décembre 2015,LOI,JORFDOLE000031278667,14,1
L711-5,LEGIARTI000033461361,2018-01-01,Livre VII : TRAITEMENT DES SITUATIONS DE SURENDETTEMENT,LOI n°2016-1547 du 18 novembre 2016,LOI,L333-1-2,LOI n°2013-672 du 26 juillet 2013,LOI,JORFDOLE000026795365,14,1
L711-6,LEGIARTI000032224593,2016-07-01,Livre VII : TRAITEMENT DES SITUATIONS DE SURENDETTEMENT,Ordonnance n°2016-301 du 14 mars 2016,ORDONNANCE,L333-1-1,Ordonnance n°2013-544 du 27 juin 2013,ORDONNANCE,JORFDOLE000027621336,14,0
L711-7,LEGIARTI000032224589,2016-07-01,Livre VII : TRAITEMENT DES SITUATIONS DE SURENDETTEMENT,Ordonnance n°2016-301 du 14 mars 2016,ORDONNANCE,L333-7,LOI n°2013-672 du 26 juillet 2013,LOI,JORFDOLE000026795365,14,1
L711-8,LEGIARTI000033461352,2018-01-01,Livre VII : TRAITEMENT DES SITUATIONS DE SURENDETTEMENT,LOI n°2016-1547 du 18 novembre 2016,LOI,L333-7,LOI n°2013-672 du 26 juillet 2013,LOI,JORFDOLE000026795365,14,1
L711-9,LEGIARTI000045171187,2022-05-15,Livre VII : TRAITEMENT DES SITUATIONS DE SURENDETTEMENT,LOI n°2022-172 du 14 février 2022,LOI,,LOI n°2022-172 du 14 février 2022,LOI,JORFDOLE000044125588,15,1
L712-1,LEGIARTI000032224583,2016-07-01,Livre VII : TRAITEMENT DES SITUATIONS DE SURENDETTEMENT,Ordonnance n°2016-301 du 14 mars 2016,ORDONNANCE,L331-2,LOI n°2015-994 du 17 août 2015,LOI,JORFDOLE000030513128,14,1
L712-2,LEGIARTI000039119645,2020-01-01,Livre VII : TRAITEMENT DES SITUATIONS DE SURENDETTEMENT,Ordonnance n°2019-964 du 18 septembre 2019,ORDONNANCE,,Ordonnance n°2019-964 du 18 septembre 2019,ORDONNANCE,JORFDOLE000039114475,15,0
L712-3,LEGIARTI000039119641,2020-01-01,Livre VII : TRAITEMENT DES SITUATIONS DE SURENDETTEMENT,Ordonnance n°2019-964 du 18 septembre 2019,ORDONNANCE,L333-2,LOI n°2010-1609 du 22 décembre 2010,LOI,JORFDOLE000020132583,13,1
L712-4,LEGIARTI000032224577,2016-07-01,Livre VII : TRAITEMENT DES SITUATIONS DE SURENDETTEMENT,Ordonnance n°2016-301 du 14 mars 2016,ORDONNANCE,L331-1,LOI n°2013-672 du 26 juillet 2013,LOI,JORFDOLE000026795365,14,1
L712-5,LEGIARTI000032224575,2016-07-01,Livre VII : TRAITEMENT DES SITUATIONS DE SURENDETTEMENT,Ordonnance n°2016-301 du 14 mars 2016,ORDONNANCE,L331-11,LOI n°2013-100 du 28 janvier 2013,LOI,JORFDOLE000026246096,14,1
L712-6,LEGIARTI000032224573,2016-07-01,Livre VII : TRAITEMENT DES SITUATIONS DE SURENDETTEMENT,Ordonnance n°2016-301 du 14 mars 2016,ORDONNANCE,L331-3,LOI n°2014-366 du 24 mars 2014,LOI,JORFDOLE000027617351,14,1
L712-7,LEGIARTI000032224571,2016-07-01,Livre VII : TRAITEMENT DES SITUATIONS DE SURENDETTEMENT,Ordonnance n°2016-301 du 14 mars 2016,ORDONNANCE,L331-3,LOI n°2014-366 du 24 mars 2014,LOI,JORFDOLE000027617351,14,1
L712-8,LEGIARTI000032224569,2016-07-01,Livre VII : TRAITEMENT DES SITUATIONS DE SURENDETTEMENT,Ordonnance n°2016-301 du 14 mars 2016,ORDONNANCE,L331-3,LOI n°2014-366 du 24 mars 2014,LOI,JORFDOLE000027617351,14,1
L712-9,LEGIARTI000032224567,2016-07-01,Livre VII : TRAITEMENT DES SITUATIONS DE SURENDETTEMENT,Ordonnance n°2016-301 du 14 mars 2016,ORDONNANCE,L331-3,LOI n°2014-366 du 24 mars 2014,LOI,JORFDOLE000027617351,14,1
L713-1,LEGIARTI000039119638,2020-01-01,Livre VII : TRAITEMENT DES SITUATIONS DE SURENDETTEMENT,Ordonnance n°2019-964 du 18 septembre 2019,ORDONNANCE,L330-1,LOI n°2013-672 du 26 juillet 2013,LOI,JORFDOLE000026795365,14,1
L714-1,LEGIARTI000037650242,2019-03-01,Livre VII : TRAITEMENT DES SITUATIONS DE SURENDETTEMENT,LOI n°2018-1021 du 23 novembre 2018,LOI,,LOI n°2018-1021 du 23 novembre 2018,LOI,JORFDOLE000036769798,15,1
L721-1,LEGIARTI000032224556,2016-07-01,Livre VII : TRAITEMENT DES SITUATIONS DE SURENDETTEMENT,Ordonnance n°2016-301 du 14 mars 2016,ORDONNANCE,L331-3,LOI n°2014-366 du 24 mars 2014,LOI,JORFDOLE000027617351,14,1
L721-2,LEGIARTI000032224554,2016-07-01,Livre VII : TRAITEMENT DES SITUATIONS DE SURENDETTEMENT,Ordonnance n°2016-301 du 14 mars 2016,ORDONNANCE,L331-3,LOI n°2014-366 du 24 mars 2014,LOI,JORFDOLE000027617351,14,1
L721-3,LEGIARTI000034073071,2017-02-23,Livre VII : TRAITEMENT DES SITUATIONS DE SURENDETTEMENT,LOI n°2017-203 du 21 février 2017,LOI,L331-11,LOI n°2013-100 du 28 janvier 2013,LOI,JORFDOLE000026246096,14,1
L721-4,LEGIARTI000039119635,2020-01-01,Livre VII : TRAITEMENT DES SITUATIONS DE SURENDETTEMENT,Ordonnance n°2019-964 du 18 septembre 2019,ORDONNANCE,L331-5,LOI n°2010-1609 du 22 décembre 2010,LOI,JORFDOLE000020132583,13,1
L721-5,LEGIARTI000034073066,2017-02-23,Livre VII : TRAITEMENT DES SITUATIONS DE SURENDETTEMENT,LOI n°2017-203 du 21 février 2017,LOI,L331-7,LOI n°2014-344 du 17 mars 2014,LOI,JORFDOLE000027383756,14,1
L721-6,LEGIARTI000032224546,2016-07-01,Livre VII : TRAITEMENT DES SITUATIONS DE SURENDETTEMENT,Ordonnance n°2016-301 du 14 mars 2016,ORDONNANCE,L331-5,LOI n°2010-1609 du 22 décembre 2010,LOI,JORFDOLE000020132583,13,1
L721-7,LEGIARTI000032224544,2016-07-01,Livre VII : TRAITEMENT DES SITUATIONS DE SURENDETTEMENT,Ordonnance n°2016-301 du 14 mars 2016,ORDONNANCE,L331-5,LOI n°2010-1609 du 22 décembre 2010,LOI,JORFDOLE000020132583,13,1
L722-1,LEGIARTI000032224538,2016-07-01,Livre VII : TRAITEMENT DES SITUATIONS DE SURENDETTEMENT,Ordonnance n°2016-301 du 14 mars 2016,ORDONNANCE,,Ordonnance n°2016-301 du 14 mars 2016,ORDONNANCE,JORFDOLE000032223954,14,0
L722-10,LEGIARTI000038833747,2019-09-01,Livre VII : TRAITEMENT DES SITUATIONS DE SURENDETTEMENT,Ordonnance n°2019-770 du 17 juillet 2019,ORDONNANCE,L331-3-1,LOI n° 2013-672 du 26 juillet 2013,LOI,JORFDOLE000026795365,14,1
L722-11,LEGIARTI000032224510,2016-07-01,Livre VII : TRAITEMENT DES SITUATIONS DE SURENDETTEMENT,Ordonnance n°2016-301 du 14 mars 2016,ORDONNANCE,L331-3-1,LOI n° 2013-672 du 26 juillet 2013,LOI,JORFDOLE000026795365,14,1
L722-12,LEGIARTI000032224508,2016-07-01,Livre VII : TRAITEMENT DES SITUATIONS DE SURENDETTEMENT,Ordonnance n°2016-301 du 14 mars 2016,ORDONNANCE,L331-3,LOI n°2014-366 du 24 mars 2014,LOI,JORFDOLE000027617351,14,1
L722-13,LEGIARTI000032224506,2016-07-01,Livre VII : TRAITEMENT DES SITUATIONS DE SURENDETTEMENT,Ordonnance n°2016-301 du 14 mars 2016,ORDONNANCE,L331-3-1,LOI n° 2013-672 du 26 juillet 2013,LOI,JORFDOLE000026795365,14,1
L722-14,LEGIARTI000033461307,2018-01-01,Livre VII : TRAITEMENT DES SITUATIONS DE SURENDETTEMENT,LOI n°2016-1547 du 18 novembre 2016,LOI,L331-3-1,LOI n° 2013-672 du 26 juillet 2013,LOI,JORFDOLE000026795365,14,1
L722-15,LEGIARTI000032224502,2016-07-01,Livre VII : TRAITEMENT DES SITUATIONS DE SURENDETTEMENT,Ordonnance n°2016-301 du 14 mars 2016,ORDONNANCE,L331-3-1,LOI n° 2013-672 du 26 juillet 2013,LOI,JORFDOLE000026795365,14,1
L722-16,LEGIARTI000037670142,2019-03-01,Livre VII : TRAITEMENT DES SITUATIONS DE SURENDETTEMENT,LOI n°2018-1021 du 23 novembre 2018,LOI,L331-3-1,LOI n° 2013-672 du 26 juillet 2013,LOI,JORFDOLE000026795365,14,1
L722-2,LEGIARTI000032224532,2016-07-01,Livre VII : TRAITEMENT DES SITUATIONS DE SURENDETTEMENT,Ordonnance n°2016-301 du 14 mars 2016,ORDONNANCE,L331-3-1,LOI n° 2013-672 du 26 juillet 2013,LOI,JORFDOLE000026795365,14,1
L722-3,LEGIARTI000033461315,2018-01-01,Livre VII : TRAITEMENT DES SITUATIONS DE SURENDETTEMENT,LOI n°2016-1547 du 18 novembre 2016,LOI,L331-3-1,LOI n° 2013-672 du 26 juillet 2013,LOI,JORFDOLE000026795365,14,1
L722-4,LEGIARTI000032224528,2016-07-01,Livre VII : TRAITEMENT DES SITUATIONS DE SURENDETTEMENT,Ordonnance n°2016-301 du 14 mars 2016,ORDONNANCE,L331-3-1,LOI n° 2013-672 du 26 juillet 2013,LOI,JORFDOLE000026795365,14,1
L722-5,LEGIARTI000039119629,2020-01-01,Livre VII : TRAITEMENT DES SITUATIONS DE SURENDETTEMENT,Ordonnance n°2019-964 du 18 septembre 2019,ORDONNANCE,L331-3-1,LOI n° 2013-672 du 26 juillet 2013,LOI,JORFDOLE000026795365,14,1
L722-6,LEGIARTI000039119626,2020-01-01,Livre VII : TRAITEMENT DES SITUATIONS DE SURENDETTEMENT,Ordonnance n°2019-964 du 18 septembre 2019,ORDONNANCE,L331-3-2,LOI n°2013-672 du 26 juillet 2013,LOI,JORFDOLE000026795365,14,1
L722-7,LEGIARTI000032224520,2016-07-01,Livre VII : TRAITEMENT DES SITUATIONS DE SURENDETTEMENT,Ordonnance n°2016-301 du 14 mars 2016,ORDONNANCE,L331-3-2,LOI n°2013-672 du 26 juillet 2013,LOI,JORFDOLE000026795365,14,1
L722-8,LEGIARTI000032224518,2016-07-01,Livre VII : TRAITEMENT DES SITUATIONS DE SURENDETTEMENT,Ordonnance n°2016-301 du 14 mars 2016,ORDONNANCE,L331-3-2,LOI n°2013-672 du 26 juillet 2013,LOI,JORFDOLE000026795365,14,1
L722-9,LEGIARTI000033461343,2018-01-01,Livre VII : TRAITEMENT DES SITUATIONS DE SURENDETTEMENT,LOI n°2016-1547 du 18 novembre 2016,LOI,L331-3-2,LOI n°2013-672 du 26 juillet 2013,LOI,JORFDOLE000026795365,14,1
L723-1,LEGIARTI000032224496,2016-07-01,Livre VII : TRAITEMENT DES SITUATIONS DE SURENDETTEMENT,Ordonnance n°2016-301 du 14 mars 2016,ORDONNANCE,L331-3,LOI n°2014-366 du 24 mars 2014,LOI,JORFDOLE000027617351,14,1
L723-2,LEGIARTI000032224494,2016-07-01,Livre VII : TRAITEMENT DES SITUATIONS DE SURENDETTEMENT,Ordonnance n°2016-301 du 14 mars 2016,ORDONNANCE,L331-4,LOI n°2010-1609 du 22 décembre 2010,LOI,JORFDOLE000020132583,13,1
L723-3,LEGIARTI000039119622,2020-01-01,Livre VII : TRAITEMENT DES SITUATIONS DE SURENDETTEMENT,Ordonnance n°2019-964 du 18 septembre 2019,ORDONNANCE,L331-4,LOI n°2010-1609 du 22 décembre 2010,LOI,JORFDOLE000020132583,13,1
L723-4,LEGIARTI000039119619,2020-01-01,Livre VII : TRAITEMENT DES SITUATIONS DE SURENDETTEMENT,Ordonnance n°2019-964 du 18 septembre 2019,ORDONNANCE,L331-4,LOI n°2010-1609 du 22 décembre 2010,LOI,JORFDOLE000020132583,13,1
L724-1,LEGIARTI000039119611,2020-01-01,Livre VII : TRAITEMENT DES SITUATIONS DE SURENDETTEMENT,Ordonnance n°2019-964 du 18 septembre 2019,ORDONNANCE,L330-1,LOI n°2013-672 du 26 juillet 2013,LOI,JORFDOLE000026795365,14,1
L724-2,LEGIARTI000033461299,2018-01-01,Livre VII : TRAITEMENT DES SITUATIONS DE SURENDETTEMENT,LOI n°2016-1547 du 18 novembre 2016,LOI,L331-7-3,LOI n°2013-672 du 26 juillet 2013,LOI,JORFDOLE000026795365,14,1
L724-3,LEGIARTI000039119606,2020-01-01,Livre VII : TRAITEMENT DES SITUATIONS DE SURENDETTEMENT,Ordonnance n°2019-964 du 18 septembre 2019,ORDONNANCE,L331-7-3,LOI n°2013-672 du 26 juillet 2013,LOI,JORFDOLE000026795365,14,1
L724-4,LEGIARTI000033461284,2018-01-01,Livre VII : TRAITEMENT DES SITUATIONS DE SURENDETTEMENT,LOI n°2016-1547 du 18 novembre 2016,LOI,L331-7-3,LOI n°2013-672 du 26 juillet 2013,LOI,JORFDOLE000026795365,14,1
L724-5,LEGIARTI000032224478,2016-07-01,Livre VII : TRAITEMENT DES SITUATIONS DE SURENDETTEMENT,Ordonnance n°2016-301 du 14 mars 2016,ORDONNANCE,L331-7-3,LOI n°2013-672 du 26 juillet 2013,LOI,JORFDOLE000026795365,14,1
L731-1,LEGIARTI000033461275,2018-01-01,Livre VII : TRAITEMENT DES SITUATIONS DE SURENDETTEMENT,LOI n°2016-1691 du 9 décembre 2016,LOI,L331-2,LOI n°2015-994 du 17 août 2015,LOI,JORFDOLE000030513128,14,1
L731-2,LEGIARTI000032224470,2016-07-01,Livre VII : TRAITEMENT DES SITUATIONS DE SURENDETTEMENT,Ordonnance n°2016-301 du 14 mars 2016,ORDONNANCE,L331-2,LOI n°2015-994 du 17 août 2015,LOI,JORFDOLE000030513128,14,1
L731-3,LEGIARTI000033461267,2018-01-01,Livre VII : TRAITEMENT DES SITUATIONS DE SURENDETTEMENT,LOI n°2016-1547 du 18 novembre 2016,LOI,L331-2,LOI n°2015-994 du 17 août 2015,LOI,JORFDOLE000030513128,14,1
L732-1,LEGIARTI000033612447,2018-01-01,Livre VII : TRAITEMENT DES SITUATIONS DE SURENDETTEMENT,LOI n° 2016-1691 du 9 décembre 2016,LOI,L331-6,LOI n°2014-344 du 17 mars 2014,LOI,JORFDOLE000027383756,14,1
L732-2,LEGIARTI000032224461,2016-07-01,Livre VII : TRAITEMENT DES SITUATIONS DE SURENDETTEMENT,Ordonnance n°2016-301 du 14 mars 2016,ORDONNANCE,L331-6,LOI n°2014-344 du 17 mars 2014,LOI,JORFDOLE000027383756,14,1
L732-3,LEGIARTI000033612444,2018-01-01,Livre VII : TRAITEMENT DES SITUATIONS DE SURENDETTEMENT,LOI n°2016-1691 du 9 décembre 2016,LOI,L331-6,LOI n°2014-344 du 17 mars 2014,LOI,JORFDOLE000027383756,14,1
L733-1,LEGIARTI000033612441,2018-01-01,Livre VII : TRAITEMENT DES SITUATIONS DE SURENDETTEMENT,LOI n°2016-1691 du 9 décembre 2016,LOI,L331-7,LOI n°2014-344 du 17 mars 2014,LOI,JORFDOLE000027383756,14,1
L733-10,LEGIARTI000039119599,2020-01-01,Livre VII : TRAITEMENT DES SITUATIONS DE SURENDETTEMENT,Ordonnance n°2019-964 du 18 septembre 2019,ORDONNANCE,L332-1,LOI n°2010-1609 du 22 décembre 2010,LOI,JORFDOLE000020132583,13,1
L733-11,LEGIARTI000033461202,2018-01-01,Livre VII : TRAITEMENT DES SITUATIONS DE SURENDETTEMENT,LOI n°2016-1547 du 18 novembre 2016,LOI,L332-1,LOI n°2010-1609 du 22 décembre 2010,LOI,JORFDOLE000020132583,13,1
L733-12,LEGIARTI000033461177,2018-01-01,Livre VII : TRAITEMENT DES SITUATIONS DE SURENDETTEMENT,LOI n°2016-1547 du 18 novembre 2016,LOI,L332-2,LOI n°2010-1609 du 22 décembre 2010,LOI,JORFDOLE000020132583,13,1
L733-13,LEGIARTI000033461192,2018-01-01,Livre VII : TRAITEMENT DES SITUATIONS DE SURENDETTEMENT,LOI n°2016-1547 du 18 novembre 2016,LOI,L332-2,LOI n°2010-1609 du 22 décembre 2010,LOI,JORFDOLE000020132583,13,1
L733-14,LEGIARTI000039119594,2020-01-01,Livre VII : TRAITEMENT DES SITUATIONS DE SURENDETTEMENT,Ordonnance n°2019-964 du 18 septembre 2019,ORDONNANCE,L332-2,LOI n°2010-1609 du 22 décembre 2010,LOI,JORFDOLE000020132583,13,1
L733-15,LEGIARTI000033461162,2018-01-01,Livre VII : TRAITEMENT DES SITUATIONS DE SURENDETTEMENT,LOI n°2016-1547 du 18 novembre 2016,LOI,L330-1,LOI n°2013-672 du 26 juillet 2013,LOI,JORFDOLE000026795365,14,1
L733-16,LEGIARTI000033461153,2018-01-01,Livre VII : TRAITEMENT DES SITUATIONS DE SURENDETTEMENT,LOI n°2016-1547 du 18 novembre 2016,LOI,L331-8,LOI n°2010-737 du 1er juillet 2010,LOI,JORFDOLE000020542090,13,1
L733-17,LEGIARTI000033461142,2018-01-01,Livre VII : TRAITEMENT DES SITUATIONS DE SURENDETTEMENT,LOI n°2016-1547 du 18 novembre 2016,LOI,L331-9,LOI n°2010-737 du 1er juillet 2010,LOI,JORFDOLE000020542090,13,1
L733-2,LEGIARTI000033461250,2018-01-01,Livre VII : TRAITEMENT DES SITUATIONS DE SURENDETTEMENT,LOI n°2016-1547 du 18 novembre 2016,LOI,L331-7,LOI n°2014-344 du 17 mars 2014,LOI,JORFDOLE000027383756,14,1
L733-3,LEGIARTI000032224447,2016-07-01,Livre VII : TRAITEMENT DES SITUATIONS DE SURENDETTEMENT,Ordonnance n°2016-301 du 14 mars 2016,ORDONNANCE,L331-7,LOI n°2014-344 du 17 mars 2014,LOI,JORFDOLE000027383756,14,1
L733-4,LEGIARTI000033461247,2018-01-01,Livre VII : TRAITEMENT DES SITUATIONS DE SURENDETTEMENT,LOI n°2016-1547 du 18 novembre 2016,LOI,L331-7,LOI n°2014-344 du 17 mars 2014,LOI,JORFDOLE000027383756,14,1
L733-5,LEGIARTI000032224443,2016-07-01,Livre VII : TRAITEMENT DES SITUATIONS DE SURENDETTEMENT,Ordonnance n°2016-301 du 14 mars 2016,ORDONNANCE,L331-7,LOI n°2014-344 du 17 mars 2014,LOI,JORFDOLE000027383756,14,1
L733-6,LEGIARTI000044981765,2022-01-01,Livre VII : TRAITEMENT DES SITUATIONS DE SURENDETTEMENT,LOI n°2021-1900 du 30 décembre 2021,LOI,L331-7,LOI n°2014-344 du 17 mars 2014,LOI,JORFDOLE000027383756,14,1
L733-7,LEGIARTI000033461232,2018-01-01,Livre VII : TRAITEMENT DES SITUATIONS DE SURENDETTEMENT,LOI n°2016-1547 du 18 novembre 2016,LOI,L331-7-1,LOI n°2013-672 du 26 juillet 2013,LOI,JORFDOLE000026795365,14,1
L733-8,LEGIARTI000033461225,2018-01-01,Livre VII : TRAITEMENT DES SITUATIONS DE SURENDETTEMENT,LOI n°2016-1547 du 18 novembre 2016,LOI,L331-7-2,LOI n°2010-737 du 1er juillet 2010,LOI,JORFDOLE000020542090,13,1
L733-9,LEGIARTI000033461220,2018-01-01,Livre VII : TRAITEMENT DES SITUATIONS DE SURENDETTEMENT,LOI n°2016-1547 du 18 novembre 2016,LOI,L331-3,LOI n°2014-366 du 24 mars 2014,LOI,JORFDOLE000027617351,14,1
L741-1,LEGIARTI000033461110,2018-01-01,Livre VII : TRAITEMENT DES SITUATIONS DE SURENDETTEMENT,LOI n°2016-1547 du 18 novembre 2016,LOI,L332-5,LOI n°2014-366 du 24 mars 2014,LOI,JORFDOLE000027617351,14,1
L741-2,LEGIARTI000042012852,2020-06-19,Livre VII : TRAITEMENT DES SITUATIONS DE SURENDETTEMENT,LOI n°2020-734 du 17 juin 2020,LOI,L332-5,LOI n°2014-366 du 24 mars 2014,LOI,JORFDOLE000027617351,14,1
L741-3,LEGIARTI000033461099,2018-01-01,Livre VII : TRAITEMENT DES SITUATIONS DE SURENDETTEMENT,LOI n°2016-1547 du 18 novembre 2016,LOI,L332-5,LOI n°2014-366 du 24 mars 2014,LOI,JORFDOLE000027617351,14,1
L741-4,LEGIARTI000039119579,2020-01-01,Livre VII : TRAITEMENT DES SITUATIONS DE SURENDETTEMENT,Ordonnance n°2019-964 du 18 septembre 2019,ORDONNANCE,L332-5,LOI n°2014-366 du 24 mars 2014,LOI,JORFDOLE000027617351,14,1
L741-5,LEGIARTI000033461093,2018-01-01,Livre VII : TRAITEMENT DES SITUATIONS DE SURENDETTEMENT,LOI n°2016-1547 du 18 novembre 2016,LOI,L332-5-1,LOI n°2014-366 du 24 mars 2014,LOI,JORFDOLE000027617351,14,1
L741-6,LEGIARTI000033461088,2018-01-01,Livre VII : TRAITEMENT DES SITUATIONS DE SURENDETTEMENT,LOI n°2016-1547 du 18 novembre 2016,LOI,L332-5-1,LOI n°2014-366 du 24 mars 2014,LOI,JORFDOLE000027617351,14,1
L741-7,LEGIARTI000039119558,2020-01-01,Livre VII : TRAITEMENT DES SITUATIONS DE SURENDETTEMENT,Ordonnance n°2019-964 du 18 septembre 2019,ORDONNANCE,L332-5-1,LOI n°2014-366 du 24 mars 2014,LOI,JORFDOLE000027617351,14,1
L741-8,LEGIARTI000033461072,2018-01-01,Livre VII : TRAITEMENT DES SITUATIONS DE SURENDETTEMENT,LOI n°2016-1547 du 18 novembre 2016,LOI,L332-5-2,LOI n°2014-366 du 24 mars 2014,LOI,JORFDOLE000027617351,14,1
L741-9,LEGIARTI000033461067,2018-01-01,Livre VII : TRAITEMENT DES SITUATIONS DE SURENDETTEMENT,LOI n°2016-1547 du 18 novembre 2016,LOI,L332-5-2,LOI n°2014-366 du 24 mars 2014,LOI,JORFDOLE000027617351,14,1
L742-1,LEGIARTI000039119534,2020-01-01,Livre VII : TRAITEMENT DES SITUATIONS DE SURENDETTEMENT,Ordonnance n°2019-964 du 18 septembre 2019,ORDONNANCE,L331-3,LOI n°2014-366 du 24 mars 2014,LOI,JORFDOLE000027617351,14,1
L742-10,LEGIARTI000032224355,2016-07-01,Livre VII : TRAITEMENT DES SITUATIONS DE SURENDETTEMENT,Ordonnance n°2016-301 du 14 mars 2016,ORDONNANCE,L332-7,Loi n°2003-710 du 1 août 2003,LOI,JORFDOLE000017760141,12,0
L742-11,LEGIARTI000032224353,2016-07-01,Livre VII : TRAITEMENT DES SITUATIONS DE SURENDETTEMENT,Ordonnance n°2016-301 du 14 mars 2016,ORDONNANCE,L332-7,Loi n°2003-710 du 1 août 2003,LOI,JORFDOLE000017760141,12,0
L742-12,LEGIARTI000032224351,2016-07-01,Livre VII : TRAITEMENT DES SITUATIONS DE SURENDETTEMENT,Ordonnance n°2016-301 du 14 mars 2016,ORDONNANCE,L332-7,Loi n°2003-710 du 1 août 2003,LOI,JORFDOLE000017760141,12,0
L742-13,LEGIARTI000032224349,2016-07-01,Livre VII : TRAITEMENT DES SITUATIONS DE SURENDETTEMENT,Ordonnance n°2016-301 du 14 mars 2016,ORDONNANCE,L332-8,Loi n°2007-290 du 5 mars 2007,LOI,JORFDOLE000017758233,12,0
L742-14,LEGIARTI000032224345,2016-07-01,Livre VII : TRAITEMENT DES SITUATIONS DE SURENDETTEMENT,Ordonnance n°2016-301 du 14 mars 2016,ORDONNANCE,L332-8,Loi n°2007-290 du 5 mars 2007,LOI,JORFDOLE000017758233,12,0
L742-15,LEGIARTI000032224343,2016-07-01,Livre VII : TRAITEMENT DES SITUATIONS DE SURENDETTEMENT,Ordonnance n°2016-301 du 14 mars 2016,ORDONNANCE,L332-8,Loi n°2007-290 du 5 mars 2007,LOI,JORFDOLE000017758233,12,0
L742-16,LEGIARTI000032224341,2016-07-01,Livre VII : TRAITEMENT DES SITUATIONS DE SURENDETTEMENT,Ordonnance n°2016-301 du 14 mars 2016,ORDONNANCE,L332-8,Loi n°2007-290 du 5 mars 2007,LOI,JORFDOLE000017758233,12,0
L742-17,LEGIARTI000032224339,2016-07-01,Livre VII : TRAITEMENT DES SITUATIONS DE SURENDETTEMENT,Ordonnance n°2016-301 du 14 mars 2016,ORDONNANCE,L332-8,Loi n°2007-290 du 5 mars 2007,LOI,JORFDOLE000017758233,12,0
L742-18,LEGIARTI000032224337,2016-07-01,Livre VII : TRAITEMENT DES SITUATIONS DE SURENDETTEMENT,Ordonnance n°2016-301 du 14 mars 2016,ORDONNANCE,L332-8,Loi n°2007-290 du 5 mars 2007,LOI,JORFDOLE000017758233,12,0
L742-19,LEGIARTI000032224335,2016-07-01,Livre VII : TRAITEMENT DES SITUATIONS DE SURENDETTEMENT,Ordonnance n°2016-301 du 14 mars 2016,ORDONNANCE,L332-8,Loi n°2007-290 du 5 mars 2007,LOI,JORFDOLE000017758233,12,0
L742-2,LEGIARTI000039119574,2020-01-01,Livre VII : TRAITEMENT DES SITUATIONS DE SURENDETTEMENT,Ordonnance n°2019-964 du 18 septembre 2019,ORDONNANCE,L330-1,LOI n°2013-672 du 26 juillet 2013,LOI,JORFDOLE000026795365,14,1
L742-20,LEGIARTI000032224331,2016-07-01,Livre VII : TRAITEMENT DES SITUATIONS DE SURENDETTEMENT,Ordonnance n°2016-301 du 14 mars 2016,ORDONNANCE,L332-6-1,LOI n°2014-366 du 24 mars 2014,LOI,JORFDOLE000027617351,14,1
L742-21,LEGIARTI000032224329,2016-07-01,Livre VII : TRAITEMENT DES SITUATIONS DE SURENDETTEMENT,Ordonnance n°2016-301 du 14 mars 2016,ORDONNANCE,L332-9,LOI n°2014-366 du 24 mars 2014,LOI,JORFDOLE000027617351,14,1
L742-22,LEGIARTI000042012847,2020-06-19,Livre VII : TRAITEMENT DES SITUATIONS DE SURENDETTEMENT,LOI n°2020-734 du 17 juin 2020,LOI,L332-9,LOI n°2014-366 du 24 mars 2014,LOI,JORFDOLE000027617351,14,1
L742-23,LEGIARTI000032224325,2016-07-01,Livre VII : TRAITEMENT DES SITUATIONS DE SURENDETTEMENT,Ordonnance n°2016-301 du 14 mars 2016,ORDONNANCE,L332-9,LOI n°2014-366 du 24 mars 2014,LOI,JORFDOLE000027617351,14,1
L742-24,LEGIARTI000033461061,2018-01-01,Livre VII : TRAITEMENT DES SITUATIONS DE SURENDETTEMENT,LOI n°2016-1547 du 18 novembre 2016,LOI,L332-10,LOI n°2014-344 du 17 mars 2014,LOI,JORFDOLE000027383756,14,1
L742-25,LEGIARTI000032224318,2016-07-01,Livre VII : TRAITEMENT DES SITUATIONS DE SURENDETTEMENT,Ordonnance n°2016-301 du 14 mars 2016,ORDONNANCE,L332-10,LOI n°2014-344 du 17 mars 2014,LOI,JORFDOLE000027383756,14,1
L742-3,LEGIARTI000032224372,2016-07-01,Livre VII : TRAITEMENT DES SITUATIONS DE SURENDETTEMENT,Ordonnance n°2016-301 du 14 mars 2016,ORDONNANCE,L332-6,LOI n°2010-1609 du 22 décembre 2010,LOI,JORFDOLE000020132583,13,1
L742-4,LEGIARTI000032224370,2016-07-01,Livre VII : TRAITEMENT DES SITUATIONS DE SURENDETTEMENT,Ordonnance n°2016-301 du 14 mars 2016,ORDONNANCE,L332-6,LOI n°2010-1609 du 22 décembre 2010,LOI,JORFDOLE000020132583,13,1
L742-5,LEGIARTI000032224368,2016-07-01,Livre VII : TRAITEMENT DES SITUATIONS DE SURENDETTEMENT,Ordonnance n°2016-301 du 14 mars 2016,ORDONNANCE,L332-6,LOI n°2010-1609 du 22 décembre 2010,LOI,JORFDOLE000020132583,13,1
L742-6,LEGIARTI000032224365,2016-07-01,Livre VII : TRAITEMENT DES SITUATIONS DE SURENDETTEMENT,Ordonnance n°2016-301 du 14 mars 2016,ORDONNANCE,L332-6,LOI n°2010-1609 du 22 décembre 2010,LOI,JORFDOLE000020132583,13,1
L742-7,LEGIARTI000032224363,2016-07-01,Livre VII : TRAITEMENT DES SITUATIONS DE SURENDETTEMENT,Ordonnance n°2016-301 du 14 mars 2016,ORDONNANCE,L332-6,LOI n°2010-1609 du 22 décembre 2010,LOI,JORFDOLE000020132583,13,1
L742-8,LEGIARTI000032224361,2016-07-01,Livre VII : TRAITEMENT DES SITUATIONS DE SURENDETTEMENT,Ordonnance n°2016-301 du 14 mars 2016,ORDONNANCE,L332-7,Loi n°2003-710 du 1 août 2003,LOI,JORFDOLE000017760141,12,0
L742-9,LEGIARTI000032224359,2016-07-01,Livre VII : TRAITEMENT DES SITUATIONS DE SURENDETTEMENT,Ordonnance n°2016-301 du 14 mars 2016,ORDONNANCE,L332-7,Loi n°2003-710 du 1 août 2003,LOI,JORFDOLE000017760141,12,0
L743-1,LEGIARTI000033461038,2018-01-01,Livre VII : TRAITEMENT DES SITUATIONS DE SURENDETTEMENT,LOI n°2016-1547 du 18 novembre 2016,LOI,L332-11,LOI n°2013-672 du 26 juillet 2013,LOI,JORFDOLE000026795365,14,1
L743-2,LEGIARTI000033461409,2016-11-20,Livre VII : TRAITEMENT DES SITUATIONS DE SURENDETTEMENT,,,L332-12,Loi n°2003-710 du 1 août 2003,LOI,JORFDOLE000017760141,12,0
L751-1,LEGIARTI000032224306,2016-07-01,Livre VII : TRAITEMENT DES SITUATIONS DE SURENDETTEMENT,Ordonnance n°2016-301 du 14 mars 2016,ORDONNANCE,L333-4,LOI n°2014-344 du 17 mars 2014,LOI,JORFDOLE000027383756,14,1
L751-2,LEGIARTI000049398728,2024-04-11,Livre VII : TRAITEMENT DES SITUATIONS DE SURENDETTEMENT,LOI n°2024-322 du 9 avril 2024,LOI,L333-4,LOI n°2014-344 du 17 mars 2014,LOI,JORFDOLE000027383756,14,1
L751-3,LEGIARTI000049398723,2024-04-11,Livre VII : TRAITEMENT DES SITUATIONS DE SURENDETTEMENT,LOI n°2024-322 du 9 avril 2024,LOI,L333-4,LOI n°2014-344 du 17 mars 2014,LOI,JORFDOLE000027383756,14,1
L751-4,LEGIARTI000032224300,2016-07-01,Livre VII : TRAITEMENT DES SITUATIONS DE SURENDETTEMENT,Ordonnance n°2016-301 du 14 mars 2016,ORDONNANCE,L333-4,LOI n°2014-344 du 17 mars 2014,LOI,JORFDOLE000027383756,14,1
L751-5,LEGIARTI000049398716,2024-04-11,Livre VII : TRAITEMENT DES SITUATIONS DE SURENDETTEMENT,LOI n°2024-322 du 9 avril 2024,LOI,L333-4,LOI n°2014-344 du 17 mars 2014,LOI,JORFDOLE000027383756,14,1
L751-6,LEGIARTI000049398709,2024-04-11,Livre VII : TRAITEMENT DES SITUATIONS DE SURENDETTEMENT,LOI n°2024-322 du 9 avril 2024,LOI,L333-5,LOI n°2010-737 du 1er juillet 2010,LOI,JORFDOLE000020542090,13,1
L752-1,LEGIARTI000032224292,2016-07-01,Livre VII : TRAITEMENT DES SITUATIONS DE SURENDETTEMENT,Ordonnance n°2016-301 du 14 mars 2016,ORDONNANCE,L333-4,LOI n°2014-344 du 17 mars 2014,LOI,JORFDOLE000027383756,14,1
L752-2,LEGIARTI000039119548,2020-01-01,Livre VII : TRAITEMENT DES SITUATIONS DE SURENDETTEMENT,Ordonnance n°2019-964 du 18 septembre 2019,ORDONNANCE,L333-4,LOI n°2014-344 du 17 mars 2014,LOI,JORFDOLE000027383756,14,1
L752-3,LEGIARTI000039119541,2020-01-01,Livre VII : TRAITEMENT DES SITUATIONS DE SURENDETTEMENT,Ordonnance n°2019-964 du 18 septembre 2019,ORDONNANCE,L333-4,LOI n°2014-344 du 17 mars 2014,LOI,JORFDOLE000027383756,14,1
L761-1,LEGIARTI000033461386,2018-01-01,Livre VII : TRAITEMENT DES SITUATIONS DE SURENDETTEMENT,LOI n°2016-1547 du 18 novembre 2016,LOI,L333-2,LOI n°2010-1609 du 22 décembre 2010,LOI,JORFDOLE000020132583,13,1
L761-2,LEGIARTI000039119582,2020-01-01,Livre VII : TRAITEMENT DES SITUATIONS DE SURENDETTEMENT,Ordonnance n°2019-964 du 18 septembre 2019,ORDONNANCE,L333-2-1,LOI n°2010-1609 du 22 décembre 2010,LOI,JORFDOLE000020132583,13,1
L762-1,LEGIARTI000032224275,2016-07-01,Livre VII : TRAITEMENT DES SITUATIONS DE SURENDETTEMENT,Ordonnance n°2016-301 du 14 mars 2016,ORDONNANCE,L333-4,LOI n°2014-344 du 17 mars 2014,LOI,JORFDOLE000027383756,14,1
L762-2,LEGIARTI000032224273,2016-07-01,Livre VII : TRAITEMENT DES SITUATIONS DE SURENDETTEMENT,Ordonnance n°2016-301 du 14 mars 2016,ORDONNANCE,L333-4,LOI n°2014-344 du 17 mars 2014,LOI,JORFDOLE000027383756,14,1
L771-1,LEGIARTI000034130132,2017-07-01,Livre VII : TRAITEMENT DES SITUATIONS DE SURENDETTEMENT,Ordonnance n°2017-269 du 2 mars 2017,ORDONNANCE,,Ordonnance n°2017-269 du 2 mars 2017,ORDONNANCE,JORFDOLE000034131633,14,0
L771-10,LEGIARTI000034130359,2017-07-01,Livre VII : TRAITEMENT DES SITUATIONS DE SURENDETTEMENT,Ordonnance n°2017-269 du 2 mars 2017,ORDONNANCE,,Ordonnance n°2017-269 du 2 mars 2017,ORDONNANCE,JORFDOLE000034131633,14,0
L771-11,LEGIARTI000034130366,2017-07-01,Livre VII : TRAITEMENT DES SITUATIONS DE SURENDETTEMENT,Ordonnance n°2017-269 du 2 mars 2017,ORDONNANCE,,Ordonnance n°2017-269 du 2 mars 2017,ORDONNANCE,JORFDOLE000034131633,14,0
L771-12,LEGIARTI000034130373,2017-07-01,Livre VII : TRAITEMENT DES SITUATIONS DE SURENDETTEMENT,Ordonnance n°2017-269 du 2 mars 2017,ORDONNANCE,,Ordonnance n°2017-269 du 2 mars 2017,ORDONNANCE,JORFDOLE000034131633,14,0
L771-2,LEGIARTI000045178745,2022-02-16,Livre VII : TRAITEMENT DES SITUATIONS DE SURENDETTEMENT,LOI n°2022-172 du 14 février 2022,LOI,,LOI n°2022-172 du 14 février 2022,LOI,JORFDOLE000044125588,15,1
L771-3,LEGIARTI000039119567,2020-01-01,Livre VII : TRAITEMENT DES SITUATIONS DE SURENDETTEMENT,Ordonnance n°2019-964 du 18 septembre 2019,ORDONNANCE,,Ordonnance n°2019-964 du 18 septembre 2019,ORDONNANCE,JORFDOLE000039114475,15,0
L771-4,LEGIARTI000034130216,2017-07-01,Livre VII : TRAITEMENT DES SITUATIONS DE SURENDETTEMENT,Ordonnance n°2017-269 du 2 mars 2017,ORDONNANCE,,Ordonnance n°2017-269 du 2 mars 2017,ORDONNANCE,JORFDOLE000034131633,14,0
L771-5,LEGIARTI000037825144,2019-06-01,Livre VII : TRAITEMENT DES SITUATIONS DE SURENDETTEMENT,Ordonnance n°2018-1125 du 12 décembre 2018,ORDONNANCE,,Ordonnance n°2018-1125 du 12 décembre 2018,ORDONNANCE,JORFDOLE000037804837,15,0
L771-6,LEGIARTI000034130228,2017-07-01,Livre VII : TRAITEMENT DES SITUATIONS DE SURENDETTEMENT,Ordonnance n°2017-269 du 2 mars 2017,ORDONNANCE,,Ordonnance n°2017-269 du 2 mars 2017,ORDONNANCE,JORFDOLE000034131633,14,0
L771-7,LEGIARTI000044078826,2022-02-26,Livre VII : TRAITEMENT DES SITUATIONS DE SURENDETTEMENT,Ordonnance n°2021-1200 du 15 septembre 2021,ORDONNANCE,,Ordonnance n°2021-1200 du 15 septembre 2021,ORDONNANCE,JORFDOLE000044063270,15,0
L771-8,LEGIARTI000034130345,2017-07-01,Livre VII : TRAITEMENT DES SITUATIONS DE SURENDETTEMENT,Ordonnance n°2017-269 du 2 mars 2017,ORDONNANCE,,Ordonnance n°2017-269 du 2 mars 2017,ORDONNANCE,JORFDOLE000034131633,14,0
L771-9,LEGIARTI000034130350,2017-07-01,Livre VII : TRAITEMENT DES SITUATIONS DE SURENDETTEMENT,Ordonnance n°2017-269 du 2 mars 2017,ORDONNANCE,,Ordonnance n°2017-269 du 2 mars 2017,ORDONNANCE,JORFDOLE000034131633,14,0
L811-1,LEGIARTI000032224261,2016-07-01,Livre VIII : ASSOCIATIONS AGRÉÉES DE DÉFENSE DES CONSOMMATEURS ET INSTITUTIONS DE LA CONSOMMATION,Ordonnance n°2016-301 du 14 mars 2016,ORDONNANCE,L411-1,Loi 93-949 1993-07-26 annexe JORF 27 juillet 1993,LOI,,,0
L811-2,LEGIARTI000032224259,2016-07-01,Livre VIII : ASSOCIATIONS AGRÉÉES DE DÉFENSE DES CONSOMMATEURS ET INSTITUTIONS DE LA CONSOMMATION,Ordonnance n°2016-301 du 14 mars 2016,ORDONNANCE,L412-1,Loi 93-949 1993-07-26 annexe JORF 27 juillet 1993,LOI,,,0
L822-1,LEGIARTI000032224243,2016-07-01,Livre VIII : ASSOCIATIONS AGRÉÉES DE DÉFENSE DES CONSOMMATEURS ET INSTITUTIONS DE LA CONSOMMATION,Ordonnance n°2016-301 du 14 mars 2016,ORDONNANCE,L531-1,LOI n°2010-737 du 1er juillet 2010,LOI,JORFDOLE000020542090,13,1
L822-10,LEGIARTI000033915890,2017-01-22,Livre VIII : ASSOCIATIONS AGRÉÉES DE DÉFENSE DES CONSOMMATEURS ET INSTITUTIONS DE LA CONSOMMATION,LOI n°2017-55 du 20 janvier 2017,LOI,L534-9,ORDONNANCE n° 2015-1033 du 20 août 2015,ORDONNANCE,JORFDOLE000031072567,14,0
L822-11,LEGIARTI000033915884,2017-01-22,Livre VIII : ASSOCIATIONS AGRÉÉES DE DÉFENSE DES CONSOMMATEURS ET INSTITUTIONS DE LA CONSOMMATION,LOI n°2017-55 du 20 janvier 2017,LOI,L534-10,ORDONNANCE n° 2015-1033 du 20 août 2015,ORDONNANCE,JORFDOLE000031072567,14,0
L822-2,LEGIARTI000032224241,2016-07-01,Livre VIII : ASSOCIATIONS AGRÉÉES DE DÉFENSE DES CONSOMMATEURS ET INSTITUTIONS DE LA CONSOMMATION,Ordonnance n°2016-301 du 14 mars 2016,ORDONNANCE,R531-2,Décret n°2010-1221 du 18 octobre 2010,DECRET,,,0
L822-3,LEGIARTI000032224238,2016-07-01,Livre VIII : ASSOCIATIONS AGRÉÉES DE DÉFENSE DES CONSOMMATEURS ET INSTITUTIONS DE LA CONSOMMATION,Ordonnance n°2016-301 du 14 mars 2016,ORDONNANCE,L531-4,LOI n°2010-737 du 1er juillet 2010,LOI,JORFDOLE000020542090,13,1
L822-4,LEGIARTI000032224234,2016-07-01,Livre VIII : ASSOCIATIONS AGRÉÉES DE DÉFENSE DES CONSOMMATEURS ET INSTITUTIONS DE LA CONSOMMATION,Ordonnance n°2016-301 du 14 mars 2016,ORDONNANCE,L534-1,LOI n°2010-737 du 1er juillet 2010,LOI,JORFDOLE000020542090,13,1
L822-5,LEGIARTI000032224232,2016-07-01,Livre VIII : ASSOCIATIONS AGRÉÉES DE DÉFENSE DES CONSOMMATEURS ET INSTITUTIONS DE LA CONSOMMATION,Ordonnance n°2016-301 du 14 mars 2016,ORDONNANCE,L534-2,LOI n°2010-737 du 1er juillet 2010,LOI,JORFDOLE000020542090,13,1
L822-6,LEGIARTI000032224230,2016-07-01,Livre VIII : ASSOCIATIONS AGRÉÉES DE DÉFENSE DES CONSOMMATEURS ET INSTITUTIONS DE LA CONSOMMATION,Ordonnance n°2016-301 du 14 mars 2016,ORDONNANCE,L534-3,LOI n°2010-737 du 1er juillet 2010,LOI,JORFDOLE000020542090,13,1
L822-9,LEGIARTI000033915902,2017-01-22,Livre VIII : ASSOCIATIONS AGRÉÉES DE DÉFENSE DES CONSOMMATEURS ET INSTITUTIONS DE LA CONSOMMATION,LOI n°2017-55 du 20 janvier 2017,LOI,L534-8,ORDONNANCE n° 2015-1033 du 20 août 2015,ORDONNANCE,JORFDOLE000031072567,14,0
L823-1,LEGIARTI000032224216,2016-07-01,Livre VIII : ASSOCIATIONS AGRÉÉES DE DÉFENSE DES CONSOMMATEURS ET INSTITUTIONS DE LA CONSOMMATION,Ordonnance n°2016-301 du 14 mars 2016,ORDONNANCE,L561-1,Loi 93-949 1993-07-26 annexe JORF 27 juillet 1993,LOI,,,0
L823-2,LEGIARTI000032224214,2016-07-01,Livre VIII : ASSOCIATIONS AGRÉÉES DE DÉFENSE DES CONSOMMATEURS ET INSTITUTIONS DE LA CONSOMMATION,Ordonnance n°2016-301 du 14 mars 2016,ORDONNANCE,L562-1,Loi 93-949 1993-07-26 annexe JORF 27 juillet 1993,LOI,,,0
Annexe à l'article D. 211-2 du code de la consommation,LEGIARTI000045981314,2022-10-01,,Décret n°2022-946 du 29 juin 2022,DECRET,Annexe à l'article D. 211-2 du code de la consommation,Décret n°2022-946 du 29 juin 2022,DECRET,,,0
Annexe à l'article D. 211-3 du code de la consommation,LEGIARTI000045981318,2022-10-01,,Décret n°2022-946 du 29 juin 2022,DECRET,Annexe à l'article D. 211-3 du code de la consommation,Décret n°2022-946 du 29 juin 2022,DECRET,,,0
Annexe à l'article D. 211-4 du code de la consommation,LEGIARTI000045981322,2022-10-01,,Décret n°2022-946 du 29 juin 2022,DECRET,Annexe à l'article D. 211-4 du code de la consommation,Décret n°2022-946 du 29 juin 2022,DECRET,,,0
Annexe à l'article D312-26,LEGIARTI000032887076,2016-07-01,,Décret n°2016-884 du 29 juin 2016,DECRET,Annexe à l'article D312-26,Décret n°2016-884 du 29 juin 2016,DECRET,,,0
Annexe à l'article D412-51,LEGIARTI000048180493,2023-10-11,,Décret n°2023-931 du 9 octobre 2023,DECRET,Annexe à l'article D412-51,Décret n°2023-931 du 9 octobre 2023,DECRET,,,0
Annexe à l'article D412-57,LEGIARTI000048180495,2023-10-11,,Décret n°2023-931 du 9 octobre 2023,DECRET,Annexe à l'article D412-57,Décret n°2023-931 du 9 octobre 2023,DECRET,,,0
Annexe à l'article D412-60,LEGIARTI000048180497,2023-10-11,,Décret n°2023-931 du 9 octobre 2023,DECRET,Annexe à l'article D412-60,Décret n°2023-931 du 9 octobre 2023,DECRET,,,0
Annexe à l'article D412-61,LEGIARTI000048180499,2023-10-11,,Décret n°2023-931 du 9 octobre 2023,DECRET,Annexe à l'article D412-61,Décret n°2023-931 du 9 octobre 2023,DECRET,,,0
Annexe à l'article R221-1,LEGIARTI000045418600,2022-05-28,,Décret n°2022-424 du 25 mars 2022,DECRET,Annexe à l'article R221-1,Décret n°2022-424 du 25 mars 2022,DECRET,,,0
Annexe à l'article R221-3,LEGIARTI000053303407,2026-06-19,,Décret n°2026-3 du 5 janvier 2026,DECRET,Annexe à l'article R221-3,Décret n°2026-3 du 5 janvier 2026,DECRET,,,0
Annexe à l'article R224-5,LEGIARTI000035208293,2017-10-01,,Décret n°2017-1166 du 12 juillet 2017,DECRET,Annexe à l'article R224-5,Décret n°2017-1166 du 12 juillet 2017,DECRET,,,0
Annexe à l'article R312-14,LEGIARTI000032887075,2016-07-01,,Décret n°2016-884 du 29 juin 2016,DECRET,Annexe à l'article R312-14,Décret n°2016-884 du 29 juin 2016,DECRET,,,0
Annexe à l'article R312-32,LEGIARTI000032887080,2016-07-01,,Décret n°2016-884 du 29 juin 2016,DECRET,Annexe à l'article R312-32,Décret n°2016-884 du 29 juin 2016,DECRET,,,0
Annexe à l'article R312-5,LEGIARTI000032887073,2016-07-01,,Décret n°2016-884 du 29 juin 2016,DECRET,Annexe à l'article R312-5,Décret n°2026-105 du 19 février 2026,DECRET,,,0
Annexe à l'article R312-9,LEGIARTI000032887074,2016-07-01,,Décret n°2016-884 du 29 juin 2016,DECRET,Annexe à l'article R312-9,Décret n°2026-105 du 19 février 2026,DECRET,,,0
Annexe à l'article R313-4,LEGIARTI000032887084,2016-10-01,,Décret n°2016-884 du 29 juin 2016,DECRET,Annexe à l'article R313-4,Décret n°2016-884 du 29 juin 2016,DECRET,,,0
Annexe à l'article R313-8,LEGIARTI000032887085,2016-07-01,,Décret n°2016-884 du 29 juin 2016,DECRET,Annexe à l'article R313-8,Décret n°2016-884 du 29 juin 2016,DECRET,,,0
Annexe à l'article R314-20,LEGIARTI000032887094,2016-07-01,,Décret n°2016-884 du 29 juin 2016,DECRET,Annexe à l'article R314-20,Décret n°2016-884 du 29 juin 2016,DECRET,,,0
Annexe à l'article R314-3,LEGIARTI000044536833,2021-12-20,,Décret n°2021-1700 du 17 décembre 2021,DECRET,Annexe à l'article R314-3,Décret n°2026-105 du 19 février 2026,DECRET,,,0
Annexe à l'article R314-6,LEGIARTI000032887093,2016-07-01,,Décret n°2016-884 du 29 juin 2016,DECRET,Annexe à l'article R314-6,Décret n°2016-884 du 29 juin 2016,DECRET,,,0
D111-10,LEGIARTI000049915027,2024-07-09,,Décret n°2024-753 du 7 juillet 2024,DECRET,D111-10,Décret n°2024-753 du 7 juillet 2024,DECRET,,,0
D111-11,LEGIARTI000049915037,2024-07-09,,Décret n°2024-753 du 7 juillet 2024,DECRET,D111-6,Décret n°2024-753 du 7 juillet 2024,DECRET,,,0
D111-12,LEGIARTI000049915046,2024-07-09,,Décret n°2024-753 du 7 juillet 2024,DECRET,D111-7,Décret n°2024-753 du 7 juillet 2024,DECRET,,,0
D111-4,LEGIARTI000032807122,2016-07-01,,Décret n°2016-884 du 29 juin 2016,DECRET,R111-3,Décret n°2016-884 du 29 juin 2016,DECRET,,,0
D111-5,LEGIARTI000032807124,2016-07-01,,Décret n°2016-884 du 29 juin 2016,DECRET,R111-4,Décret n°2016-884 du 29 juin 2016,DECRET,,,0
D111-5-1,LEGIARTI000045981012,2022-10-01,,Décret n°2022-946 du 29 juin 2022,DECRET,D111-5-1,Décret n°2022-946 du 29 juin 2022,DECRET,,,0
D111-5-2,LEGIARTI000045981016,2022-10-01,,Décret n°2022-946 du 29 juin 2022,DECRET,D111-5-2,Décret n°2022-946 du 29 juin 2022,DECRET,,,0
D111-5-3,LEGIARTI000045981020,2022-10-01,,Décret n°2022-946 du 29 juin 2022,DECRET,D111-5-3,Décret n°2022-946 du 29 juin 2022,DECRET,,,0
D111-6,LEGIARTI000049915008,2024-07-09,,Décret n°2024-753 du 7 juillet 2024,DECRET,D111-10,Décret n°2024-753 du 7 juillet 2024,DECRET,,,0
D111-7,LEGIARTI000049915002,2024-07-09,,Décret n°2024-753 du 7 juillet 2024,DECRET,D111-6,Décret n°2024-753 du 7 juillet 2024,DECRET,,,0
D111-8,LEGIARTI000049914996,2024-07-09,,Décret n°2024-753 du 7 juillet 2024,DECRET,D111-7,Décret n°2024-753 du 7 juillet 2024,DECRET,,,0
D111-9,LEGIARTI000049915015,2024-07-09,,Décret n°2024-753 du 7 juillet 2024,DECRET,D111-8,Décret n°2024-753 du 7 juillet 2024,DECRET,,,0
D113-1,LEGIARTI000032807148,2016-07-01,,Décret n°2016-884 du 29 juin 2016,DECRET,D117-1,Décret n°2016-884 du 29 juin 2016,DECRET,,,0
D120-1,LEGIARTI000048027086,2023-09-01,,Décret n°2023-837 du 30 août 2023,DECRET,D120-1,Décret n°2023-837 du 30 août 2023,DECRET,,,0
D120-2,LEGIARTI000048027088,2023-09-01,,Décret n°2023-837 du 30 août 2023,DECRET,D120-2,Décret n°2023-837 du 30 août 2023,DECRET,,,0
D120-3,LEGIARTI000048027090,2023-09-01,,Décret n°2023-837 du 30 août 2023,DECRET,D120-3,Décret n°2023-837 du 30 août 2023,DECRET,,,0
D120-4,LEGIARTI000048027092,2023-09-01,,Décret n°2023-837 du 30 août 2023,DECRET,D120-4,Décret n°2023-837 du 30 août 2023,DECRET,,,0
D120-5,LEGIARTI000048027096,2023-09-01,,Décret n°2023-837 du 30 août 2023,DECRET,D120-5,Décret n°2023-837 du 30 août 2023,DECRET,,,0
D120-6,LEGIARTI000048027098,2023-09-01,,Décret n°2023-837 du 30 août 2023,DECRET,D120-6,Décret n°2023-837 du 30 août 2023,DECRET,,,0
D120-7,LEGIARTI000048027102,2023-09-01,,Décret n°2023-837 du 30 août 2023,DECRET,D120-7,Décret n°2023-837 du 30 août 2023,DECRET,,,0
D120-8,LEGIARTI000048027106,2023-09-01,,Décret n°2023-837 du 30 août 2023,DECRET,D120-8,Décret n°2023-837 du 30 août 2023,DECRET,,,0
D122-1,LEGIARTI000033176868,2016-07-01,,Décret n°2016-884 du 29 juin 2016,DECRET,D122-1,Décret n°2016-884 du 29 juin 2016,DECRET,,,0
D122-2,LEGIARTI000033186353,2016-07-01,,Décret n°2016-884 du 29 juin 2016,DECRET,D122-2,Décret n°2016-884 du 29 juin 2016,DECRET,,,0
D122-3,LEGIARTI000033186358,2016-07-01,,Décret n°2016-884 du 29 juin 2016,DECRET,D122-3,Décret n°2016-884 du 29 juin 2016,DECRET,,,0
D211-1,LEGIARTI000045987262,2022-10-01,,Décret n°2022-946 du 29 juin 2022,DECRET,D211-1,Décret n°2022-946 du 29 juin 2022,DECRET,,,0
D211-2,LEGIARTI000045987267,2022-10-01,,Décret n°2022-946 du 29 juin 2022,DECRET,D211-2,Décret n°2022-946 du 29 juin 2022,DECRET,,,0
D211-3,LEGIARTI000045981108,2022-10-01,,Décret n°2022-946 du 29 juin 2022,DECRET,D211-3,Décret n°2022-946 du 29 juin 2022,DECRET,,,0
D211-4,LEGIARTI000045981112,2022-10-01,,Décret n°2022-946 du 29 juin 2022,DECRET,D211-4,Décret n°2022-946 du 29 juin 2022,DECRET,,,0
D211-6,LEGIARTI000045981061,2022-07-01,,Décret n°2022-946 du 29 juin 2022,DECRET,D211-1,Décret n°2022-946 du 29 juin 2022,DECRET,,,0
D211-7,LEGIARTI000045981078,2022-07-01,,Décret n°2022-946 du 29 juin 2022,DECRET,D211-2,Décret n°2022-946 du 29 juin 2022,DECRET,,,0
D213-1,LEGIARTI000032807208,2016-07-01,,Décret n°2016-884 du 29 juin 2016,DECRET,D213-1,Décret n°2016-884 du 29 juin 2016,DECRET,,,0
D213-2,LEGIARTI000032807210,2016-07-01,,Décret n°2016-884 du 29 juin 2016,DECRET,D213-2,Décret n°2016-884 du 29 juin 2016,DECRET,,,0
D215-1,LEGIARTI000047614999,2023-06-01,,Décret n°2023-417 du 31 mai 2023,DECRET,D215-1,Décret n°2023-417 du 31 mai 2023,DECRET,,,0
D215-2,LEGIARTI000047615001,2023-06-01,,Décret n°2023-417 du 31 mai 2023,DECRET,D215-2,Décret n°2023-417 du 31 mai 2023,DECRET,,,0
D215-3,LEGIARTI000047615003,2023-06-01,,Décret n°2023-417 du 31 mai 2023,DECRET,D215-3,Décret n°2023-417 du 31 mai 2023,DECRET,,,0
D217-1,LEGIARTI000045981208,2022-10-01,,Décret n°2022-946 du 29 juin 2022,DECRET,D217-1,Décret n°2022-946 du 29 juin 2022,DECRET,,,0
D217-2,LEGIARTI000045981216,2022-10-01,,Décret n°2022-946 du 29 juin 2022,DECRET,D217-2,Décret n°2022-946 du 29 juin 2022,DECRET,,,0
D217-3,LEGIARTI000045981220,2022-10-01,,Décret n°2022-946 du 29 juin 2022,DECRET,D217-3,Décret n°2022-946 du 29 juin 2022,DECRET,,,0
D217-4,LEGIARTI000045981224,2022-10-01,,Décret n°2022-946 du 29 juin 2022,DECRET,D217-4,Décret n°2022-946 du 29 juin 2022,DECRET,,,0
D217-5,LEGIARTI000045981228,2022-10-01,,Décret n°2022-946 du 29 juin 2022,DECRET,D217-5,Décret n°2022-946 du 29 juin 2022,DECRET,,,0
D221-5,LEGIARTI000053303365,2026-06-19,,Décret n°2026-3 du 5 janvier 2026,DECRET,D221-5,Décret n°2026-3 du 5 janvier 2026,DECRET,,,0
D222-2,LEGIARTI000053303380,2026-06-19,,Décret n°2026-3 du 5 janvier 2026,DECRET,D222-2,Décret n°2026-3 du 5 janvier 2026,DECRET,,,0
D223-9,LEGIARTI000054491498,2026-08-11,,Décret n°2026-662 du 23 juillet 2026,DECRET,D223-9,Décret n°2026-662 du 23 juillet 2026,DECRET,,,0
D224-13,LEGIARTI000032807310,2016-07-01,,Décret n°2016-884 du 29 juin 2016,DECRET,D224-13,Décret n°2016-884 du 29 juin 2016,DECRET,,,0
D224-18,LEGIARTI000046739275,2023-01-01,,Décret n°2022-1564 du 13 décembre 2022,DECRET,D224-18,Décret n°2022-1564 du 13 décembre 2022,DECRET,,,0
D224-19,LEGIARTI000046739271,2023-01-01,,Décret n°2022-1564 du 13 décembre 2022,DECRET,D224-19,Décret n°2022-1564 du 13 décembre 2022,DECRET,,,0
D224-20,LEGIARTI000046739269,2023-01-01,,Décret n°2022-1564 du 13 décembre 2022,DECRET,D224-20,Décret n°2022-1564 du 13 décembre 2022,DECRET,,,0
D224-21,LEGIARTI000046739266,2023-01-01,,Décret n°2022-1564 du 13 décembre 2022,DECRET,D224-21,Décret n°2022-1564 du 13 décembre 2022,DECRET,,,0
D224-23-1,LEGIARTI000050008733,2024-10-01,,Décret n°2024-824 du 16 juillet 2024,DECRET,D224-23-1,Décret n°2024-824 du 16 juillet 2024,DECRET,,,0
D224-25-1,LEGIARTI000050008743,2024-10-01,,Décret n°2024-824 du 16 juillet 2024,DECRET,D224-25-1,Décret n°2024-824 du 16 juillet 2024,DECRET,,,0
D224-25-2,LEGIARTI000050008741,2024-10-01,,Décret n°2024-824 du 16 juillet 2024,DECRET,D224-25-2,Décret n°2024-824 du 16 juillet 2024,DECRET,,,0
D224-25-3,LEGIARTI000050008739,2024-10-01,,Décret n°2024-824 du 16 juillet 2024,DECRET,D224-25-3,Décret n°2024-824 du 16 juillet 2024,DECRET,,,0
D224-25-4,LEGIARTI000050008737,2024-10-01,,Décret n°2024-824 du 16 juillet 2024,DECRET,D224-25-4,Décret n°2024-824 du 16 juillet 2024,DECRET,,,0
D224-25-5,LEGIARTI000050008735,2024-10-01,,Décret n°2024-824 du 16 juillet 2024,DECRET,D224-25-5,Décret n°2024-824 du 16 juillet 2024,DECRET,,,0
D224-26,LEGIARTI000034731377,2017-07-01,,Décret n°2017-976 du 10 mai 2017,DECRET,D224-26,Décret n°2017-976 du 10 mai 2017,DECRET,,,0
D224-27,LEGIARTI000034731375,2018-07-01,,Décret n°2017-976 du 10 mai 2017,DECRET,D224-27,Décret n°2017-976 du 10 mai 2017,DECRET,,,0
D224-28,LEGIARTI000034731372,2017-07-01,,Décret n°2017-976 du 10 mai 2017,DECRET,D224-28,Décret n°2017-976 du 10 mai 2017,DECRET,,,0
D224-29,LEGIARTI000034731370,2017-07-01,,Décret n°2017-976 du 10 mai 2017,DECRET,D224-29,Décret n°2017-976 du 10 mai 2017,DECRET,,,0
D224-33,LEGIARTI000045987318,2022-10-01,,Décret n°2022-946 du 29 juin 2022,DECRET,D224-33,Décret n°2022-946 du 29 juin 2022,DECRET,,,0
D224-34,LEGIARTI000044809294,2022-01-01,,Décret n°2021-1945 du 31 décembre 2021,DECRET,D224-34,Décret n°2021-1945 du 31 décembre 2021,DECRET,,,0
D224-35,LEGIARTI000044809296,2022-01-01,,Décret n°2021-1945 du 31 décembre 2021,DECRET,D224-35,Décret n°2021-1945 du 31 décembre 2021,DECRET,,,0
D224-36,LEGIARTI000044809298,2022-01-01,,Décret n°2021-1945 du 31 décembre 2021,DECRET,D224-36,Décret n°2021-1945 du 31 décembre 2021,DECRET,,,0
D224-37,LEGIARTI000044809300,2022-01-01,,Décret n°2021-1945 du 31 décembre 2021,DECRET,D224-37,Décret n°2021-1945 du 31 décembre 2021,DECRET,,,0
D224-41,LEGIARTI000045073439,2022-01-27,,Décret n°2022-58 du 25 janvier 2022,DECRET,D224-41,Décret n°2022-58 du 25 janvier 2022,DECRET,,,0
D224-42,LEGIARTI000045073441,2022-01-27,,Décret n°2022-58 du 25 janvier 2022,DECRET,D224-42,Décret n°2022-58 du 25 janvier 2022,DECRET,,,0
D224-43,LEGIARTI000045073443,2022-01-27,,Décret n°2022-58 du 25 janvier 2022,DECRET,D224-43,Décret n°2022-58 du 25 janvier 2022,DECRET,,,0
D224-44,LEGIARTI000045073445,2022-01-27,,Décret n°2022-58 du 25 janvier 2022,DECRET,D224-44,Décret n°2022-58 du 25 janvier 2022,DECRET,,,0
D224-45,LEGIARTI000045073447,2022-01-27,,Décret n°2022-58 du 25 janvier 2022,DECRET,D224-45,Décret n°2022-58 du 25 janvier 2022,DECRET,,,0
D224-46,LEGIARTI000045073449,2022-01-27,,Décret n°2022-58 du 25 janvier 2022,DECRET,D224-46,Décret n°2022-58 du 25 janvier 2022,DECRET,,,0
D224-47,LEGIARTI000045073451,2022-01-27,,Décret n°2022-58 du 25 janvier 2022,DECRET,D224-47,Décret n°2022-58 du 25 janvier 2022,DECRET,,,0
D224-48,LEGIARTI000045073453,2022-01-27,,Décret n°2022-58 du 25 janvier 2022,DECRET,D224-48,Décret n°2022-58 du 25 janvier 2022,DECRET,,,0
D224-49,LEGIARTI000045073455,2022-01-27,,Décret n°2022-58 du 25 janvier 2022,DECRET,D224-49,Décret n°2022-58 du 25 janvier 2022,DECRET,,,0
D224-53,LEGIARTI000047480962,2023-04-23,,Décret n°2023-295 du 19 avril 2023,DECRET,D224-53,Décret n°2023-295 du 19 avril 2023,DECRET,,,0
D224-54,LEGIARTI000047480957,2023-04-23,,Décret n°2023-295 du 19 avril 2023,DECRET,D224-54,Décret n°2023-295 du 19 avril 2023,DECRET,,,0
D224-55,LEGIARTI000045073529,2022-01-27,,Décret n°2022-59 du 25 janvier 2022,DECRET,D224-55,Décret n°2022-59 du 25 janvier 2022,DECRET,,,0
D224-56,LEGIARTI000045073531,2022-01-27,,Décret n°2022-59 du 25 janvier 2022,DECRET,D224-56,Décret n°2022-59 du 25 janvier 2022,DECRET,,,0
D224-57,LEGIARTI000045073533,2022-01-27,,Décret n°2022-59 du 25 janvier 2022,DECRET,D224-57,Décret n°2022-59 du 25 janvier 2022,DECRET,,,0
D224-58,LEGIARTI000047479813,2023-04-23,,Décret n°2023-295 du 19 avril 2023,DECRET,D224-53,Décret n°2023-295 du 19 avril 2023,DECRET,,,0
D224-59,LEGIARTI000047479815,2023-04-23,,Décret n°2023-295 du 19 avril 2023,DECRET,D224-54,Décret n°2023-295 du 19 avril 2023,DECRET,,,0
D224-63,LEGIARTI000047479521,2023-04-23,,Décret n°2023-295 du 19 avril 2023,DECRET,D224-63,Décret n°2023-295 du 19 avril 2023,DECRET,,,0
D224-64,LEGIARTI000047479523,2023-04-23,,Décret n°2023-295 du 19 avril 2023,DECRET,D224-64,Décret n°2023-295 du 19 avril 2023,DECRET,,,0
D224-65,LEGIARTI000047479525,2023-04-23,,Décret n°2023-295 du 19 avril 2023,DECRET,D224-65,Décret n°2023-295 du 19 avril 2023,DECRET,,,0
D224-66,LEGIARTI000047479527,2023-04-23,,Décret n°2023-295 du 19 avril 2023,DECRET,D224-66,Décret n°2023-295 du 19 avril 2023,DECRET,,,0
D224-67,LEGIARTI000047479529,2023-04-23,,Décret n°2023-295 du 19 avril 2023,DECRET,D224-67,Décret n°2023-295 du 19 avril 2023,DECRET,,,0
D224-71,LEGIARTI000047479676,2023-04-23,,Décret n°2023-295 du 19 avril 2023,DECRET,D224-71,Décret n°2023-295 du 19 avril 2023,DECRET,,,0
D224-72,LEGIARTI000047479678,2023-04-23,,Décret n°2023-295 du 19 avril 2023,DECRET,D224-72,Décret n°2023-295 du 19 avril 2023,DECRET,,,0
D224-73,LEGIARTI000047479680,2023-04-23,,Décret n°2023-295 du 19 avril 2023,DECRET,D224-73,Décret n°2023-295 du 19 avril 2023,DECRET,,,0
D224-74,LEGIARTI000047479682,2023-04-23,,Décret n°2023-295 du 19 avril 2023,DECRET,D224-74,Décret n°2023-295 du 19 avril 2023,DECRET,,,0
D224-75,LEGIARTI000047479684,2023-04-23,,Décret n°2023-295 du 19 avril 2023,DECRET,D224-75,Décret n°2023-295 du 19 avril 2023,DECRET,,,0
D312-1,LEGIARTI000032807402,2016-07-01,,Décret n°2016-884 du 29 juin 2016,DECRET,D311-2,Décret n°2016-884 du 29 juin 2016,DECRET,,,0
D312-15,LEGIARTI000032807442,2016-07-01,,Décret n°2016-884 du 29 juin 2016,DECRET,D311-14,Décret n°2016-884 du 29 juin 2016,DECRET,,,0
D312-16,LEGIARTI000032807446,2016-07-01,,Décret n°2016-884 du 29 juin 2016,DECRET,D311-11,Décret n°2016-884 du 29 juin 2016,DECRET,,,0
D312-17,LEGIARTI000032807448,2016-07-01,,Décret n°2016-884 du 29 juin 2016,DECRET,D311-12,Décret n°2016-884 du 29 juin 2016,DECRET,,,0
D312-18,LEGIARTI000032807450,2016-07-01,,Décret n°2016-884 du 29 juin 2016,DECRET,D311-13,Décret n°2016-884 du 29 juin 2016,DECRET,,,0
D312-19,LEGIARTI000032807452,2016-07-01,,Décret n°2016-884 du 29 juin 2016,DECRET,D311-13,Décret n°2016-884 du 29 juin 2016,DECRET,,,0
D312-21,LEGIARTI000032807460,2016-07-01,,Décret n°2016-884 du 29 juin 2016,DECRET,D311-1,Décret n°2016-884 du 29 juin 2016,DECRET,,,0
D312-22,LEGIARTI000032807462,2016-07-01,,Décret n°2016-884 du 29 juin 2016,DECRET,D311-1,Décret n°2016-884 du 29 juin 2016,DECRET,,,0
D312-23,LEGIARTI000032807464,2016-07-01,,Décret n°2016-884 du 29 juin 2016,DECRET,D311-1,Décret n°2016-884 du 29 juin 2016,DECRET,,,0
D312-24,LEGIARTI000032807466,2016-07-01,,Décret n°2016-884 du 29 juin 2016,DECRET,D311-1,Décret n°2016-884 du 29 juin 2016,DECRET,,,0
D312-25,LEGIARTI000032807468,2016-07-01,,Décret n°2016-884 du 29 juin 2016,DECRET,D311-10-1,Décret n°2016-884 du 29 juin 2016,DECRET,,,0
D312-26,LEGIARTI000036769051,2018-04-01,,Décret n°2018-229 du 30 mars 2018,DECRET,D311-10-1,Décret n°2018-229 du 30 mars 2018,DECRET,,,0
D312-27,LEGIARTI000032807472,2016-07-01,,Décret n°2016-884 du 29 juin 2016,DECRET,D311-4-1,Décret n°2016-884 du 29 juin 2016,DECRET,,,0
D312-28,LEGIARTI000032807474,2016-07-01,,Décret n°2016-884 du 29 juin 2016,DECRET,D311-4-1,Décret n°2016-884 du 29 juin 2016,DECRET,,,0
D312-29,LEGIARTI000032807476,2016-07-01,,Décret n°2016-884 du 29 juin 2016,DECRET,D311-4-2,Décret n°2016-884 du 29 juin 2016,DECRET,,,0
D312-30,LEGIARTI000032807478,2016-07-01,,Décret n°2016-884 du 29 juin 2016,DECRET,D311-4-2,Décret n°2016-884 du 29 juin 2016,DECRET,,,0
D312-31,LEGIARTI000036769043,2018-04-01,,Décret n°2018-229 du 30 mars 2018,DECRET,D311-8-1,Décret n°2018-229 du 30 mars 2018,DECRET,,,0
D312-36,LEGIARTI000054597566,2026-08-03,,Décret n°2026-719 du 1er août 2026,DECRET,D312-36,Décret n°2026-719 du 1er août 2026,DECRET,,,0
D312-7,LEGIARTI000032807418,2016-07-01,,Décret n°2016-884 du 29 juin 2016,DECRET,D311-10-2,Décret n°2016-884 du 29 juin 2016,DECRET,,,0
D312-8,LEGIARTI000032807420,2016-07-01,,Décret n°2016-884 du 29 juin 2016,DECRET,D311-10-3,Décret n°2026-719 du 1er août 2026,DECRET,,,0
D313-20,LEGIARTI000032807556,2016-07-01,,Décret n°2016-884 du 29 juin 2016,DECRET,D313-20,Décret n°2016-884 du 29 juin 2016,DECRET,,,0
D313-29,LEGIARTI000032807584,2016-07-01,,Décret n°2016-884 du 29 juin 2016,DECRET,R312-4,Décret n°2016-884 du 29 juin 2016,DECRET,,,0
D314-15,LEGIARTI000032807634,2016-07-01,,Décret n°2016-884 du 29 juin 2016,DECRET,D313-6,Décret n°2016-884 du 29 juin 2016,DECRET,,,0
D314-16,LEGIARTI000032807636,2016-07-01,,Décret n°2016-884 du 29 juin 2016,DECRET,D313-7,Décret n°2016-884 du 29 juin 2016,DECRET,,,0
D314-17,LEGIARTI000032807638,2016-07-01,,Décret n°2016-884 du 29 juin 2016,DECRET,D313-8,Décret n°2016-884 du 29 juin 2016,DECRET,,,0
D314-22,LEGIARTI000045928305,2022-06-18,,Décret n°2022-894 du 15 juin 2022,DECRET,D313-10-1,Décret n°2026-719 du 1er août 2026,DECRET,,,0
D314-23,LEGIARTI000045928283,2022-06-18,,Décret n°2022-894 du 15 juin 2022,DECRET,D314-23,Décret n°2026-719 du 1er août 2026,DECRET,,,0
D314-24,LEGIARTI000032807656,2016-07-01,,Décret n°2016-884 du 29 juin 2016,DECRET,D314-24,Décret n°2016-884 du 29 juin 2016,DECRET,,,0
D314-25,LEGIARTI000032807658,2016-07-01,,Décret n°2016-884 du 29 juin 2016,DECRET,D314-25,Décret n°2016-884 du 29 juin 2016,DECRET,,,0
D314-26,LEGIARTI000032807660,2016-07-01,,Décret n°2016-884 du 29 juin 2016,DECRET,D313-10-5,Décret n°2026-719 du 1er août 2026,DECRET,,,0
D314-27,LEGIARTI000036984034,2018-10-01,,Décret n°2018-431 du 1er juin 2018,DECRET,D313-10-6,Décret n°2026-719 du 1er août 2026,DECRET,,,0
D314-28,LEGIARTI000032807664,2016-07-01,,Décret n°2016-884 du 29 juin 2016,DECRET,D314-28,Décret n°2016-884 du 29 juin 2016,DECRET,,,0
D314-29,LEGIARTI000032807666,2016-07-01,,Décret n°2016-884 du 29 juin 2016,DECRET,D313-10-6,Décret n°2026-719 du 1er août 2026,DECRET,,,0
D351-1,LEGIARTI000036769523,2018-04-01,,Décret n°2018-229 du 30 mars 2018,DECRET,D351-1,Décret n°2026-719 du 1er août 2026,DECRET,,,0
D351-10,LEGIARTI000035190323,2017-07-15,,Décret n°2017-1166 du 12 juillet 2017,DECRET,D351-10,Décret n°2017-1166 du 12 juillet 2017,DECRET,,,0
D351-2,LEGIARTI000035190164,2017-07-15,,Décret n°2017-1166 du 12 juillet 2017,DECRET,D351-2,Décret n°2017-1166 du 12 juillet 2017,DECRET,,,0
D351-6,LEGIARTI000045928362,2022-06-18,,Décret n°2022-894 du 15 juin 2022,DECRET,D351-6,Décret n°2026-719 du 1er août 2026,DECRET,,,0
D351-7,LEGIARTI000035190277,2017-07-15,,Décret n°2017-1166 du 12 juillet 2017,DECRET,D351-7,Décret n°2017-1166 du 12 juillet 2017,DECRET,,,0
D412-49,LEGIARTI000048180182,2023-10-11,,Décret n°2023-931 du 9 octobre 2023,DECRET,D412-49,Décret n°2023-931 du 9 octobre 2023,DECRET,,,0
D412-50,LEGIARTI000048180184,2023-10-11,,Décret n°2023-931 du 9 octobre 2023,DECRET,D412-50,Décret n°2023-931 du 9 octobre 2023,DECRET,,,0
D412-51,LEGIARTI000048180186,2023-10-11,,Décret n°2023-931 du 9 octobre 2023,DECRET,D412-51,Décret n°2023-931 du 9 octobre 2023,DECRET,,,0
D412-52,LEGIARTI000048180379,2023-10-11,,Décret n°2023-931 du 9 octobre 2023,DECRET,D412-52,Décret n°2023-931 du 9 octobre 2023,DECRET,,,0
D412-53,LEGIARTI000048180381,2023-10-11,,Décret n°2023-931 du 9 octobre 2023,DECRET,D412-53,Décret n°2023-931 du 9 octobre 2023,DECRET,,,0
D412-54,LEGIARTI000048180383,2023-10-11,,Décret n°2023-931 du 9 octobre 2023,DECRET,D412-54,Décret n°2023-931 du 9 octobre 2023,DECRET,,,0
D412-55,LEGIARTI000048180385,2023-10-11,,Décret n°2023-931 du 9 octobre 2023,DECRET,D412-55,Décret n°2023-931 du 9 octobre 2023,DECRET,,,0
D412-56,LEGIARTI000048180387,2023-10-11,,Décret n°2023-931 du 9 octobre 2023,DECRET,D412-56,Décret n°2023-931 du 9 octobre 2023,DECRET,,,0
D412-57,LEGIARTI000048180389,2023-10-11,,Décret n°2023-931 du 9 octobre 2023,DECRET,D412-57,Décret n°2023-931 du 9 octobre 2023,DECRET,,,0
D412-58,LEGIARTI000048180391,2023-10-11,,Décret n°2023-931 du 9 octobre 2023,DECRET,D412-58,Décret n°2023-931 du 9 octobre 2023,DECRET,,,0
D412-59,LEGIARTI000048180393,2023-10-11,,Décret n°2023-931 du 9 octobre 2023,DECRET,D412-59,Décret n°2023-931 du 9 octobre 2023,DECRET,,,0
D412-60,LEGIARTI000048180395,2023-10-11,,Décret n°2023-931 du 9 octobre 2023,DECRET,D412-60,Décret n°2023-931 du 9 octobre 2023,DECRET,,,0
D412-61,LEGIARTI000048180397,2023-10-11,,Décret n°2023-931 du 9 octobre 2023,DECRET,D412-61,Décret n°2023-931 du 9 octobre 2023,DECRET,,,0
D412-62,LEGIARTI000048180399,2023-10-11,,Décret n°2023-931 du 9 octobre 2023,DECRET,D412-62,Décret n°2023-931 du 9 octobre 2023,DECRET,,,0
D412-7-1,LEGIARTI000046572901,2022-11-19,,Décret n°2022-1440 du 17 novembre 2022,DECRET,D412-7-1,Décret n°2022-1440 du 17 novembre 2022,DECRET,,,0
D512-6,LEGIARTI000044981253,2021-04-01,,Décret n°2020-1545 du 9 décembre 2020,DECRET,D512-6,Décret n°2020-1545 du 9 décembre 2020,DECRET,,,0
D521-4,LEGIARTI000032808242,2016-07-01,,Décret n°2016-884 du 29 juin 2016,DECRET,D225-2,Décret n°2016-884 du 29 juin 2016,DECRET,,,0
D613-2,LEGIARTI000033186886,2016-07-01,,Décret n°2016-884 du 29 juin 2016,DECRET,D613-2,Décret n°2016-884 du 29 juin 2016,DECRET,,,0
D732-3,LEGIARTI000034162781,2018-01-01,,Décret n°2017-302 du 8 mars 2017,DECRET,D732-3,Décret n°2017-302 du 8 mars 2017,DECRET,,,0
D821-1,LEGIARTI000032808986,2016-07-01,,Décret n°2016-884 du 29 juin 2016,DECRET,D511-1,Décret n°2016-884 du 29 juin 2016,DECRET,,,0
D821-10,LEGIARTI000032809006,2016-07-01,,Décret n°2016-884 du 29 juin 2016,DECRET,D511-10,Décret n°2016-884 du 29 juin 2016,DECRET,,,0
D821-11,LEGIARTI000032809008,2016-07-01,,Décret n°2016-884 du 29 juin 2016,DECRET,D511-11,Décret n°2016-884 du 29 juin 2016,DECRET,,,0
D821-12,LEGIARTI000032809012,2016-07-01,,Décret n°2016-884 du 29 juin 2016,DECRET,D511-12,Décret n°2016-884 du 29 juin 2016,DECRET,,,0
D821-13,LEGIARTI000032809014,2016-07-01,,Décret n°2016-884 du 29 juin 2016,DECRET,D511-13,Décret n°2016-884 du 29 juin 2016,DECRET,,,0
D821-14,LEGIARTI000032809016,2016-07-01,,Décret n°2016-884 du 29 juin 2016,DECRET,D511-14,Décret n°2016-884 du 29 juin 2016,DECRET,,,0
D821-15,LEGIARTI000032809018,2016-07-01,,Décret n°2016-884 du 29 juin 2016,DECRET,D511-15,Décret n°2016-884 du 29 juin 2016,DECRET,,,0
D821-16,LEGIARTI000032809020,2016-07-01,,Décret n°2016-884 du 29 juin 2016,DECRET,D511-16,Décret n°2016-884 du 29 juin 2016,DECRET,,,0
D821-17,LEGIARTI000032809022,2016-07-01,,Décret n°2016-884 du 29 juin 2016,DECRET,D511-17,Décret n°2016-884 du 29 juin 2016,DECRET,,,0
D821-2,LEGIARTI000032808988,2016-07-01,,Décret n°2016-884 du 29 juin 2016,DECRET,D511-2,Décret n°2016-884 du 29 juin 2016,DECRET,,,0
D821-3,LEGIARTI000032808990,2016-07-01,,Décret n°2016-884 du 29 juin 2016,DECRET,D511-3,Décret n°2016-884 du 29 juin 2016,DECRET,,,0
D821-4,LEGIARTI000032808992,2016-07-01,,Décret n°2016-884 du 29 juin 2016,DECRET,D511-4,Décret n°2016-884 du 29 juin 2016,DECRET,,,0
D821-5,LEGIARTI000032808996,2016-07-01,,Décret n°2016-884 du 29 juin 2016,DECRET,D511-5,Décret n°2016-884 du 29 juin 2016,DECRET,,,0
D821-6,LEGIARTI000032808998,2016-07-01,,Décret n°2016-884 du 29 juin 2016,DECRET,D511-6,Décret n°2016-884 du 29 juin 2016,DECRET,,,0
D821-7,LEGIARTI000037401869,2018-09-14,,Décret n°2018-785 du 12 septembre 2018,DECRET,D511-7,Décret n°2018-785 du 12 septembre 2018,DECRET,,,0
D821-8,LEGIARTI000032809002,2016-07-01,,Décret n°2016-884 du 29 juin 2016,DECRET,D511-8,Décret n°2016-884 du 29 juin 2016,DECRET,,,0
D821-9,LEGIARTI000032809004,2016-07-01,,Décret n°2016-884 du 29 juin 2016,DECRET,D511-9,Décret n°2016-884 du 29 juin 2016,DECRET,,,0
D824-1,LEGIARTI000037523669,2018-10-25,,Décret n°2018-904 du 22 octobre 2018,DECRET,D541-1,Décret n°2018-904 du 22 octobre 2018,DECRET,,,0
D824-2,LEGIARTI000037523663,2018-10-25,,Décret n°2018-904 du 22 octobre 2018,DECRET,D541-2,Décret n°2018-904 du 22 octobre 2018,DECRET,,,0
D824-3,LEGIARTI000032809158,2016-07-01,,Décret n°2016-884 du 29 juin 2016,DECRET,L541-1,LOI n° 2014-1170 du 13 octobre 2014,LOI,JORFDOLE000028196878,14,1
D824-4,LEGIARTI000047075581,2023-02-01,,Décret n°2023-40 du 30 janvier 2023,DECRET,D541-3,Décret n°2023-40 du 30 janvier 2023,DECRET,,,0
D824-5,LEGIARTI000037523647,2018-10-25,,Décret n°2018-904 du 22 octobre 2018,DECRET,D541-4,Décret n°2018-904 du 22 octobre 2018,DECRET,,,0
D824-6,LEGIARTI000047075574,2023-02-01,,Décret n°2023-40 du 30 janvier 2023,DECRET,D541-5,Décret n°2023-40 du 30 janvier 2023,DECRET,,,0
D824-7,LEGIARTI000032809166,2016-07-01,,Décret n°2016-884 du 29 juin 2016,DECRET,D541-6,Décret n°2016-884 du 29 juin 2016,DECRET,,,0
D824-8,LEGIARTI000037523633,2018-10-25,,Décret n°2018-904 du 22 octobre 2018,DECRET,D541-7,Décret n°2018-904 du 22 octobre 2018,DECRET,,,0
R111-1,LEGIARTI000045987238,2022-10-01,,Décret n°2022-946 du 29 juin 2022,DECRET,R111-1,Décret n°2022-946 du 29 juin 2022,DECRET,,,0
R111-2,LEGIARTI000046074299,2023-01-01,,Décret n°2022-1014 du 19 juillet 2022,DECRET,R111-2,Décret n°2022-1014 du 19 juillet 2022,DECRET,,,0
R111-3,LEGIARTI000032807120,2016-07-01,,Décret n°2016-884 du 29 juin 2016,DECRET,R111-2,Décret n°2016-884 du 29 juin 2016,DECRET,,,0
R111-4-1,LEGIARTI000044809323,2022-01-01,,Décret n°2021-1943 du 31 décembre 2021,DECRET,R111-4-1,Décret n°2021-1943 du 31 décembre 2021,DECRET,,,0
R111-4-2,LEGIARTI000044809325,2022-01-01,,Décret n°2021-1943 du 31 décembre 2021,DECRET,R111-4-2,Décret n°2021-1943 du 31 décembre 2021,DECRET,,,0
R111-4-3,LEGIARTI000044809327,2022-01-01,,Décret n°2021-1943 du 31 décembre 2021,DECRET,R111-4-3,Décret n°2021-1943 du 31 décembre 2021,DECRET,,,0
R111-4-4,LEGIARTI000047479151,2023-04-23,,Décret n°2023-293 du 19 avril 2023,DECRET,R111-4-4,Décret n°2023-293 du 19 avril 2023,DECRET,,,0
R111-4-5,LEGIARTI000047479153,2023-04-23,,Décret n°2023-293 du 19 avril 2023,DECRET,R111-4-5,Décret n°2023-293 du 19 avril 2023,DECRET,,,0
R111-4-6,LEGIARTI000047479157,2023-04-23,,Décret n°2023-293 du 19 avril 2023,DECRET,R111-4-6,Décret n°2023-293 du 19 avril 2023,DECRET,,,0
R112-1,LEGIARTI000032807138,2016-07-01,,Décret n°2016-884 du 29 juin 2016,DECRET,R112-1,Décret n°2016-884 du 29 juin 2016,DECRET,,,0
R112-2,LEGIARTI000032807140,2016-07-01,,Décret n°2016-884 du 29 juin 2016,DECRET,R112-2,Décret n°2016-884 du 29 juin 2016,DECRET,,,0
R112-3,LEGIARTI000032807142,2016-07-01,,Décret n°2016-884 du 29 juin 2016,DECRET,R112-3,Décret n°2016-884 du 29 juin 2016,DECRET,,,0
R112-4,LEGIARTI000032807144,2016-07-01,,Décret n°2016-884 du 29 juin 2016,DECRET,R112-4,Décret n°2016-884 du 29 juin 2016,DECRET,,,0
R121-1,LEGIARTI000032807158,2016-07-01,,Décret n°2016-884 du 29 juin 2016,DECRET,L121-35,LOI n°2014-344 du 17 mars 2014,LOI,JORFDOLE000027383756,14,1
R122-4,LEGIARTI000045186126,2022-01-01,,Décret n°2022-190 du 17 février 2022,DECRET,R122-4,Décret n°2022-190 du 17 février 2022,DECRET,,,0
R122-5,LEGIARTI000045186130,2022-01-01,,Décret n°2022-190 du 17 février 2022,DECRET,R122-5,Décret n°2022-190 du 17 février 2022,DECRET,,,0
R122-6,LEGIARTI000045186148,2022-01-01,,Décret n°2022-190 du 17 février 2022,DECRET,R122-6,Décret n°2022-190 du 17 février 2022,DECRET,,,0
R131-1,LEGIARTI000032807168,2016-07-01,,Décret n°2016-884 du 29 juin 2016,DECRET,R134-1,Décret n°2016-884 du 29 juin 2016,DECRET,,,0
R132-1,LEGIARTI000032807172,2016-07-01,,Décret n°2016-884 du 29 juin 2016,DECRET,R121-13,Décret n°2016-884 du 29 juin 2016,DECRET,,,0
R132-2,LEGIARTI000036984047,2018-10-01,,Décret n°2018-431 du 1er juin 2018,DECRET,R121-13,Décret n°2018-431 du 1er juin 2018,DECRET,,,0
R132-3,LEGIARTI000032807176,2016-07-01,,Décret n°2016-884 du 29 juin 2016,DECRET,R122-1,Décret n°2016-884 du 29 juin 2016,DECRET,,,0
R211-5,LEGIARTI000045981116,2022-10-01,,Décret n°2022-946 du 29 juin 2022,DECRET,R211-5,Décret n°2022-946 du 29 juin 2022,DECRET,,,0
R212-1,LEGIARTI000032807196,2016-07-01,,Décret n°2016-884 du 29 juin 2016,DECRET,R132-1,Décret n°2016-884 du 29 juin 2016,DECRET,,,0
R212-2,LEGIARTI000032807198,2016-07-01,,Décret n°2016-884 du 29 juin 2016,DECRET,R132-2,Décret n°2016-884 du 29 juin 2016,DECRET,,,0
R212-3,LEGIARTI000032807200,2016-07-01,,Décret n°2016-884 du 29 juin 2016,DECRET,R132-2-1,Décret n°2016-884 du 29 juin 2016,DECRET,,,0
R212-4,LEGIARTI000032807202,2016-07-01,,Décret n°2016-884 du 29 juin 2016,DECRET,R132-2-1,Décret n°2016-884 du 29 juin 2016,DECRET,,,0
R212-5,LEGIARTI000032807204,2016-07-01,,Décret n°2016-884 du 29 juin 2016,DECRET,R212-5,Décret n°2016-884 du 29 juin 2016,DECRET,,,0
R217-10,LEGIARTI000045981242,2022-10-01,,Décret n°2022-946 du 29 juin 2022,DECRET,R217-10,Décret n°2022-946 du 29 juin 2022,DECRET,,,0
R217-11,LEGIARTI000045981246,2022-10-01,,Décret n°2022-946 du 29 juin 2022,DECRET,R217-11,Décret n°2022-946 du 29 juin 2022,DECRET,,,0
R217-12,LEGIARTI000045981250,2022-10-01,,Décret n°2022-946 du 29 juin 2022,DECRET,R217-12,Décret n°2022-946 du 29 juin 2022,DECRET,,,0
R217-6,LEGIARTI000045987308,2022-10-01,,Décret n°2022-946 du 29 juin 2022,DECRET,R217-6,Décret n°2022-946 du 29 juin 2022,DECRET,,,0
R217-7,LEGIARTI000045987306,2022-10-01,,Décret n°2022-946 du 29 juin 2022,DECRET,R217-7,Décret n°2022-946 du 29 juin 2022,DECRET,,,0
R217-8,LEGIARTI000045981234,2022-10-01,,Décret n°2022-946 du 29 juin 2022,DECRET,R217-8,Décret n°2022-946 du 29 juin 2022,DECRET,,,0
R217-9,LEGIARTI000045981238,2022-10-01,,Décret n°2022-946 du 29 juin 2022,DECRET,R217-9,Décret n°2022-946 du 29 juin 2022,DECRET,,,0
R221-1,LEGIARTI000045418603,2022-05-28,,Décret n°2022-424 du 25 mars 2022,DECRET,R121-1,Décret n°2022-424 du 25 mars 2022,DECRET,,,0
R221-2,LEGIARTI000045418595,2022-05-28,,Décret n°2022-424 du 25 mars 2022,DECRET,R121-2,Décret n°2022-424 du 25 mars 2022,DECRET,,,0
R221-3,LEGIARTI000045418591,2022-05-28,,Décret n°2022-424 du 25 mars 2022,DECRET,R121-2,Décret n°2022-424 du 25 mars 2022,DECRET,,,0
R221-4,LEGIARTI000045418580,2022-05-28,,Décret n°2022-424 du 25 mars 2022,DECRET,R121-2,Décret n°2022-424 du 25 mars 2022,DECRET,,,0
R222-1,LEGIARTI000053303371,2026-06-19,,Décret n°2026-3 du 5 janvier 2026,DECRET,R121-3,Décret n°2026-105 du 19 février 2026,DECRET,,,0
R222-3,LEGIARTI000053303392,2026-06-19,,Décret n°2026-3 du 5 janvier 2026,DECRET,R121-3,Décret n°2026-105 du 19 février 2026,DECRET,,,0
R222-4,LEGIARTI000032807252,2016-07-01,,Décret n°2016-884 du 29 juin 2016,DECRET,R121-4,Décret n°2016-884 du 29 juin 2016,DECRET,,,0
R223-1,LEGIARTI000054491464,2026-08-11,,Décret n°2026-662 du 23 juillet 2026,DECRET,R121-7,Décret n°2026-662 du 23 juillet 2026,DECRET,,,0
R223-2,LEGIARTI000054491459,2026-08-11,,Décret n°2026-662 du 23 juillet 2026,DECRET,R121-7-1,Décret n°2026-662 du 23 juillet 2026,DECRET,,,0
R223-3,LEGIARTI000054491452,2026-08-11,,Décret n°2026-662 du 23 juillet 2026,DECRET,R121-7-2,Décret n°2026-662 du 23 juillet 2026,DECRET,,,0
R223-4,LEGIARTI000054491448,2026-08-11,,Décret n°2026-662 du 23 juillet 2026,DECRET,R121-7-3,Décret n°2026-662 du 23 juillet 2026,DECRET,,,0
R224-1,LEGIARTI000032807276,2016-07-01,,Décret n°2016-884 du 29 juin 2016,DECRET,R224-1,Décret n°2016-884 du 29 juin 2016,DECRET,,,0
R224-10,LEGIARTI000032807298,2016-07-01,,Décret n°2016-884 du 29 juin 2016,DECRET,R224-10,Décret n°2016-884 du 29 juin 2016,DECRET,,,0
R224-11,LEGIARTI000032807302,2016-07-01,,Décret n°2016-884 du 29 juin 2016,DECRET,R224-11,Décret n°2016-884 du 29 juin 2016,DECRET,,,0
R224-12,LEGIARTI000032807306,2016-07-01,,Décret n°2016-884 du 29 juin 2016,DECRET,R224-12,Décret n°2016-884 du 29 juin 2016,DECRET,,,0
R224-14,LEGIARTI000032807314,2016-07-01,,Décret n°2016-884 du 29 juin 2016,DECRET,R224-14,Décret n°2016-884 du 29 juin 2016,DECRET,,,0
R224-15,LEGIARTI000032807316,2016-07-01,,Décret n°2016-884 du 29 juin 2016,DECRET,R224-15,Décret n°2016-884 du 29 juin 2016,DECRET,,,0
R224-16,LEGIARTI000032807320,2016-07-01,,Décret n°2016-884 du 29 juin 2016,DECRET,R224-16,Décret n°2016-884 du 29 juin 2016,DECRET,,,0
R224-2,LEGIARTI000032807278,2016-07-01,,Décret n°2016-884 du 29 juin 2016,DECRET,R224-2,Décret n°2016-884 du 29 juin 2016,DECRET,,,0
R224-22,LEGIARTI000050008710,2024-10-01,,Décret n°2024-823 du 16 juillet 2024,DECRET,R224-22,Décret n°2024-823 du 16 juillet 2024,DECRET,,,0
R224-23,LEGIARTI000050008706,2024-10-01,,Décret n°2024-823 du 16 juillet 2024,DECRET,R224-23,Décret n°2024-823 du 16 juillet 2024,DECRET,,,0
R224-24,LEGIARTI000050008702,2024-10-01,,Décret n°2024-823 du 16 juillet 2024,DECRET,R224-24,Décret n°2024-823 du 16 juillet 2024,DECRET,,,0
R224-25,LEGIARTI000050008699,2024-10-01,,Décret n°2024-823 du 16 juillet 2024,DECRET,R224-25,Décret n°2024-823 du 16 juillet 2024,DECRET,,,0
R224-3,LEGIARTI000032807280,2016-07-01,,Décret n°2016-884 du 29 juin 2016,DECRET,R224-3,Décret n°2016-884 du 29 juin 2016,DECRET,,,0
R224-30,LEGIARTI000044809462,2022-01-01,,Décret n°2021-1944 du 31 décembre 2021,DECRET,R224-30,Décret n°2021-1944 du 31 décembre 2021,DECRET,,,0
R224-31,LEGIARTI000044809464,2022-01-01,,Décret n°2021-1944 du 31 décembre 2021,DECRET,R224-31,Décret n°2021-1944 du 31 décembre 2021,DECRET,,,0
R224-32,LEGIARTI000044809466,2022-01-01,,Décret n°2021-1944 du 31 décembre 2021,DECRET,R224-32,Décret n°2021-1944 du 31 décembre 2021,DECRET,,,0
R224-4,LEGIARTI000035208305,2017-10-01,,Décret n°2017-1166 du 12 juillet 2017,DECRET,R121-22,Décret n°2017-1166 du 12 juillet 2017,DECRET,,,0
R224-5,LEGIARTI000032807286,2016-07-01,,Décret n°2016-884 du 29 juin 2016,DECRET,R121-23,Décret n°2016-884 du 29 juin 2016,DECRET,,,0
R224-50,LEGIARTI000044520187,2022-01-01,,Décret n°2021-1683 du 16 décembre 2021,DECRET,R224-50,Décret n°2021-1683 du 16 décembre 2021,DECRET,,,0
R224-51,LEGIARTI000044520184,2022-01-01,,Décret n°2021-1683 du 16 décembre 2021,DECRET,R224-51,Décret n°2021-1683 du 16 décembre 2021,DECRET,,,0
R224-52,LEGIARTI000044520182,2022-01-01,,Décret n°2021-1683 du 16 décembre 2021,DECRET,R224-52,Décret n°2021-1683 du 16 décembre 2021,DECRET,,,0
R224-59-1,LEGIARTI000048474706,2023-11-30,,Décret n°2023-1100 du 27 novembre 2023,DECRET,R224-59-1,Décret n°2023-1100 du 27 novembre 2023,DECRET,,,0
R224-6,LEGIARTI000032807288,2016-07-01,,Décret n°2016-884 du 29 juin 2016,DECRET,R224-6,Décret n°2016-884 du 29 juin 2016,DECRET,,,0
R224-60,LEGIARTI000047479215,2023-04-23,,Décret n°2023-294 du 19 avril 2023,DECRET,R224-60,Décret n°2023-294 du 19 avril 2023,DECRET,,,0
R224-61,LEGIARTI000047479217,2023-04-23,,Décret n°2023-294 du 19 avril 2023,DECRET,R224-61,Décret n°2023-294 du 19 avril 2023,DECRET,,,0
R224-62,LEGIARTI000047479219,2023-04-23,,Décret n°2023-294 du 19 avril 2023,DECRET,R224-62,Décret n°2023-294 du 19 avril 2023,DECRET,,,0
R224-68,LEGIARTI000047479289,2023-04-23,,Décret n°2023-294 du 19 avril 2023,DECRET,R224-68,Décret n°2023-294 du 19 avril 2023,DECRET,,,0
R224-69,LEGIARTI000047479291,2023-04-23,,Décret n°2023-294 du 19 avril 2023,DECRET,R224-69,Décret n°2023-294 du 19 avril 2023,DECRET,,,0
R224-7,LEGIARTI000035208300,2017-10-01,,Décret n°2017-1166 du 12 juillet 2017,DECRET,R224-7,Décret n°2017-1166 du 12 juillet 2017,DECRET,,,0
R224-70,LEGIARTI000047479293,2023-04-23,,Décret n°2023-294 du 19 avril 2023,DECRET,R224-70,Décret n°2023-294 du 19 avril 2023,DECRET,,,0
R224-8,LEGIARTI000032807294,2016-07-01,,Décret n°2016-884 du 29 juin 2016,DECRET,R224-8,Décret n°2016-884 du 29 juin 2016,DECRET,,,0
R224-9,LEGIARTI000032807296,2016-07-01,,Décret n°2016-884 du 29 juin 2016,DECRET,R224-9,Décret n°2016-884 du 29 juin 2016,DECRET,,,0
R242-1,LEGIARTI000032807336,2016-07-01,,Décret n°2016-884 du 29 juin 2016,DECRET,R121-5,Décret n°2016-884 du 29 juin 2016,DECRET,,,0
R242-10,LEGIARTI000032807358,2016-07-01,,Décret n°2016-884 du 29 juin 2016,DECRET,R121-19,Décret n°2016-884 du 29 juin 2016,DECRET,,,0
R242-11,LEGIARTI000032807360,2016-07-01,,Décret n°2016-884 du 29 juin 2016,DECRET,R121-17,Décret n°2016-884 du 29 juin 2016,DECRET,,,0
R242-12,LEGIARTI000032807362,2016-07-01,,Décret n°2016-884 du 29 juin 2016,DECRET,R121-18,Décret n°2016-884 du 29 juin 2016,DECRET,,,0
R242-13,LEGIARTI000032807364,2016-07-01,,Décret n°2016-884 du 29 juin 2016,DECRET,R121-18,Décret n°2016-884 du 29 juin 2016,DECRET,,,0
R242-14,LEGIARTI000032807366,2016-07-01,,Décret n°2016-884 du 29 juin 2016,DECRET,R121-16,Décret n°2016-884 du 29 juin 2016,DECRET,,,0
R242-15,LEGIARTI000032807368,2016-07-01,,Décret n°2016-884 du 29 juin 2016,DECRET,R121-21,Décret n°2016-884 du 29 juin 2016,DECRET,,,0
R242-16,LEGIARTI000032807372,2016-07-01,,Décret n°2016-884 du 29 juin 2016,DECRET,R242-16,Décret n°2016-884 du 29 juin 2016,DECRET,,,0
R242-17,LEGIARTI000032807374,2016-07-01,,Décret n°2016-884 du 29 juin 2016,DECRET,R242-17,Décret n°2016-884 du 29 juin 2016,DECRET,,,0
R242-18,LEGIARTI000032807376,2016-07-01,,Décret n°2016-884 du 29 juin 2016,DECRET,R242-18,Décret n°2016-884 du 29 juin 2016,DECRET,,,0
R242-19,LEGIARTI000032807378,2016-07-01,,Décret n°2016-884 du 29 juin 2016,DECRET,R242-19,Décret n°2016-884 du 29 juin 2016,DECRET,,,0
R242-2,LEGIARTI000032807338,2016-07-01,,Décret n°2016-884 du 29 juin 2016,DECRET,R121-6,Décret n°2016-884 du 29 juin 2016,DECRET,,,0
R242-20,LEGIARTI000032807380,2016-07-01,,Décret n°2016-884 du 29 juin 2016,DECRET,R242-20,Décret n°2016-884 du 29 juin 2016,DECRET,,,0
R242-3,LEGIARTI000032807340,2016-07-01,,Décret n°2016-884 du 29 juin 2016,DECRET,R121-2-5,Décret n°2016-884 du 29 juin 2016,DECRET,,,0
R242-4,LEGIARTI000032807342,2016-07-01,,Décret n°2016-884 du 29 juin 2016,DECRET,R242-4,Décret n°2016-884 du 29 juin 2016,DECRET,,,0
R242-5,LEGIARTI000032807344,2016-07-01,,Décret n°2016-884 du 29 juin 2016,DECRET,R242-5,Décret n°2016-884 du 29 juin 2016,DECRET,,,0
R242-6,LEGIARTI000032807350,2016-07-01,,Décret n°2016-884 du 29 juin 2016,DECRET,R121-20,Décret n°2016-884 du 29 juin 2016,DECRET,,,0
R242-7,LEGIARTI000032807352,2016-07-01,,Décret n°2016-884 du 29 juin 2016,DECRET,R121-14,Décret n°2016-884 du 29 juin 2016,DECRET,,,0
R242-8,LEGIARTI000032807354,2016-07-01,,Décret n°2016-884 du 29 juin 2016,DECRET,R121-15,Décret n°2016-884 du 29 juin 2016,DECRET,,,0
R242-9,LEGIARTI000032807356,2016-07-01,,Décret n°2016-884 du 29 juin 2016,DECRET,R121-15,Décret n°2016-884 du 29 juin 2016,DECRET,,,0
R252-1,LEGIARTI000053303453,2026-06-19,,Décret n°2026-3 du 5 janvier 2026,DECRET,R252-1,Décret n°2026-105 du 19 février 2026,DECRET,,,0
R312-1-1,LEGIARTI000025790846,2012-10-01,,Décret n°2012-609 du 30 avril 2012,DECRET,R312-1,Décret n°2026-105 du 19 février 2026,DECRET,,,0
R312-10,LEGIARTI000033697118,2016-12-28,,Décret n°2016-1844 du 23 décembre 2016,DECRET,R311-5,LOI n°2013-672&#13; du 26 juillet 2013,LOI,JORFDOLE000026795365,14,1
R312-11,LEGIARTI000032807430,2016-07-01,,Décret n°2016-884 du 29 juin 2016,DECRET,R311-5,LOI n°2013-672&#13; du 26 juillet 2013,LOI,JORFDOLE000026795365,14,1
R312-12,LEGIARTI000032807432,2016-07-01,,Décret n°2016-884 du 29 juin 2016,DECRET,R311-5,LOI n°2013-672&#13; du 26 juillet 2013,LOI,JORFDOLE000026795365,14,1
R312-13,LEGIARTI000032807434,2016-07-01,,Décret n°2016-884 du 29 juin 2016,DECRET,R311-5,LOI n°2013-672&#13; du 26 juillet 2013,LOI,JORFDOLE000026795365,14,1
R312-14,LEGIARTI000032807436,2016-07-01,,Décret n°2016-884 du 29 juin 2016,DECRET,R311-5-1,Décret n°2016-884 du 29 juin 2016,DECRET,,,0
R312-14-1,LEGIARTI000048623682,2023-12-30,,Décret n°2023-1211 du 20 décembre 2023,DECRET,R312-14-1,Décret n°2026-105 du 19 février 2026,DECRET,,,0
R312-2,LEGIARTI000036769082,2018-04-01,,Décret n°2018-229 du 30 mars 2018,DECRET,R312-2,Décret n°2026-105 du 19 février 2026,DECRET,,,0
R312-20,LEGIARTI000032807456,2016-07-01,,Décret n°2016-884 du 29 juin 2016,DECRET,R311-9,Décret n°2016-884 du 29 juin 2016,DECRET,,,0
R312-3,LEGIARTI000032807408,2016-07-01,,Décret n°2016-884 du 29 juin 2016,DECRET,R312-3,Décret n°2016-884 du 29 juin 2016,DECRET,,,0
R312-32,LEGIARTI000036769035,2018-04-01,,Décret n°2018-229 du 30 mars 2018,DECRET,R311-11,Décret n°2018-229 du 30 mars 2018,DECRET,,,0
R312-33,LEGIARTI000032807486,2016-07-01,,Décret n°2016-884 du 29 juin 2016,DECRET,R311-12,Décret n°2016-884 du 29 juin 2016,DECRET,,,0
R312-34,LEGIARTI000032807488,2016-07-01,,Décret n°2016-884 du 29 juin 2016,DECRET,R311-13,Décret n°2016-884 du 29 juin 2016,DECRET,,,0
R312-35,LEGIARTI000039347964,2020-01-01,,Décret n°2019-966 du 18 septembre 2019,DECRET,L311-37,LOI n°2010-737&#13; du 1er juillet 2010,LOI,JORFDOLE000020542090,13,1
R312-4,LEGIARTI000032807410,2016-07-01,,Décret n°2016-884 du 29 juin 2016,DECRET,R311-3,Décret n°2026-105 du 19 février 2026,DECRET,,,0
R312-5,LEGIARTI000036769071,2018-04-01,,Décret n°2018-229 du 30 mars 2018,DECRET,R311-3,Décret n°2018-229 du 30 mars 2018,DECRET,,,0
R312-6,LEGIARTI000036769061,2018-04-01,,Décret n°2018-229 du 30 mars 2018,DECRET,R311-3,Décret n°2018-229 du 30 mars 2018,DECRET,,,0
R312-9,LEGIARTI000032807424,2016-07-01,,Décret n°2016-884 du 29 juin 2016,DECRET,R311-4,Décret n°2016-884 du 29 juin 2016,DECRET,,,0
R313-1,LEGIARTI000032807502,2016-10-01,,Décret n°2016-884 du 29 juin 2016,DECRET,R313-1,Décret n°2016-884 du 29 juin 2016,DECRET,,,0
R313-10,LEGIARTI000036769169,2018-04-01,,Décret n°2018-229 du 30 mars 2018,DECRET,R312-0-1,Décret n°2018-229 du 30 mars 2018,DECRET,,,0
R313-11,LEGIARTI000036769159,2018-04-01,,Décret n°2018-229 du 30 mars 2018,DECRET,R312-0-2,Décret n°2018-229 du 30 mars 2018,DECRET,,,0
R313-12,LEGIARTI000036769151,2018-04-01,,Décret n°2018-229 du 30 mars 2018,DECRET,R313-12,Décret n°2018-229 du 30 mars 2018,DECRET,,,0
R313-13,LEGIARTI000032807540,2016-07-01,,Décret n°2016-884 du 29 juin 2016,DECRET,R313-13,Décret n°2016-884 du 29 juin 2016,DECRET,,,0
R313-14,LEGIARTI000032807542,2016-07-01,,Décret n°2016-884 du 29 juin 2016,DECRET,R313-14,Décret n°2016-884 du 29 juin 2016,DECRET,,,0
R313-15,LEGIARTI000032807544,2016-07-01,,Décret n°2016-884 du 29 juin 2016,DECRET,R313-15,Décret n°2016-884 du 29 juin 2016,DECRET,,,0
R313-16,LEGIARTI000032807546,2016-07-01,,Décret n°2016-884 du 29 juin 2016,DECRET,R313-16,Décret n°2016-884 du 29 juin 2016,DECRET,,,0
R313-17,LEGIARTI000032807550,2016-07-01,,Décret n°2016-884 du 29 juin 2016,DECRET,R313-17,Décret n°2016-884 du 29 juin 2016,DECRET,,,0
R313-18,LEGIARTI000032807552,2016-07-01,,Décret n°2016-884 du 29 juin 2016,DECRET,R313-18,Décret n°2016-884 du 29 juin 2016,DECRET,,,0
R313-19,LEGIARTI000032807554,2016-07-01,,Décret n°2016-884 du 29 juin 2016,DECRET,R313-19,Décret n°2016-884 du 29 juin 2016,DECRET,,,0
R313-2,LEGIARTI000032807504,2016-10-01,,Décret n°2016-884 du 29 juin 2016,DECRET,R313-2,Décret n°2016-884 du 29 juin 2016,DECRET,,,0
R313-21,LEGIARTI000036769141,2018-04-01,,Décret n°2018-229 du 30 mars 2018,DECRET,R312-1,Décret n°2026-105 du 19 février 2026,DECRET,,,0
R313-22,LEGIARTI000032807562,2016-07-01,,Décret n°2016-884 du 29 juin 2016,DECRET,R312-1,Décret n°2026-105 du 19 février 2026,DECRET,,,0
R313-23,LEGIARTI000036769118,2018-04-01,,Décret n°2018-229 du 30 mars 2018,DECRET,R312-1-2,Décret n°2018-229 du 30 mars 2018,DECRET,,,0
R313-24,LEGIARTI000036769102,2018-04-01,,Décret n°2018-229 du 30 mars 2018,DECRET,R312-1-3,Décret n°2018-229 du 30 mars 2018,DECRET,,,0
R313-24-1,LEGIARTI000048623789,2023-12-30,,Décret n°2023-1211 du 20 décembre 2023,DECRET,R313-24-1,Décret n°2023-1211 du 20 décembre 2023,DECRET,,,0
R313-25,LEGIARTI000032807572,2016-07-01,,Décret n°2016-884 du 29 juin 2016,DECRET,R313-25,Décret n°2016-884 du 29 juin 2016,DECRET,,,0
R313-26,LEGIARTI000032807576,2016-07-01,,Décret n°2016-884 du 29 juin 2016,DECRET,R313-26,Décret n°2016-884 du 29 juin 2016,DECRET,,,0
R313-27,LEGIARTI000032807578,2016-07-01,,Décret n°2016-884 du 29 juin 2016,DECRET,R313-27,Décret n°2016-884 du 29 juin 2016,DECRET,,,0
R313-28,LEGIARTI000032807580,2016-07-01,,Décret n°2016-884 du 29 juin 2016,DECRET,R313-28,Décret n°2016-884 du 29 juin 2016,DECRET,,,0
R313-3,LEGIARTI000032807508,2016-10-01,,Décret n°2016-884 du 29 juin 2016,DECRET,R313-3,Décret n°2016-884 du 29 juin 2016,DECRET,,,0
R313-30,LEGIARTI000036769096,2018-04-01,,Décret n°2018-229 du 30 mars 2018,DECRET,R312-5,Décret n°2018-229 du 30 mars 2018,DECRET,,,0
R313-31,LEGIARTI000036769093,2018-04-01,,Décret n°2018-229 du 30 mars 2018,DECRET,R312-6,Décret n°2018-229 du 30 mars 2018,DECRET,,,0
R313-32,LEGIARTI000032807592,2016-10-01,,Décret n°2016-884 du 29 juin 2016,DECRET,R313-32,Décret n°2016-884 du 29 juin 2016,DECRET,,,0
R313-33,LEGIARTI000039347961,2020-01-01,,Décret n°2019-966 du 18 septembre 2019,DECRET,L312-36,Loi 93-949 1993-07-26 annexe JORF 27 juillet 1993,LOI,,,0
R313-4,LEGIARTI000036769200,2018-04-01,,Décret n°2018-229 du 30 mars 2018,DECRET,R312-0-0-2,Décret n°2018-229 du 30 mars 2018,DECRET,,,0
R313-5,LEGIARTI000032807516,2016-10-01,,Décret n°2016-884 du 29 juin 2016,DECRET,R313-5,Décret n°2016-884 du 29 juin 2016,DECRET,,,0
R313-6,LEGIARTI000036769196,2018-04-01,,Décret n°2018-229 du 30 mars 2018,DECRET,R312-0-0-4,Décret n°2018-229 du 30 mars 2018,DECRET,,,0
R313-7,LEGIARTI000053303400,2026-06-19,,Décret n°2026-3 du 5 janvier 2026,DECRET,R312-0-0-5,Décret n°2026-3 du 5 janvier 2026,DECRET,,,0
R313-8,LEGIARTI000032807524,2016-07-01,,Décret n°2016-884 du 29 juin 2016,DECRET,R312-0-1,Décret n°2016-884 du 29 juin 2016,DECRET,,,0
R313-9,LEGIARTI000036769177,2018-04-01,,Décret n°2018-229 du 30 mars 2018,DECRET,R312-0-1,Décret n°2018-229 du 30 mars 2018,DECRET,,,0
R314-1,LEGIARTI000032807604,2016-10-01,,Décret n°2016-884 du 29 juin 2016,DECRET,R313-1-0,Décret n°2016-884 du 29 juin 2016,DECRET,,,0
R314-10,LEGIARTI000032807622,2016-07-01,,Décret n°2016-884 du 29 juin 2016,DECRET,R313-5,Décret n°2016-884 du 29 juin 2016,DECRET,,,0
R314-11,LEGIARTI000032807624,2016-07-01,,Décret n°2016-884 du 29 juin 2016,DECRET,R313-5-1,Décret n°2016-884 du 29 juin 2016,DECRET,,,0
R314-12,LEGIARTI000032807626,2016-10-01,,Décret n°2016-884 du 29 juin 2016,DECRET,R314-12,Décret n°2016-884 du 29 juin 2016,DECRET,,,0
R314-13,LEGIARTI000032807628,2016-07-01,,Décret n°2016-884 du 29 juin 2016,DECRET,R313-5-3,Décret n°2016-884 du 29 juin 2016,DECRET,,,0
R314-14,LEGIARTI000032807630,2016-07-01,,Décret n°2016-884 du 29 juin 2016,DECRET,R313-5-4,Décret n°2016-884 du 29 juin 2016,DECRET,,,0
R314-18,LEGIARTI000032807642,2016-07-01,,Décret n°2016-884 du 29 juin 2016,DECRET,R313-11,Décret n°2016-884 du 29 juin 2016,DECRET,,,0
R314-19,LEGIARTI000036769212,2018-04-01,,Décret n°2018-229 du 30 mars 2018,DECRET,R313-12,Décret n°2018-229 du 30 mars 2018,DECRET,,,0
R314-2,LEGIARTI000032807606,2016-10-01,,Décret n°2016-884 du 29 juin 2016,DECRET,R313-1-0-1,Décret n°2016-884 du 29 juin 2016,DECRET,,,0
R314-20,LEGIARTI000032807646,2016-07-01,,Décret n°2016-884 du 29 juin 2016,DECRET,R313-13,Décret n°2016-884 du 29 juin 2016,DECRET,,,0
R314-21,LEGIARTI000036769206,2018-04-01,,Décret n°2018-229 du 30 mars 2018,DECRET,R313-14,Décret n°2018-229 du 30 mars 2018,DECRET,,,0
R314-3,LEGIARTI000032807608,2016-10-01,,Décret n°2016-884 du 29 juin 2016,DECRET,R313-1-0-2,Décret n°2026-105 du 19 février 2026,DECRET,,,0
R314-4,LEGIARTI000032807610,2016-10-01,,Décret n°2016-884 du 29 juin 2016,DECRET,R313-1-0-3,Décret n°2026-105 du 19 février 2026,DECRET,,,0
R314-5,LEGIARTI000032807612,2016-10-01,,Décret n°2016-884 du 29 juin 2016,DECRET,R313-1-0-4,Décret n°2016-884 du 29 juin 2016,DECRET,,,0
R314-6,LEGIARTI000032807614,2016-07-01,,Décret n°2016-884 du 29 juin 2016,DECRET,R313-1-1,Décret n°2016-884 du 29 juin 2016,DECRET,,,0
R314-7,LEGIARTI000032807616,2016-07-01,,Décret n°2016-884 du 29 juin 2016,DECRET,R313-2,Décret n°2016-884 du 29 juin 2016,DECRET,,,0
R314-8,LEGIARTI000032807618,2016-07-01,,Décret n°2016-884 du 29 juin 2016,DECRET,R313-3,Décret n°2016-884 du 29 juin 2016,DECRET,,,0
R314-9,LEGIARTI000032807620,2016-07-01,,Décret n°2016-884 du 29 juin 2016,DECRET,R313-4,Décret n°2026-105 du 19 février 2026,DECRET,,,0
R315-1,LEGIARTI000032807670,2016-07-01,,Décret n°2016-884 du 29 juin 2016,DECRET,R*314-1,Décret n°2016-884 du 29 juin 2016,DECRET,,,0
R315-2,LEGIARTI000032807672,2016-07-01,,Décret n°2016-884 du 29 juin 2016,DECRET,R315-2,Décret n°2016-884 du 29 juin 2016,DECRET,,,0
R315-3,LEGIARTI000044521866,2021-12-20,,Décret n°2021-1700 du 17 décembre 2021,DECRET,R315-3,Décret n°2021-1700 du 17 décembre 2021,DECRET,,,0
R341-1,LEGIARTI000032807706,2016-07-01,,Décret n°2016-884 du 29 juin 2016,DECRET,L311-21,LOI n°2010-737&#13; du 1er juillet 2010,LOI,JORFDOLE000020542090,13,1
R341-10,LEGIARTI000032807738,2016-07-01,,Décret n°2016-884 du 29 juin 2016,DECRET,L311-21,LOI n°2010-737&#13; du 1er juillet 2010,LOI,JORFDOLE000020542090,13,1
R341-11,LEGIARTI000032807740,2016-07-01,,Décret n°2016-884 du 29 juin 2016,DECRET,R311-9,Décret n°2016-884 du 29 juin 2016,DECRET,,,0
R341-12,LEGIARTI000032807744,2016-07-01,,Décret n°2016-884 du 29 juin 2016,DECRET,L311-21,LOI n°2010-737&#13; du 1er juillet 2010,LOI,JORFDOLE000020542090,13,1
R341-13,LEGIARTI000032807746,2016-07-01,,Décret n°2016-884 du 29 juin 2016,DECRET,L311-21,LOI n°2010-737&#13; du 1er juillet 2010,LOI,JORFDOLE000020542090,13,1
R341-14,LEGIARTI000032807748,2016-07-01,,Décret n°2016-884 du 29 juin 2016,DECRET,L311-21,LOI n°2010-737&#13; du 1er juillet 2010,LOI,JORFDOLE000020542090,13,1
R341-15,LEGIARTI000032807750,2016-07-01,,Décret n°2016-884 du 29 juin 2016,DECRET,L311-21,LOI n°2010-737&#13; du 1er juillet 2010,LOI,JORFDOLE000020542090,13,1
R341-16,LEGIARTI000032807752,2016-07-01,,Décret n°2016-884 du 29 juin 2016,DECRET,L311-21,LOI n°2010-737&#13; du 1er juillet 2010,LOI,JORFDOLE000020542090,13,1
R341-17,LEGIARTI000032807754,2016-07-01,,Décret n°2016-884 du 29 juin 2016,DECRET,L311-21,LOI n°2010-737&#13; du 1er juillet 2010,LOI,JORFDOLE000020542090,13,1
R341-18,LEGIARTI000032807756,2016-07-01,,Décret n°2016-884 du 29 juin 2016,DECRET,L311-21,LOI n°2010-737&#13; du 1er juillet 2010,LOI,JORFDOLE000020542090,13,1
R341-19,LEGIARTI000032807758,2016-07-01,,Décret n°2016-884 du 29 juin 2016,DECRET,L311-21,LOI n°2010-737&#13; du 1er juillet 2010,LOI,JORFDOLE000020542090,13,1
R341-2,LEGIARTI000032807710,2016-07-01,,Décret n°2016-884 du 29 juin 2016,DECRET,L311-21,LOI n°2010-737&#13; du 1er juillet 2010,LOI,JORFDOLE000020542090,13,1
R341-20,LEGIARTI000032807764,2016-07-01,,Décret n°2016-884 du 29 juin 2016,DECRET,R341-20,Décret n°2016-884 du 29 juin 2016,DECRET,,,0
R341-21,LEGIARTI000032807768,2016-07-01,,Décret n°2016-884 du 29 juin 2016,DECRET,R341-21,Décret n°2016-884 du 29 juin 2016,DECRET,,,0
R341-22,LEGIARTI000032807770,2016-07-01,,Décret n°2016-884 du 29 juin 2016,DECRET,R341-22,Décret n°2016-884 du 29 juin 2016,DECRET,,,0
R341-23,LEGIARTI000032807774,2016-07-01,,Décret n°2016-884 du 29 juin 2016,DECRET,R341-23,Décret n°2016-884 du 29 juin 2016,DECRET,,,0
R341-24,LEGIARTI000032807778,2016-07-01,,Décret n°2016-884 du 29 juin 2016,DECRET,R313-10,Décret n°2016-884 du 29 juin 2016,DECRET,,,0
R341-25,LEGIARTI000032807780,2016-07-01,,Décret n°2016-884 du 29 juin 2016,DECRET,R313-10,Décret n°2016-884 du 29 juin 2016,DECRET,,,0
R341-26,LEGIARTI000032807782,2016-07-01,,Décret n°2016-884 du 29 juin 2016,DECRET,R341-26,Décret n°2016-884 du 29 juin 2016,DECRET,,,0
R341-27,LEGIARTI000032807784,2016-07-01,,Décret n°2016-884 du 29 juin 2016,DECRET,R341-27,Décret n°2016-884 du 29 juin 2016,DECRET,,,0
R341-3,LEGIARTI000032807714,2016-07-01,,Décret n°2016-884 du 29 juin 2016,DECRET,L311-21,LOI n°2010-737&#13; du 1er juillet 2010,LOI,JORFDOLE000020542090,13,1
R341-4,LEGIARTI000032807718,2016-07-01,,Décret n°2016-884 du 29 juin 2016,DECRET,L311-21,LOI n°2010-737&#13; du 1er juillet 2010,LOI,JORFDOLE000020542090,13,1
R341-5,LEGIARTI000032807722,2016-07-01,,Décret n°2016-884 du 29 juin 2016,DECRET,L311-21,LOI n°2010-737&#13; du 1er juillet 2010,LOI,JORFDOLE000020542090,13,1
R341-6,LEGIARTI000032807726,2016-07-01,,Décret n°2016-884 du 29 juin 2016,DECRET,L311-21,LOI n°2010-737&#13; du 1er juillet 2010,LOI,JORFDOLE000020542090,13,1
R341-7,LEGIARTI000032807730,2016-07-01,,Décret n°2016-884 du 29 juin 2016,DECRET,L311-21,LOI n°2010-737&#13; du 1er juillet 2010,LOI,JORFDOLE000020542090,13,1
R341-8,LEGIARTI000032807732,2016-07-01,,Décret n°2016-884 du 29 juin 2016,DECRET,L311-21,LOI n°2010-737&#13; du 1er juillet 2010,LOI,JORFDOLE000020542090,13,1
R341-9,LEGIARTI000032807734,2016-07-01,,Décret n°2016-884 du 29 juin 2016,DECRET,L311-21,LOI n°2010-737&#13; du 1er juillet 2010,LOI,JORFDOLE000020542090,13,1
R351-3,LEGIARTI000048655121,2023-12-30,,Décret n°2023-1211 du 20 décembre 2023,DECRET,R351-3,Décret n°2026-105 du 19 février 2026,DECRET,,,0
R351-4,LEGIARTI000035190245,2017-07-15,,Décret n°2017-1166 du 12 juillet 2017,DECRET,R351-4,Décret n°2026-105 du 19 février 2026,DECRET,,,0
R351-5,LEGIARTI000035190254,2017-07-15,,Décret n°2017-1166 du 12 juillet 2017,DECRET,R351-5,Décret n°2017-1166 du 12 juillet 2017,DECRET,,,0
R351-8,LEGIARTI000036769493,2018-04-01,,Décret n°2018-229 du 30 mars 2018,DECRET,R351-8,Décret n°2026-105 du 19 février 2026,DECRET,,,0
R351-9,LEGIARTI000035190306,2017-07-15,,Décret n°2017-1166 du 12 juillet 2017,DECRET,R351-9,Décret n°2017-1166 du 12 juillet 2017,DECRET,,,0
R354-1,LEGIARTI000035190351,2017-07-15,,Décret n°2017-1166 du 12 juillet 2017,DECRET,R354-1,Décret n°2017-1166 du 12 juillet 2017,DECRET,,,0
R354-2,LEGIARTI000035190388,2017-07-15,,Décret n°2017-1166 du 12 juillet 2017,DECRET,R354-2,Décret n°2017-1166 du 12 juillet 2017,DECRET,,,0
R354-3,LEGIARTI000035190396,2017-07-15,,Décret n°2017-1166 du 12 juillet 2017,DECRET,R354-3,Décret n°2017-1166 du 12 juillet 2017,DECRET,,,0
R354-4,LEGIARTI000035190411,2017-07-15,,Décret n°2017-1166 du 12 juillet 2017,DECRET,R354-4,Décret n°2017-1166 du 12 juillet 2017,DECRET,,,0
R354-5,LEGIARTI000035190426,2017-07-15,,Décret n°2017-1166 du 12 juillet 2017,DECRET,R354-5,Décret n°2017-1166 du 12 juillet 2017,DECRET,,,0
R412-1,LEGIARTI000032807814,2016-07-01,,Décret n°2016-884 du 29 juin 2016,DECRET,L214-1,LOI n°2014-344 du 17 mars 2014,LOI,JORFDOLE000027383756,14,1
R412-10,LEGIARTI000032807840,2016-07-01,,Décret n°2016-884 du 29 juin 2016,DECRET,R112-8,Décret n°2016-884 du 29 juin 2016,DECRET,,,0
R412-11,LEGIARTI000032807846,2016-07-01,,Décret n°2016-884 du 29 juin 2016,DECRET,R112-10,Décret n°2016-884 du 29 juin 2016,DECRET,,,0
R412-12,LEGIARTI000032807850,2016-07-01,,Décret n°2016-884 du 29 juin 2016,DECRET,R112-11,Décret n°2016-884 du 29 juin 2016,DECRET,,,0
R412-13,LEGIARTI000032807852,2016-07-01,,Décret n°2016-884 du 29 juin 2016,DECRET,R112-12,Décret n°2016-884 du 29 juin 2016,DECRET,,,0
R412-14,LEGIARTI000032807854,2016-07-01,,Décret n°2016-884 du 29 juin 2016,DECRET,R112-13,Décret n°2016-884 du 29 juin 2016,DECRET,,,0
R412-15,LEGIARTI000032807856,2016-07-01,,Décret n°2016-884 du 29 juin 2016,DECRET,R112-14,Décret n°2016-884 du 29 juin 2016,DECRET,,,0
R412-16,LEGIARTI000032807858,2016-07-01,,Décret n°2016-884 du 29 juin 2016,DECRET,R112-15,Décret n°2016-884 du 29 juin 2016,DECRET,,,0
R412-17,LEGIARTI000032807864,2016-07-01,,Décret n°2016-884 du 29 juin 2016,DECRET,R214-1,Décret n°2016-884 du 29 juin 2016,DECRET,,,0
R412-18,LEGIARTI000042662555,2020-12-12,,Décret n°2020-1562 du 9 décembre 2020,DECRET,R214-2,Décret n°2020-1562 du 9 décembre 2020,DECRET,,,0
R412-18-1,LEGIARTI000042652688,2020-12-12,,Décret n°2020-1562 du 9 décembre 2020,DECRET,R412-18-1,Décret n°2020-1562 du 9 décembre 2020,DECRET,,,0
R412-19,LEGIARTI000042662565,2020-12-12,,Décret n°2020-1562 du 9 décembre 2020,DECRET,R214-3,Décret n°2020-1562 du 9 décembre 2020,DECRET,,,0
R412-2,LEGIARTI000032807820,2016-07-01,,Décret n°2016-884 du 29 juin 2016,DECRET,R112-1,Décret n°2016-884 du 29 juin 2016,DECRET,,,0
R412-20,LEGIARTI000032807876,2016-07-01,,Décret n°2016-884 du 29 juin 2016,DECRET,R214-4,Décret n°2016-884 du 29 juin 2016,DECRET,,,0
R412-21,LEGIARTI000046012770,2022-07-04,,Décret n°2022-973 du 1er juillet 2022,DECRET,R214-5,Décret n°2022-973 du 1er juillet 2022,DECRET,,,0
R412-22,LEGIARTI000032807884,2016-07-01,,Décret n°2016-884 du 29 juin 2016,DECRET,R214-6,Décret n°2016-884 du 29 juin 2016,DECRET,,,0
R412-23,LEGIARTI000032807888,2016-07-01,,Décret n°2016-884 du 29 juin 2016,DECRET,R214-7,Décret n°2016-884 du 29 juin 2016,DECRET,,,0
R412-24,LEGIARTI000032807892,2016-07-01,,Décret n°2016-884 du 29 juin 2016,DECRET,R214-8,Décret n°2016-884 du 29 juin 2016,DECRET,,,0
R412-25,LEGIARTI000032807896,2016-07-01,,Décret n°2016-884 du 29 juin 2016,DECRET,R214-9,Décret n°2016-884 du 29 juin 2016,DECRET,,,0
R412-26,LEGIARTI000032807900,2016-07-01,,Décret n°2016-884 du 29 juin 2016,DECRET,R214-10,Décret n°2016-884 du 29 juin 2016,DECRET,,,0
R412-27,LEGIARTI000032807904,2016-07-01,,Décret n°2016-884 du 29 juin 2016,DECRET,R214-11,Décret n°2016-884 du 29 juin 2016,DECRET,,,0
R412-28,LEGIARTI000032807908,2016-07-01,,Décret n°2016-884 du 29 juin 2016,DECRET,R214-12,Décret n°2016-884 du 29 juin 2016,DECRET,,,0
R412-29,LEGIARTI000032807912,2016-07-01,,Décret n°2016-884 du 29 juin 2016,DECRET,R214-13,Décret n°2016-884 du 29 juin 2016,DECRET,,,0
R412-3,LEGIARTI000032807824,2016-07-01,,Décret n°2016-884 du 29 juin 2016,DECRET,R112-2,Décret n°2016-884 du 29 juin 2016,DECRET,,,0
R412-30,LEGIARTI000032807916,2016-07-01,,Décret n°2016-884 du 29 juin 2016,DECRET,R214-14,Décret n°2016-884 du 29 juin 2016,DECRET,,,0
R412-31,LEGIARTI000032807920,2016-07-01,,Décret n°2016-884 du 29 juin 2016,DECRET,R214-14-1,Décret n°2016-884 du 29 juin 2016,DECRET,,,0
R412-32,LEGIARTI000032807924,2016-07-01,,Décret n°2016-884 du 29 juin 2016,DECRET,R214-14-2,Décret n°2016-884 du 29 juin 2016,DECRET,,,0
R412-33,LEGIARTI000050925518,2025-01-01,,Décret n°2024-1247 du 30 décembre 2024,DECRET,R214-15,Décret n°2024-1247 du 30 décembre 2024,DECRET,,,0
R412-33-1,LEGIARTI000050920839,2025-01-01,,Décret n°2024-1247 du 30 décembre 2024,DECRET,R412-33-1,Décret n°2024-1247 du 30 décembre 2024,DECRET,,,0
R412-33-2,LEGIARTI000050920841,2025-01-01,,Décret n°2024-1247 du 30 décembre 2024,DECRET,R412-33-2,Décret n°2024-1247 du 30 décembre 2024,DECRET,,,0
R412-34,LEGIARTI000032807932,2016-07-01,,Décret n°2016-884 du 29 juin 2016,DECRET,R214-16,Décret n°2016-884 du 29 juin 2016,DECRET,,,0
R412-35,LEGIARTI000032807936,2016-07-01,,Décret n°2016-884 du 29 juin 2016,DECRET,R214-17,Décret n°2016-884 du 29 juin 2016,DECRET,,,0
R412-36,LEGIARTI000046012777,2022-07-04,,Décret n°2022-973 du 1er juillet 2022,DECRET,R214-34,Décret n°2022-973 du 1er juillet 2022,DECRET,,,0
R412-37,LEGIARTI000032807944,2016-07-01,,Décret n°2016-884 du 29 juin 2016,DECRET,R214-22,Décret n°2016-884 du 29 juin 2016,DECRET,,,0
R412-38,LEGIARTI000054601988,2026-08-02,,Décret n°2026-714 du 30 juillet 2026,DECRET,R214-18,Décret n°2026-714 du 30 juillet 2026,DECRET,,,0
R412-39,LEGIARTI000032807952,2016-07-01,,Décret n°2016-884 du 29 juin 2016,DECRET,R214-21,Décret n°2016-884 du 29 juin 2016,DECRET,,,0
R412-4,LEGIARTI000032807826,2016-07-01,,Décret n°2016-884 du 29 juin 2016,DECRET,R112-3,Décret n°2016-884 du 29 juin 2016,DECRET,,,0
R412-41,LEGIARTI000032807960,2016-07-01,,Décret n°2016-884 du 29 juin 2016,DECRET,R214-20,Décret n°2016-884 du 29 juin 2016,DECRET,,,0
R412-42,LEGIARTI000032807964,2016-07-01,,Décret n°2016-884 du 29 juin 2016,DECRET,R214-23,Décret n°2016-884 du 29 juin 2016,DECRET,,,0
R412-43,LEGIARTI000053324656,2026-01-08,,Décret n°2026-7 du 7 janvier 2026,DECRET,R214-24,Décret n°2026-7 du 7 janvier 2026,DECRET,,,0
R412-43-1,LEGIARTI000053655848,2026-03-13,,Décret n°2026-171 du 11 mars 2026,DECRET,R412-43-1,Décret n°2026-171 du 11 mars 2026,DECRET,,,0
R412-43-2,LEGIARTI000050759558,2024-12-08,,Décret n°2024-1171 du 6 décembre 2024,DECRET,R412-43-2,Décret n°2024-1171 du 6 décembre 2024,DECRET,,,0
R412-43-3,LEGIARTI000052452500,2025-10-30,,Décret n°2025-992 du 28 octobre 2025,DECRET,R412-43-3,Décret n°2025-992 du 28 octobre 2025,DECRET,,,0
R412-44,LEGIARTI000032807972,2016-07-01,,Décret n°2016-884 du 29 juin 2016,DECRET,L112-1,Loi n°99-574 du 9 juillet 1999,LOI,,,0
R412-45,LEGIARTI000032807974,2016-07-01,,Décret n°2016-884 du 29 juin 2016,DECRET,R412-45,Décret n°2016-884 du 29 juin 2016,DECRET,,,0
R412-46,LEGIARTI000032807976,2016-07-01,,Décret n°2016-884 du 29 juin 2016,DECRET,L112-2-1,LOI n°2010-874 du 27 juillet 2010,LOI,JORFDOLE000021673304,13,1
R412-47,LEGIARTI000039491693,2019-12-11,,Décret n°2019-1316 du 9 décembre 2019,DECRET,L112-6,Loi n°2001-420 du 15 mai 2001,LOI,,,0
R412-48,LEGIARTI000032807980,2016-07-01,,Décret n°2016-884 du 29 juin 2016,DECRET,L112-7,Loi n°2001-420 du 15 mai 2001,LOI,,,0
R412-5,LEGIARTI000032807828,2016-07-01,,Décret n°2016-884 du 29 juin 2016,DECRET,R112-4,Décret n°2016-884 du 29 juin 2016,DECRET,,,0
R412-6,LEGIARTI000032807830,2016-07-01,,Décret n°2016-884 du 29 juin 2016,DECRET,R112-5,Décret n°2016-884 du 29 juin 2016,DECRET,,,0
R412-7,LEGIARTI000032807834,2016-07-01,,Décret n°2016-884 du 29 juin 2016,DECRET,R112-6,Décret n°2016-884 du 29 juin 2016,DECRET,,,0
R412-8,LEGIARTI000032807836,2016-07-01,,Décret n°2016-884 du 29 juin 2016,DECRET,R112-7,Décret n°2016-884 du 29 juin 2016,DECRET,,,0
R412-9,LEGIARTI000032807838,2016-07-01,,Décret n°2016-884 du 29 juin 2016,DECRET,R112-8,Décret n°2016-884 du 29 juin 2016,DECRET,,,0
R414-1,LEGIARTI000032808008,2016-07-01,,Décret n°2016-884 du 29 juin 2016,DECRET,R414-1,Décret n°2016-884 du 29 juin 2016,DECRET,,,0
R414-2,LEGIARTI000032808010,2016-07-01,,Décret n°2016-884 du 29 juin 2016,DECRET,R414-2,Décret n°2016-884 du 29 juin 2016,DECRET,,,0
R414-3,LEGIARTI000032808012,2016-07-01,,Décret n°2016-884 du 29 juin 2016,DECRET,R414-3,Décret n°2016-884 du 29 juin 2016,DECRET,,,0
R414-4,LEGIARTI000032808014,2016-07-01,,Décret n°2016-884 du 29 juin 2016,DECRET,R414-4,Décret n°2016-884 du 29 juin 2016,DECRET,,,0
R414-5,LEGIARTI000032808016,2016-07-01,,Décret n°2016-884 du 29 juin 2016,DECRET,R414-5,Décret n°2016-884 du 29 juin 2016,DECRET,,,0
R414-6,LEGIARTI000032808018,2016-07-01,,Décret n°2016-884 du 29 juin 2016,DECRET,R414-6,Décret n°2016-884 du 29 juin 2016,DECRET,,,0
R422-1,LEGIARTI000046012786,2022-07-04,,Décret n°2022-973 du 1er juillet 2022,DECRET,L221-3,LOI n°2014-344 du 17 mars 2014,LOI,JORFDOLE000027383756,14,1
R431-1,LEGIARTI000032808042,2016-07-01,,Décret n°2016-884 du 29 juin 2016,DECRET,L115-9,Loi 93-949 1993-07-26 annexe JORF 27 juillet 1993,LOI,,,0
R431-2,LEGIARTI000039345337,2020-01-01,,Décret n°2019-966 du 18 septembre 2019,DECRET,L115-10,Loi 93-949 1993-07-26 annexe JORF 27 juillet 1993,LOI,,,0
R431-3,LEGIARTI000032808046,2016-07-01,,Décret n°2016-884 du 29 juin 2016,DECRET,L115-13,Loi 93-949 1993-07-26 annexe JORF 27 juillet 1993,LOI,,,0
R431-4,LEGIARTI000032808048,2016-07-01,,Décret n°2016-884 du 29 juin 2016,DECRET,L115-14,Loi 93-949 1993-07-26 annexe JORF 27 juillet 1993,LOI,,,0
R431-5,LEGIARTI000032808050,2016-07-01,,Décret n°2016-884 du 29 juin 2016,DECRET,L115-12,Loi 93-949 1993-07-26 annexe JORF 27 juillet 1993,LOI,,,0
R433-1,LEGIARTI000032808058,2016-07-01,,Décret n°2016-884 du 29 juin 2016,DECRET,R115-1,Décret n°2016-884 du 29 juin 2016,DECRET,,,0
R433-2,LEGIARTI000039491687,2019-12-11,,Décret n°2019-1316 du 9 décembre 2019,DECRET,R115-2,Décret n°2019-1316 du 9 décembre 2019,DECRET,,,0
R451-1,LEGIARTI000032808072,2016-07-01,,Décret n°2016-884 du 29 juin 2016,DECRET,L214-2,Loi n°99-574 du 9 juillet 1999,LOI,,,0
R451-2,LEGIARTI000032808074,2016-07-01,,Décret n°2016-884 du 29 juin 2016,DECRET,L214-2,Loi n°99-574 du 9 juillet 1999,LOI,,,0
R451-3,LEGIARTI000032808076,2016-07-01,,Décret n°2016-884 du 29 juin 2016,DECRET,L214-2,Loi n°99-574 du 9 juillet 1999,LOI,,,0
R451-4,LEGIARTI000048180406,2023-10-11,,Décret n°2023-931 du 9 octobre 2023,DECRET,R451-4,Décret n°2023-931 du 9 octobre 2023,DECRET,,,0
R452-1,LEGIARTI000037798732,2018-12-13,,Décret n°2018-1116 du 10 décembre 2018,DECRET,R217-1,Décret n°2018-1116 du 10 décembre 2018,DECRET,,,0
R452-2,LEGIARTI000050759567,2024-12-08,,Décret n°2024-1171 du 6 décembre 2024,DECRET,R223-6,Décret n°2024-1171 du 6 décembre 2024,DECRET,,,0
R452-3,LEGIARTI000038375884,2019-04-14,,Décret n°2019-307 du 11 avril 2019,DECRET,R223-2,Décret n°2019-307 du 11 avril 2019,DECRET,,,0
R452-3-1,LEGIARTI000038372608,2019-04-14,,Décret n°2019-307 du 11 avril 2019,DECRET,R452-3-1,Décret n°2019-307 du 11 avril 2019,DECRET,,,0
R452-4,LEGIARTI000038375870,2019-04-14,,Décret n°2019-307 du 11 avril 2019,DECRET,R223-4,Décret n°2019-307 du 11 avril 2019,DECRET,,,0
R452-5,LEGIARTI000050759576,2024-12-08,,Décret n°2024-1171 du 6 décembre 2024,DECRET,R452-5,Décret n°2024-1171 du 6 décembre 2024,DECRET,,,0
R453-1,LEGIARTI000032808090,2016-07-01,,Décret n°2016-884 du 29 juin 2016,DECRET,R115-3,Décret n°2016-884 du 29 juin 2016,DECRET,,,0
R511-1,LEGIARTI000044174728,2021-10-09,,Décret n°2021-1302 du 7 octobre 2021,DECRET,R511-1,Décret n°2021-1302 du 7 octobre 2021,DECRET,,,0
R511-2,LEGIARTI000044174730,2021-10-09,,Décret n°2021-1302 du 7 octobre 2021,DECRET,R511-2,Décret n°2021-1302 du 7 octobre 2021,DECRET,,,0
R511-3,LEGIARTI000044174732,2021-10-09,,Décret n°2021-1302 du 7 octobre 2021,DECRET,R511-3,Décret n°2021-1302 du 7 octobre 2021,DECRET,,,0
R511-4,LEGIARTI000044174734,2021-10-09,,Décret n°2021-1302 du 7 octobre 2021,DECRET,R511-4,Décret n°2021-1302 du 7 octobre 2021,DECRET,,,0
R511-5,LEGIARTI000044174736,2021-10-09,,Décret n°2021-1302 du 7 octobre 2021,DECRET,R511-5,Décret n°2021-1302 du 7 octobre 2021,DECRET,,,0
R512-1,LEGIARTI000032808122,2016-07-01,,Décret n°2016-884 du 29 juin 2016,DECRET,R141-1,Décret n°2016-884 du 29 juin 2016,DECRET,,,0
R512-10,LEGIARTI000037798815,2018-12-13,,,,R215-5,Décret n°2016-884 du 29 juin 2016,DECRET,,,0
R512-11,LEGIARTI000037798803,2018-12-13,,,,R215-6,Décret n°2016-884 du 29 juin 2016,DECRET,,,0
R512-12,LEGIARTI000037798795,2018-12-13,,,,R215-7,Décret n°2016-884 du 29 juin 2016,DECRET,,,0
R512-13,LEGIARTI000037798757,2018-12-13,,Décret n°2018-1116 du 10 décembre 2018,DECRET,R215-8,Décret n°2018-1116 du 10 décembre 2018,DECRET,,,0
R512-14,LEGIARTI000037798788,2018-12-13,,,,R215-9,Décret n°2016-884 du 29 juin 2016,DECRET,,,0
R512-15,LEGIARTI000037798779,2018-12-13,,,,R215-10,Décret n°2016-884 du 29 juin 2016,DECRET,,,0
R512-16,LEGIARTI000037798769,2018-12-13,,,,R215-11,Décret n°2016-884 du 29 juin 2016,DECRET,,,0
R512-16-1,LEGIARTI000037797977,2018-12-13,,Décret n°2018-1116 du 10 décembre 2018,DECRET,R512-16-1,Décret n°2018-1116 du 10 décembre 2018,DECRET,,,0
R512-16-2,LEGIARTI000037797979,2018-12-13,,Décret n°2018-1116 du 10 décembre 2018,DECRET,R512-16-2,Décret n°2018-1116 du 10 décembre 2018,DECRET,,,0
R512-16-3,LEGIARTI000037797981,2018-12-13,,Décret n°2018-1116 du 10 décembre 2018,DECRET,R512-16-3,Décret n°2018-1116 du 10 décembre 2018,DECRET,,,0
R512-16-4,LEGIARTI000046074297,2023-01-01,,Décret n°2022-1014 du 19 juillet 2022,DECRET,R512-16-4,Décret n°2022-1014 du 19 juillet 2022,DECRET,,,0
R512-16-5,LEGIARTI000037797985,2018-12-13,,Décret n°2018-1116 du 10 décembre 2018,DECRET,R512-16-5,Décret n°2018-1116 du 10 décembre 2018,DECRET,,,0
R512-16-6,LEGIARTI000037797987,2018-12-13,,Décret n°2018-1116 du 10 décembre 2018,DECRET,R512-16-6,Décret n°2018-1116 du 10 décembre 2018,DECRET,,,0
R512-16-7,LEGIARTI000037797989,2018-12-13,,Décret n°2018-1116 du 10 décembre 2018,DECRET,R512-16-7,Décret n°2018-1116 du 10 décembre 2018,DECRET,,,0
R512-17,LEGIARTI000032808164,2016-07-01,,Décret n°2016-884 du 29 juin 2016,DECRET,R215-4,Décret n°2016-884 du 29 juin 2016,DECRET,,,0
R512-18,LEGIARTI000032808168,2016-07-01,,Décret n°2016-884 du 29 juin 2016,DECRET,R215-16,Décret n°2016-884 du 29 juin 2016,DECRET,,,0
R512-19,LEGIARTI000032808172,2016-07-01,,Décret n°2016-884 du 29 juin 2016,DECRET,R215-12,Décret n°2016-884 du 29 juin 2016,DECRET,,,0
R512-2,LEGIARTI000032808124,2016-07-01,,Décret n°2016-884 du 29 juin 2016,DECRET,R215-2,Décret n°2016-884 du 29 juin 2016,DECRET,,,0
R512-20,LEGIARTI000032808174,2016-07-01,,Décret n°2016-884 du 29 juin 2016,DECRET,R215-13,Décret n°2016-884 du 29 juin 2016,DECRET,,,0
R512-21,LEGIARTI000037798749,2018-12-13,,Décret n°2018-1116 du 10 décembre 2018,DECRET,R215-17,Décret n°2018-1116 du 10 décembre 2018,DECRET,,,0
R512-22,LEGIARTI000032808178,2016-07-01,,Décret n°2016-884 du 29 juin 2016,DECRET,R215-15,Décret n°2016-884 du 29 juin 2016,DECRET,,,0
R512-23,LEGIARTI000032808180,2016-07-01,,Décret n°2016-884 du 29 juin 2016,DECRET,R215-14,Décret n°2016-884 du 29 juin 2016,DECRET,,,0
R512-24,LEGIARTI000032808184,2016-07-01,,Décret n°2016-884 du 29 juin 2016,DECRET,R218-1,Décret n°2016-884 du 29 juin 2016,DECRET,,,0
R512-24-1,LEGIARTI000037798104,2018-12-13,,Décret n°2018-1116 du 10 décembre 2018,DECRET,R512-24-1,Décret n°2018-1116 du 10 décembre 2018,DECRET,,,0
R512-24-2,LEGIARTI000046008572,2022-07-04,,Décret n°2022-973 du 1er juillet 2022,DECRET,R512-24-2,Décret n°2022-973 du 1er juillet 2022,DECRET,,,0
R512-25,LEGIARTI000037798833,2018-12-13,,Décret n°2018-1116 du 10 décembre 2018,DECRET,R218-2,Décret n°2018-1116 du 10 décembre 2018,DECRET,,,0
R512-26,LEGIARTI000032808190,2016-07-01,,Décret n°2016-884 du 29 juin 2016,DECRET,R218-3,Décret n°2016-884 du 29 juin 2016,DECRET,,,0
R512-27,LEGIARTI000050925544,2025-01-01,,Décret n°2024-1247 du 30 décembre 2024,DECRET,R218-4,Décret n°2024-1247 du 30 décembre 2024,DECRET,,,0
R512-28,LEGIARTI000032808194,2016-07-01,,Décret n°2016-884 du 29 juin 2016,DECRET,R218-5,Décret n°2016-884 du 29 juin 2016,DECRET,,,0
R512-29,LEGIARTI000050925532,2025-01-01,,Décret n°2024-1247 du 30 décembre 2024,DECRET,R218-6,Décret n°2024-1247 du 30 décembre 2024,DECRET,,,0
R512-3,LEGIARTI000032808126,2016-07-01,,Décret n°2016-884 du 29 juin 2016,DECRET,R215-2,Décret n°2016-884 du 29 juin 2016,DECRET,,,0
R512-30,LEGIARTI000050759595,2024-12-08,,Décret n°2024-1171 du 6 décembre 2024,DECRET,R215-1,Décret n°2024-1171 du 6 décembre 2024,DECRET,,,0
R512-31,LEGIARTI000032808202,2016-07-01,,Décret n°2016-884 du 29 juin 2016,DECRET,R215-18,Décret n°2016-884 du 29 juin 2016,DECRET,,,0
R512-32,LEGIARTI000032808204,2016-07-01,,Décret n°2016-884 du 29 juin 2016,DECRET,R215-18-1,Décret n°2016-884 du 29 juin 2016,DECRET,,,0
R512-33,LEGIARTI000053017794,2025-12-13,,Décret n°2025-1197 du 10 décembre 2025,DECRET,R215-18-2,Décret n°2025-1197 du 10 décembre 2025,DECRET,,,0
R512-34,LEGIARTI000032808208,2016-07-01,,Décret n°2016-884 du 29 juin 2016,DECRET,R215-18-3,Décret n°2016-884 du 29 juin 2016,DECRET,,,0
R512-35,LEGIARTI000050925526,2025-01-01,,Décret n°2024-1247 du 30 décembre 2024,DECRET,R215-19,Décret n°2024-1247 du 30 décembre 2024,DECRET,,,0
R512-36,LEGIARTI000032808212,2016-07-01,,Décret n°2016-884 du 29 juin 2016,DECRET,R215-20,Décret n°2016-884 du 29 juin 2016,DECRET,,,0
R512-37,LEGIARTI000032808214,2016-07-01,,Décret n°2016-884 du 29 juin 2016,DECRET,R215-21,Décret n°2016-884 du 29 juin 2016,DECRET,,,0
R512-38,LEGIARTI000032808216,2016-07-01,,Décret n°2016-884 du 29 juin 2016,DECRET,R215-22,Décret n°2016-884 du 29 juin 2016,DECRET,,,0
R512-39,LEGIARTI000032808220,2016-07-01,,Décret n°2016-884 du 29 juin 2016,DECRET,R215-24,Décret n°2016-884 du 29 juin 2016,DECRET,,,0
R512-4,LEGIARTI000032808128,2016-07-01,,Décret n°2016-884 du 29 juin 2016,DECRET,R215-3,Décret n°2016-884 du 29 juin 2016,DECRET,,,0
R512-40,LEGIARTI000032808222,2016-07-01,,Décret n°2016-884 du 29 juin 2016,DECRET,R215-24,Décret n°2016-884 du 29 juin 2016,DECRET,,,0
R512-41,LEGIARTI000032808224,2016-07-01,,Décret n°2016-884 du 29 juin 2016,DECRET,R215-24,Décret n°2016-884 du 29 juin 2016,DECRET,,,0
R512-42,LEGIARTI000032808226,2016-07-01,,Décret n°2016-884 du 29 juin 2016,DECRET,R215-24,Décret n°2016-884 du 29 juin 2016,DECRET,,,0
R512-5,LEGIARTI000032808130,2016-07-01,,Décret n°2016-884 du 29 juin 2016,DECRET,R215-3,Décret n°2016-884 du 29 juin 2016,DECRET,,,0
R512-6-1,LEGIARTI000053006532,2025-12-11,,Décret n°2025-1184 du 8 décembre 2025,DECRET,R512-6-1,Décret n°2025-1184 du 8 décembre 2025,DECRET,,,0
R512-6-2,LEGIARTI000053006534,2025-12-11,,Décret n°2025-1184 du 8 décembre 2025,DECRET,R512-6-2,Décret n°2025-1184 du 8 décembre 2025,DECRET,,,0
R512-6-3,LEGIARTI000053006536,2025-12-11,,Décret n°2025-1184 du 8 décembre 2025,DECRET,R512-6-3,Décret n°2025-1184 du 8 décembre 2025,DECRET,,,0
R512-6-4,LEGIARTI000053006538,2025-12-11,,Décret n°2025-1184 du 8 décembre 2025,DECRET,R512-6-4,Décret n°2025-1184 du 8 décembre 2025,DECRET,,,0
R512-7,LEGIARTI000032808136,2016-07-01,,Décret n°2016-884 du 29 juin 2016,DECRET,R215-2,Décret n°2016-884 du 29 juin 2016,DECRET,,,0
R512-8,LEGIARTI000032808140,2016-07-01,,Décret n°2016-884 du 29 juin 2016,DECRET,R215-3-1,Décret n°2016-884 du 29 juin 2016,DECRET,,,0
R512-9,LEGIARTI000032808146,2016-07-01,,Décret n°2016-884 du 29 juin 2016,DECRET,R215-1,Décret n°2016-884 du 29 juin 2016,DECRET,,,0
R512-9-1,LEGIARTI000046008574,2022-07-04,,Décret n°2022-973 du 1er juillet 2022,DECRET,R512-9-1,Décret n°2022-973 du 1er juillet 2022,DECRET,,,0
R521-1,LEGIARTI000053675377,2026-03-16,,Décret n°2026-181 du 12 mars 2026,DECRET,R141-4,Décret n°2026-181 du 12 mars 2026,DECRET,,,0
R521-2,LEGIARTI000046843302,2022-12-31,,Décret n°2022-1701 du 29 décembre 2022,DECRET,R132-2-2,Décret n°2022-1701 du 29 décembre 2022,DECRET,,,0
R521-2-1,LEGIARTI000048092523,2023-09-22,,Décret n°2023-887 du 20 septembre 2023,DECRET,R521-2-1,Décret n°2023-887 du 20 septembre 2023,DECRET,,,0
R521-3,LEGIARTI000032808240,2016-07-01,,Décret n°2016-884 du 29 juin 2016,DECRET,R132-2-2,Décret n°2016-884 du 29 juin 2016,DECRET,,,0
R522-1,LEGIARTI000043346887,2021-04-11,,Décret n°2021-413 du 8 avril 2021,DECRET,R141-6,Décret n°2021-413 du 8 avril 2021,DECRET,,,0
R522-2,LEGIARTI000032808250,2016-07-01,,Décret n°2016-884 du 29 juin 2016,DECRET,L141-1-2,LOI n°2015-990 du 6 août 2015,LOI,JORFDOLE000029883713,14,1
R522-3,LEGIARTI000032808252,2016-07-01,,Décret n°2016-884 du 29 juin 2016,DECRET,L141-6,LOI n°2010-1609 du 22 décembre 2010,LOI,JORFDOLE000020132583,13,1
R522-4,LEGIARTI000032808254,2016-07-01,,Décret n°2016-884 du 29 juin 2016,DECRET,L141-6,LOI n°2010-1609 du 22 décembre 2010,LOI,JORFDOLE000020132583,13,1
R522-5,LEGIARTI000032808256,2016-07-01,,Décret n°2016-884 du 29 juin 2016,DECRET,L141-6,LOI n°2010-1609 du 22 décembre 2010,LOI,JORFDOLE000020132583,13,1
R522-6,LEGIARTI000053032892,2025-12-17,,Décret n°2025-1219 du 15 décembre 2025,DECRET,L141-6,LOI n°2010-1609 du 22 décembre 2010,LOI,JORFDOLE000020132583,13,1
R522-7,LEGIARTI000053017803,2025-12-13,,Décret n°2025-1197 du 10 décembre 2025,DECRET,R219-1,Décret n°2025-1197 du 10 décembre 2025,DECRET,,,0
R522-8,LEGIARTI000044175587,2021-10-09,,Décret n°2021-1302 du 7 octobre 2021,DECRET,R219-2,Décret n°2021-1302 du 7 octobre 2021,DECRET,,,0
R522-9,LEGIARTI000053017813,2025-12-13,,Décret n°2025-1197 du 10 décembre 2025,DECRET,R219-2,Décret n°2025-1197 du 10 décembre 2025,DECRET,,,0
R523-1,LEGIARTI000044982385,2021-04-01,,Décret n°2020-1545 du 9 décembre 2020,DECRET,R141-3,Décret n°2020-1545 du 9 décembre 2020,DECRET,,,0
R523-2,LEGIARTI000032808272,2016-07-01,,Décret n°2016-884 du 29 juin 2016,DECRET,R141-3,Décret n°2016-884 du 29 juin 2016,DECRET,,,0
R523-3,LEGIARTI000032808274,2016-07-01,,Décret n°2016-884 du 29 juin 2016,DECRET,R141-3,Décret n°2016-884 du 29 juin 2016,DECRET,,,0
R523-4,LEGIARTI000032808276,2016-07-01,,Décret n°2016-884 du 29 juin 2016,DECRET,R141-3,Décret n°2016-884 du 29 juin 2016,DECRET,,,0
R524-1,LEGIARTI000050952582,2025-01-06,,Décret n°2025-9 du 3 janvier 2025,DECRET,R141-4,Décret n°2025-9 du 3 janvier 2025,DECRET,,,0
R525-1,LEGIARTI000032808284,2016-07-01,,Décret n°2016-884 du 29 juin 2016,DECRET,L141-1,LOI n°2016-41 du 26 janvier 2016,LOI,JORFDOLE000029589477,14,1
R525-2,LEGIARTI000046012801,2022-07-04,,Décret n°2022-973 du 1er juillet 2022,DECRET,R141-4,Décret n°2022-973 du 1er juillet 2022,DECRET,,,0
R525-3,LEGIARTI000045987310,2022-10-01,,Décret n°2022-946 du 29 juin 2022,DECRET,R141-5,Décret n°2022-946 du 29 juin 2022,DECRET,,,0
R531-1,LEGIARTI000032808296,2016-07-01,,Décret n°2016-884 du 29 juin 2016,DECRET,R217-2,Décret n°2016-884 du 29 juin 2016,DECRET,,,0
R531-2,LEGIARTI000032808298,2016-07-01,,Décret n°2016-884 du 29 juin 2016,DECRET,L214-2,Loi n°99-574 du 9 juillet 1999,LOI,,,0
R531-3,LEGIARTI000053017823,2025-12-13,,Décret n°2025-1197 du 10 décembre 2025,DECRET,R219-2,Décret n°2025-1197 du 10 décembre 2025,DECRET,,,0
R532-1,LEGIARTI000038375855,2019-04-14,,Décret n°2019-307 du 11 avril 2019,DECRET,R223-1,Décret n°2019-307 du 11 avril 2019,DECRET,,,0
R532-2,LEGIARTI000032808308,2016-07-01,,Décret n°2016-884 du 29 juin 2016,DECRET,R223-4,Décret n°2016-884 du 29 juin 2016,DECRET,,,0
R541-1,LEGIARTI000037798856,2018-12-13,,Décret n°2018-1116 du 10 décembre 2018,DECRET,R541-1,Décret n°2018-1116 du 10 décembre 2018,DECRET,,,0
R541-2,LEGIARTI000037798845,2018-12-13,,Décret n°2018-1116 du 10 décembre 2018,DECRET,R541-2,Décret n°2018-1116 du 10 décembre 2018,DECRET,,,0
R542-1,LEGIARTI000053007124,2025-12-11,,Décret n°2025-1184 du 8 décembre 2025,DECRET,R542-1,Décret n°2025-1184 du 8 décembre 2025,DECRET,,,0
R542-2,LEGIARTI000053007110,2025-12-11,,Décret n°2025-1184 du 8 décembre 2025,DECRET,R542-2,Décret n°2025-1184 du 8 décembre 2025,DECRET,,,0
R612-1,LEGIARTI000032808328,2016-07-01,,Décret n°2016-884 du 29 juin 2016,DECRET,R152-1,Décret n°2016-884 du 29 juin 2016,DECRET,,,0
R612-2,LEGIARTI000032808330,2016-07-01,,Décret n°2016-884 du 29 juin 2016,DECRET,R152-2,Décret n°2016-884 du 29 juin 2016,DECRET,,,0
R612-3,LEGIARTI000032808332,2016-07-01,,Décret n°2016-884 du 29 juin 2016,DECRET,R152-3,Décret n°2016-884 du 29 juin 2016,DECRET,,,0
R612-4,LEGIARTI000032808334,2016-07-01,,Décret n°2016-884 du 29 juin 2016,DECRET,R152-4,Décret n°2016-884 du 29 juin 2016,DECRET,,,0
R612-5,LEGIARTI000032808336,2016-07-01,,Décret n°2016-884 du 29 juin 2016,DECRET,R152-5,Décret n°2016-884 du 29 juin 2016,DECRET,,,0
R613-1,LEGIARTI000032808340,2016-07-01,,Décret n°2016-884 du 29 juin 2016,DECRET,R153-1,Décret n°2016-884 du 29 juin 2016,DECRET,,,0
R614-1,LEGIARTI000032808344,2016-07-01,,Décret n°2016-884 du 29 juin 2016,DECRET,R154-1,Décret n°2016-884 du 29 juin 2016,DECRET,,,0
R614-2,LEGIARTI000032808346,2016-07-01,,Décret n°2016-884 du 29 juin 2016,DECRET,R154-2,Décret n°2016-884 du 29 juin 2016,DECRET,,,0
R614-3,LEGIARTI000032808348,2016-07-01,,Décret n°2016-884 du 29 juin 2016,DECRET,R154-3,Décret n°2016-884 du 29 juin 2016,DECRET,,,0
R614-4,LEGIARTI000032808350,2016-07-01,,Décret n°2016-884 du 29 juin 2016,DECRET,R154-4,Décret n°2016-884 du 29 juin 2016,DECRET,,,0
R615-1,LEGIARTI000032808354,2016-07-01,,Décret n°2016-884 du 29 juin 2016,DECRET,L155-1,Décret n°2016-884 du 29 juin 2016,DECRET,,,0
R615-10,LEGIARTI000032808372,2016-07-01,,Décret n°2016-884 du 29 juin 2016,DECRET,R155-7,Décret n°2016-884 du 29 juin 2016,DECRET,,,0
R615-11,LEGIARTI000032808374,2016-07-01,,Décret n°2016-884 du 29 juin 2016,DECRET,R155-8,Décret n°2016-884 du 29 juin 2016,DECRET,,,0
R615-2,LEGIARTI000032808356,2016-07-01,,Décret n°2016-884 du 29 juin 2016,DECRET,L155-1,Décret n°2016-884 du 29 juin 2016,DECRET,,,0
R615-3,LEGIARTI000032808358,2016-07-01,,Décret n°2016-884 du 29 juin 2016,DECRET,R155-1,Décret n°2016-884 du 29 juin 2016,DECRET,,,0
R615-4,LEGIARTI000032808360,2016-07-01,,Décret n°2016-884 du 29 juin 2016,DECRET,L155-5,Décret n°2016-884 du 29 juin 2016,DECRET,,,0
R615-5,LEGIARTI000032808362,2016-07-01,,Décret n°2016-884 du 29 juin 2016,DECRET,R155-2,Décret n°2016-884 du 29 juin 2016,DECRET,,,0
R615-6,LEGIARTI000032808364,2016-07-01,,Décret n°2016-884 du 29 juin 2016,DECRET,R155-3,Décret n°2016-884 du 29 juin 2016,DECRET,,,0
R615-7,LEGIARTI000032808366,2016-07-01,,Décret n°2016-884 du 29 juin 2016,DECRET,R155-4,Décret n°2016-884 du 29 juin 2016,DECRET,,,0
R615-8,LEGIARTI000032808368,2016-07-01,,Décret n°2016-884 du 29 juin 2016,DECRET,R155-5,Décret n°2016-884 du 29 juin 2016,DECRET,,,0
R615-9,LEGIARTI000032808370,2016-07-01,,Décret n°2016-884 du 29 juin 2016,DECRET,R155-6,Décret n°2016-884 du 29 juin 2016,DECRET,,,0
R616-1,LEGIARTI000032808378,2016-07-01,,Décret n°2016-884 du 29 juin 2016,DECRET,R156-1,Décret n°2016-884 du 29 juin 2016,DECRET,,,0
R616-2,LEGIARTI000032808380,2016-07-01,,Décret n°2016-884 du 29 juin 2016,DECRET,R156-2,Décret n°2016-884 du 29 juin 2016,DECRET,,,0
R622-1,LEGIARTI000032808390,2016-07-01,,Décret n°2016-884 du 29 juin 2016,DECRET,R422-1,Décret n°2016-884 du 29 juin 2016,DECRET,,,0
R622-10,LEGIARTI000032808408,2016-07-01,,Décret n°2016-884 du 29 juin 2016,DECRET,R422-10,Décret n°2016-884 du 29 juin 2016,DECRET,,,0
R622-2,LEGIARTI000032808392,2016-07-01,,Décret n°2016-884 du 29 juin 2016,DECRET,R422-2,Décret n°2016-884 du 29 juin 2016,DECRET,,,0
R622-3,LEGIARTI000032808394,2016-07-01,,Décret n°2016-884 du 29 juin 2016,DECRET,R422-3,Décret n°2016-884 du 29 juin 2016,DECRET,,,0
R622-4,LEGIARTI000032808396,2016-07-01,,Décret n°2016-884 du 29 juin 2016,DECRET,R422-4,Décret n°2016-884 du 29 juin 2016,DECRET,,,0
R622-5,LEGIARTI000032808398,2016-07-01,,Décret n°2016-884 du 29 juin 2016,DECRET,R422-5,Décret n°2016-884 du 29 juin 2016,DECRET,,,0
R622-6,LEGIARTI000032808400,2016-07-01,,Décret n°2016-884 du 29 juin 2016,DECRET,R422-6,Décret n°2016-884 du 29 juin 2016,DECRET,,,0
R622-7,LEGIARTI000032808402,2016-07-01,,Décret n°2016-884 du 29 juin 2016,DECRET,R422-7,Décret n°2016-884 du 29 juin 2016,DECRET,,,0
R622-8,LEGIARTI000032808404,2016-07-01,,Décret n°2016-884 du 29 juin 2016,DECRET,R422-8,Décret n°2016-884 du 29 juin 2016,DECRET,,,0
R622-9,LEGIARTI000032808406,2016-07-01,,Décret n°2016-884 du 29 juin 2016,DECRET,R422-9,Décret n°2016-884 du 29 juin 2016,DECRET,,,0
R631-1,LEGIARTI000039624518,2020-01-01,,Décret n°2019-1333 du 11 décembre 2019,DECRET,R142-1,Décret n°2019-1333 du 11 décembre 2019,DECRET,,,0
R631-2,LEGIARTI000032808502,2016-07-01,,Décret n°2016-884 du 29 juin 2016,DECRET,R142-2,Décret n°2016-884 du 29 juin 2016,DECRET,,,0
R631-3,LEGIARTI000032808504,2016-07-01,,Décret n°2016-884 du 29 juin 2016,DECRET,L141-5,LOI n°2009-526 du 12 mai 2009,LOI,JORFDOLE000019648575,13,1
R631-4,LEGIARTI000032808506,2016-07-01,,Décret n°2016-884 du 29 juin 2016,DECRET,L141-6,LOI n°2010-1609 du 22 décembre 2010,LOI,JORFDOLE000020132583,13,1
R632-1,LEGIARTI000032808510,2016-07-01,,Décret n°2016-884 du 29 juin 2016,DECRET,L141-4,LOI n°2014-344 du 17 mars 2014,LOI,JORFDOLE000027383756,14,1
R652-2,LEGIARTI000039345316,2020-01-01,,Décret n°2019-966 du 18 septembre 2019,DECRET,R652-2,Décret n°2019-966 du 18 septembre 2019,DECRET,,,0
R711-1,LEGIARTI000032808526,2016-07-01,,Décret n°2016-884 du 29 juin 2016,DECRET,R335-4,Décret n°2016-884 du 29 juin 2016,DECRET,,,0
R711-2,LEGIARTI000032808528,2016-07-01,,Décret n°2016-884 du 29 juin 2016,DECRET,L333-3-1,Loi n°95-125 du 8 février 1995,LOI,,,0
R712-1,LEGIARTI000032808534,2016-07-01,,Décret n°2016-884 du 29 juin 2016,DECRET,R331-1,Décret n°2016-884 du 29 juin 2016,DECRET,,,0
R712-10,LEGIARTI000032808552,2016-07-01,,Décret n°2016-884 du 29 juin 2016,DECRET,L331-1,LOI n°2014-366 du 24 mars 2014,LOI,JORFDOLE000027617351,14,1
R712-11,LEGIARTI000032808554,2016-07-01,,Décret n°2016-884 du 29 juin 2016,DECRET,L331-1,LOI n°2013-672&#13; du 26 juillet 2013,LOI,JORFDOLE000026795365,14,1
R712-12,LEGIARTI000034671684,2018-01-01,,Décret n°2017-896 du 9 mai 2017,DECRET,L331-12,LOI n°2010-737&#13; du 1er juillet 2010,LOI,JORFDOLE000020542090,13,1
R712-13,LEGIARTI000032808560,2016-07-01,,Décret n°2016-884 du 29 juin 2016,DECRET,R331-8,Décret n°2016-884 du 29 juin 2016,DECRET,,,0
R712-14,LEGIARTI000039347953,2020-01-01,,Décret n°2019-966 du 18 septembre 2019,DECRET,R335-1,Décret n°2019-966 du 18 septembre 2019,DECRET,,,0
R712-15,LEGIARTI000032808564,2016-07-01,,Décret n°2016-884 du 29 juin 2016,DECRET,L331-3,LOI n°2014-366 du 24 mars 2014,LOI,JORFDOLE000027617351,14,1
R712-16,LEGIARTI000032808566,2016-07-01,,Décret n°2016-884 du 29 juin 2016,DECRET,L331-10,Loi n°95-125 du 8 février 1995,LOI,,,0
R712-17,LEGIARTI000032808568,2016-07-01,,Décret n°2016-884 du 29 juin 2016,DECRET,L331-3,LOI n°2014-366 du 24 mars 2014,LOI,JORFDOLE000027617351,14,1
R712-18,LEGIARTI000032808570,2016-07-01,,Décret n°2016-884 du 29 juin 2016,DECRET,R331-8-3,Décret n°2016-884 du 29 juin 2016,DECRET,,,0
R712-19,LEGIARTI000032808572,2016-07-01,,Décret n°2016-884 du 29 juin 2016,DECRET,R331-8-4,Décret n°2016-884 du 29 juin 2016,DECRET,,,0
R712-2,LEGIARTI000032808536,2016-07-01,,Décret n°2016-884 du 29 juin 2016,DECRET,L331-1,LOI n°2013-672&#13; du 26 juillet 2013,LOI,JORFDOLE000026795365,14,1
R712-20,LEGIARTI000036603149,2018-02-16,,Décret n°2018-94 du 13 février 2018,DECRET,L331-3,LOI n°2014-366 du 24 mars 2014,LOI,JORFDOLE000027617351,14,1
R712-3,LEGIARTI000032808538,2016-07-01,,Décret n°2016-884 du 29 juin 2016,DECRET,R331-2,Décret n°2016-884 du 29 juin 2016,DECRET,,,0
R712-4,LEGIARTI000032808540,2016-07-01,,Décret n°2016-884 du 29 juin 2016,DECRET,R331-3,Décret n°2016-884 du 29 juin 2016,DECRET,,,0
R712-5,LEGIARTI000032808542,2016-07-01,,Décret n°2016-884 du 29 juin 2016,DECRET,R331-4,Décret n°2016-884 du 29 juin 2016,DECRET,,,0
R712-6,LEGIARTI000032808544,2016-07-01,,Décret n°2016-884 du 29 juin 2016,DECRET,R331-5,Décret n°2016-884 du 29 juin 2016,DECRET,,,0
R712-7,LEGIARTI000032808546,2016-07-01,,Décret n°2016-884 du 29 juin 2016,DECRET,R331-6,Décret n°2016-884 du 29 juin 2016,DECRET,,,0
R712-8,LEGIARTI000032808548,2016-07-01,,Décret n°2016-884 du 29 juin 2016,DECRET,R331-7,Décret n°2016-884 du 29 juin 2016,DECRET,,,0
R712-9,LEGIARTI000032808550,2016-07-01,,Décret n°2016-884 du 29 juin 2016,DECRET,R331-7-1,Décret n°2016-884 du 29 juin 2016,DECRET,,,0
R713-1,LEGIARTI000046335951,2022-09-29,,Décret n°2022-1258 du 26 septembre 2022,DECRET,R331-9,Décret n°2022-1258 du 26 septembre 2022,DECRET,,,0
R713-10,LEGIARTI000039066366,2020-01-01,,Décret n°2019-913 du 30 août 2019,DECRET,R331-9-2,Décret n°2019-913 du 30 août 2019,DECRET,,,0
R713-11,LEGIARTI000039347947,2020-01-01,,Décret n°2019-966 du 18 septembre 2019,DECRET,R331-9-4,Décret n°2019-966 du 18 septembre 2019,DECRET,,,0
R713-2,LEGIARTI000042597404,2021-01-01,,Décret n°2020-1452 du 27 novembre 2020,DECRET,R331-9-1,Décret n°2020-1452 du 27 novembre 2020,DECRET,,,0
R713-3,LEGIARTI000039066379,2020-01-01,,Décret n°2019-913 du 30 août 2019,DECRET,R331-9-2,Décret n°2019-913 du 30 août 2019,DECRET,,,0
R713-4,LEGIARTI000039624506,2020-01-01,,Décret n°2019-1333 du 11 décembre 2019,DECRET,R331-9-2,Décret n°2026-683 du 27 juillet 2026,DECRET,,,0
R713-5,LEGIARTI000032808586,2016-07-01,,Décret n°2016-884 du 29 juin 2016,DECRET,R331-9-2,Décret n°2016-884 du 29 juin 2016,DECRET,,,0
R713-6,LEGIARTI000032808588,2016-07-01,,Décret n°2016-884 du 29 juin 2016,DECRET,R335-2,Décret n°2016-884 du 29 juin 2016,DECRET,,,0
R713-7,LEGIARTI000032808590,2016-07-01,,Décret n°2016-884 du 29 juin 2016,DECRET,R331-9-3,Décret n°2016-884 du 29 juin 2016,DECRET,,,0
R713-8,LEGIARTI000032808592,2016-07-01,,Décret n°2016-884 du 29 juin 2016,DECRET,R331-9-3,Décret n°2016-884 du 29 juin 2016,DECRET,,,0
R713-9,LEGIARTI000039347950,2020-01-01,,Décret n°2019-966 du 18 septembre 2019,DECRET,R331-9-2,Décret n°2019-966 du 18 septembre 2019,DECRET,,,0
R721-1,LEGIARTI000032808604,2016-07-01,,Décret n°2016-884 du 29 juin 2016,DECRET,R331-8-1,Décret n°2016-884 du 29 juin 2016,DECRET,,,0
R721-2,LEGIARTI000032808606,2016-07-01,,Décret n°2016-884 du 29 juin 2016,DECRET,R331-8-1,Décret n°2016-884 du 29 juin 2016,DECRET,,,0
R721-3,LEGIARTI000032808608,2016-07-01,,Décret n°2016-884 du 29 juin 2016,DECRET,R331-8-1,Décret n°2016-884 du 29 juin 2016,DECRET,,,0
R721-4,LEGIARTI000032808610,2016-07-01,,Décret n°2016-884 du 29 juin 2016,DECRET,R331-8-1,Décret n°2016-884 du 29 juin 2016,DECRET,,,0
R721-5,LEGIARTI000032808612,2016-07-01,,Décret n°2016-884 du 29 juin 2016,DECRET,R331-11-1,Décret n°2016-884 du 29 juin 2016,DECRET,,,0
R721-6,LEGIARTI000053497852,2026-04-01,,Décret n°2026-96 du 16 février 2026,DECRET,R331-11-1,Décret n°2026-96 du 16 février 2026,DECRET,,,0
R721-7,LEGIARTI000039375582,2019-09-29,,Décret n°2019-992 du 26 septembre 2019,DECRET,R331-11-2,Décret n°2019-992 du 26 septembre 2019,DECRET,,,0
R721-8,LEGIARTI000032808618,2016-07-01,,Décret n°2016-884 du 29 juin 2016,DECRET,R331-11-2,Décret n°2016-884 du 29 juin 2016,DECRET,,,0
R722-1,LEGIARTI000032808624,2016-07-01,,Décret n°2016-884 du 29 juin 2016,DECRET,R331-10,Décret n°2016-884 du 29 juin 2016,DECRET,,,0
R722-10,LEGIARTI000032808648,2016-07-01,,Décret n°2016-884 du 29 juin 2016,DECRET,R331-12,Décret n°2016-884 du 29 juin 2016,DECRET,,,0
R722-11,LEGIARTI000032808652,2016-07-01,,Décret n°2016-884 du 29 juin 2016,DECRET,R331-13,Décret n°2016-884 du 29 juin 2016,DECRET,,,0
R722-2,LEGIARTI000039066363,2020-01-01,,Décret n°2019-913 du 30 août 2019,DECRET,L331-3,LOI n°2014-366 du 24 mars 2014,LOI,JORFDOLE000027617351,14,1
R722-3,LEGIARTI000032808628,2016-07-01,,Décret n°2016-884 du 29 juin 2016,DECRET,R331-10-1,Décret n°2016-884 du 29 juin 2016,DECRET,,,0
R722-4,LEGIARTI000039347941,2020-01-01,,Décret n°2019-966 du 18 septembre 2019,DECRET,R331-10,Décret n°2019-966 du 18 septembre 2019,DECRET,,,0
R722-5,LEGIARTI000034671697,2018-01-01,,Décret n°2017-896 du 9 mai 2017,DECRET,R331-11,Décret n°2017-896 du 9 mai 2017,DECRET,,,0
R722-6,LEGIARTI000053497855,2026-04-01,,Décret n°2026-96 du 16 février 2026,DECRET,R331-11,Décret n°2026-96 du 16 février 2026,DECRET,,,0
R722-7,LEGIARTI000032808640,2016-07-01,,Décret n°2016-884 du 29 juin 2016,DECRET,R331-11-2,Décret n°2016-884 du 29 juin 2016,DECRET,,,0
R722-8,LEGIARTI000032808642,2016-07-01,,Décret n°2016-884 du 29 juin 2016,DECRET,R331-11-3,Décret n°2016-884 du 29 juin 2016,DECRET,,,0
R722-9,LEGIARTI000032808646,2016-07-01,,Décret n°2016-884 du 29 juin 2016,DECRET,R331-12,Décret n°2016-884 du 29 juin 2016,DECRET,,,0
R723-1,LEGIARTI000032808658,2016-07-01,,Décret n°2016-884 du 29 juin 2016,DECRET,R332-2,Décret n°2016-884 du 29 juin 2016,DECRET,,,0
R723-2,LEGIARTI000039066358,2020-01-01,,Décret n°2019-913 du 30 août 2019,DECRET,R332-1,Décret n°2019-913 du 30 août 2019,DECRET,,,0
R723-3,LEGIARTI000032808662,2016-07-01,,Décret n°2016-884 du 29 juin 2016,DECRET,L331-3,LOI n°2014-366 du 24 mars 2014,LOI,JORFDOLE000027617351,14,1
R723-4,LEGIARTI000032808664,2016-07-01,,Décret n°2016-884 du 29 juin 2016,DECRET,L331-3,LOI n°2014-366 du 24 mars 2014,LOI,JORFDOLE000027617351,14,1
R723-5,LEGIARTI000032808666,2016-07-01,,Décret n°2016-884 du 29 juin 2016,DECRET,R332-2,Décret n°2016-884 du 29 juin 2016,DECRET,,,0
R723-6,LEGIARTI000032808670,2016-07-01,,Décret n°2016-884 du 29 juin 2016,DECRET,R332-3,Décret n°2016-884 du 29 juin 2016,DECRET,,,0
R723-7,LEGIARTI000032808672,2016-07-01,,Décret n°2016-884 du 29 juin 2016,DECRET,R332-4,Décret n°2016-884 du 29 juin 2016,DECRET,,,0
R723-8,LEGIARTI000032808674,2016-07-01,,Décret n°2016-884 du 29 juin 2016,DECRET,L331-4,LOI n°2010-1609 du 22 décembre 2010,LOI,JORFDOLE000020132583,13,1
R724-1,LEGIARTI000034671888,2018-01-01,,Décret n°2017-896 du 9 mai 2017,DECRET,R333-1,Décret n°2017-896 du 9 mai 2017,DECRET,,,0
R724-2,LEGIARTI000032808680,2016-07-01,,Décret n°2016-884 du 29 juin 2016,DECRET,R333-2,Décret n°2016-884 du 29 juin 2016,DECRET,,,0
R724-3,LEGIARTI000034671880,2018-01-01,,Décret n°2017-896 du 9 mai 2017,DECRET,R333-3,Décret n°2017-896 du 9 mai 2017,DECRET,,,0
R724-4,LEGIARTI000032808684,2016-07-01,,Décret n°2016-884 du 29 juin 2016,DECRET,R333-3,Décret n°2016-884 du 29 juin 2016,DECRET,,,0
R724-5,LEGIARTI000051166646,2025-07-01,,Décret n°2025-125 du 12 février 2025,DECRET,R333-3,Décret n°2025-125 du 12 février 2025,DECRET,,,0
R724-6,LEGIARTI000039066350,2020-01-01,,Décret n°2019-913 du 30 août 2019,DECRET,R333-3,Décret n°2019-913 du 30 août 2019,DECRET,,,0
R724-7,LEGIARTI000034671667,2018-01-01,,Décret n°2017-896 du 9 mai 2017,DECRET,R333-3,Décret n°2017-896 du 9 mai 2017,DECRET,,,0
R724-8,LEGIARTI000034671681,2018-01-01,,Décret n°2017-896 du 9 mai 2017,DECRET,R333-3,Décret n°2017-896 du 9 mai 2017,DECRET,,,0
R731-1,LEGIARTI000034671856,2018-01-01,,Décret n°2017-896 du 9 mai 2017,DECRET,R334-1,Décret n°2017-896 du 9 mai 2017,DECRET,,,0
R731-2,LEGIARTI000032808700,2016-07-01,,Décret n°2016-884 du 29 juin 2016,DECRET,R334-1,Décret n°2016-884 du 29 juin 2016,DECRET,,,0
R731-3,LEGIARTI000032808702,2016-07-01,,Décret n°2016-884 du 29 juin 2016,DECRET,R334-1,Décret n°2016-884 du 29 juin 2016,DECRET,,,0
R732-1,LEGIARTI000036603157,2018-02-16,,Décret n°2018-94 du 13 février 2018,DECRET,R334-2,Décret n°2018-94 du 13 février 2018,DECRET,,,0
R732-2,LEGIARTI000036603160,2018-02-16,,Décret n°2018-94 du 13 février 2018,DECRET,R334-3,Décret n°2018-94 du 13 février 2018,DECRET,,,0
R733-1,LEGIARTI000034671715,2018-01-01,,Décret n°2017-896 du 9 mai 2017,DECRET,R334-4,Décret n°2017-896 du 9 mai 2017,DECRET,,,0
R733-14,LEGIARTI000038482506,2019-05-18,,Décret n°2019-455 du 16 mai 2019,DECRET,R334-14,Décret n°2019-455 du 16 mai 2019,DECRET,,,0
R733-15,LEGIARTI000039066345,2020-01-01,,Décret n°2019-966 du 18 septembre 2019,DECRET,R334-15,Décret n°2019-966 du 18 septembre 2019,DECRET,,,0
R733-16,LEGIARTI000032808746,2016-07-01,,Décret n°2016-884 du 29 juin 2016,DECRET,R334-16,Décret n°2026-683 du 27 juillet 2026,DECRET,,,0
R733-17,LEGIARTI000032808748,2016-07-01,,Décret n°2016-884 du 29 juin 2016,DECRET,R334-17,Décret n°2016-884 du 29 juin 2016,DECRET,,,0
R733-17-1,LEGIARTI000038481513,2019-05-18,,Décret n°2019-455 du 16 mai 2019,DECRET,R733-17-1,Décret n°2019-455 du 16 mai 2019,DECRET,,,0
R733-18,LEGIARTI000034671737,2018-01-01,,Décret n°2017-896 du 9 mai 2017,DECRET,R334-18,Décret n°2017-896 du 9 mai 2017,DECRET,,,0
R733-2,LEGIARTI000032808716,2016-07-01,,Décret n°2016-884 du 29 juin 2016,DECRET,R334-5,Décret n°2016-884 du 29 juin 2016,DECRET,,,0
R733-3,LEGIARTI000032808718,2016-07-01,,Décret n°2016-884 du 29 juin 2016,DECRET,R334-5,Décret n°2016-884 du 29 juin 2016,DECRET,,,0
R733-4,LEGIARTI000032808720,2016-07-01,,Décret n°2016-884 du 29 juin 2016,DECRET,R334-5-1,Décret n°2016-884 du 29 juin 2016,DECRET,,,0
R733-5,LEGIARTI000034671847,2018-01-01,,Décret n°2017-896 du 9 mai 2017,DECRET,R334-6,Décret n°2017-896 du 9 mai 2017,DECRET,,,0
R733-6,LEGIARTI000038482463,2019-05-18,,Décret n°2019-455 du 16 mai 2019,DECRET,L332-2,LOI n°2010-1609 du 22 décembre 2010,LOI,JORFDOLE000020132583,13,1
R733-7,LEGIARTI000034671663,2018-01-01,,Décret n°2017-896 du 9 mai 2017,DECRET,L331-7-1,LOI n°2013-672&#13; du 26 juillet 2013,LOI,JORFDOLE000026795365,14,1
R733-8,LEGIARTI000034671730,2018-01-01,,Décret n°2017-896 du 9 mai 2017,DECRET,R334-8,Décret n°2017-896 du 9 mai 2017,DECRET,,,0
R733-9,LEGIARTI000039347923,2020-01-01,,Décret n°2019-966 du 18 septembre 2019,DECRET,R334-9,Décret n°2019-966 du 18 septembre 2019,DECRET,,,0
R741-1,LEGIARTI000038482484,2019-05-18,,Décret n°2019-455 du 16 mai 2019,DECRET,L332-5-1,LOI n°2014-366 du 24 mars 2014,LOI,JORFDOLE000027617351,14,1
R741-10,LEGIARTI000039066337,2020-01-01,,Décret n°2019-966 du 18 septembre 2019,DECRET,R334-24,Décret n°2019-966 du 18 septembre 2019,DECRET,,,0
R741-11,LEGIARTI000032808782,2016-07-01,,Décret n°2016-884 du 29 juin 2016,DECRET,R334-25,Décret n°2026-683 du 27 juillet 2026,DECRET,,,0
R741-12,LEGIARTI000032808784,2016-07-01,,Décret n°2016-884 du 29 juin 2016,DECRET,R334-26,Décret n°2016-884 du 29 juin 2016,DECRET,,,0
R741-12-1,LEGIARTI000038481610,2019-05-18,,Décret n°2019-455 du 16 mai 2019,DECRET,R741-12-1,Décret n°2019-455 du 16 mai 2019,DECRET,,,0
R741-13,LEGIARTI000034671767,2018-01-01,,Décret n°2017-896 du 9 mai 2017,DECRET,R334-27,Décret n°2017-896 du 9 mai 2017,DECRET,,,0
R741-14,LEGIARTI000034671775,2018-01-01,,Décret n°2017-896 du 9 mai 2017,DECRET,L332-5-1,LOI n°2014-366 du 24 mars 2014,LOI,JORFDOLE000027617351,14,1
R741-15,LEGIARTI000039066332,2020-01-01,,Décret n°2019-966 du 18 septembre 2019,DECRET,R334-27-1,Décret n°2019-966 du 18 septembre 2019,DECRET,,,0
R741-16,LEGIARTI000034671819,2018-01-01,,Décret n°2017-896 du 9 mai 2017,DECRET,R334-27-2,Décret n°2017-896 du 9 mai 2017,DECRET,,,0
R741-17,LEGIARTI000034671814,2018-01-01,,Décret n°2017-896 du 9 mai 2017,DECRET,R334-27-3,Décret n°2017-896 du 9 mai 2017,DECRET,,,0
R741-18,LEGIARTI000034671772,2018-01-01,,Décret n°2017-896 du 9 mai 2017,DECRET,L332-5-2,LOI n°2014-366 du 24 mars 2014,LOI,JORFDOLE000027617351,14,1
R741-2,LEGIARTI000039066342,2020-01-01,,Décret n°2019-913 du 30 août 2019,DECRET,L332-5,LOI n°2014-366 du 24 mars 2014,LOI,JORFDOLE000027617351,14,1
R741-3,LEGIARTI000036603171,2018-02-16,,Décret n°2018-94 du 13 février 2018,DECRET,R334-20,Décret n°2018-94 du 13 février 2018,DECRET,,,0
R741-4,LEGIARTI000034671758,2018-01-01,,Décret n°2017-896 du 9 mai 2017,DECRET,R334-21,Décret n°2017-896 du 9 mai 2017,DECRET,,,0
R741-5,LEGIARTI000039347929,2020-01-01,,Décret n°2019-966 du 18 septembre 2019,DECRET,R334-22,Décret n°2019-966 du 18 septembre 2019,DECRET,,,0
R742-1,LEGIARTI000032808804,2016-07-01,,Décret n°2016-884 du 29 juin 2016,DECRET,R334-28,Décret n°2016-884 du 29 juin 2016,DECRET,,,0
R742-10,LEGIARTI000032808822,2016-07-01,,Décret n°2016-884 du 29 juin 2016,DECRET,R334-35,Décret n°2016-884 du 29 juin 2016,DECRET,,,0
R742-11,LEGIARTI000039347919,2020-01-01,,Décret n°2019-966 du 18 septembre 2019,DECRET,R334-36,Décret n°2019-966 du 18 septembre 2019,DECRET,,,0
R742-12,LEGIARTI000032808828,2016-07-01,,Décret n°2016-884 du 29 juin 2016,DECRET,R334-37,Décret n°2016-884 du 29 juin 2016,DECRET,,,0
R742-13,LEGIARTI000039066316,2020-01-01,,Décret n°2019-913 du 30 août 2019,DECRET,R334-38,Décret n°2019-913 du 30 août 2019,DECRET,,,0
R742-14,LEGIARTI000039347912,2020-01-01,,Décret n°2019-966 du 18 septembre 2019,DECRET,R334-39,Décret n°2026-683 du 27 juillet 2026,DECRET,,,0
R742-15,LEGIARTI000039347934,2020-01-01,,Décret n°2019-966 du 18 septembre 2019,DECRET,R334-39,Décret n°2026-683 du 27 juillet 2026,DECRET,,,0
R742-16,LEGIARTI000032808836,2016-07-01,,Décret n°2016-884 du 29 juin 2016,DECRET,R334-39,Décret n°2016-884 du 29 juin 2016,DECRET,,,0
R742-17,LEGIARTI000032808838,2016-07-01,,Décret n°2016-884 du 29 juin 2016,DECRET,R334-40,Décret n°2016-884 du 29 juin 2016,DECRET,,,0
R742-18,LEGIARTI000039066312,2020-01-01,,Décret n°2019-913 du 30 août 2019,DECRET,R334-41,Décret n°2019-913 du 30 août 2019,DECRET,,,0
R742-19,LEGIARTI000032808846,2016-07-01,,Décret n°2016-884 du 29 juin 2016,DECRET,R334-41,Décret n°2016-884 du 29 juin 2016,DECRET,,,0
R742-2,LEGIARTI000034671791,2018-01-01,,Décret n°2017-896 du 9 mai 2017,DECRET,R334-29,Décret n°2017-896 du 9 mai 2017,DECRET,,,0
R742-20,LEGIARTI000032808848,2016-07-01,,Décret n°2016-884 du 29 juin 2016,DECRET,R334-41,Décret n°2016-884 du 29 juin 2016,DECRET,,,0
R742-21,LEGIARTI000039066306,2020-01-01,,Décret n°2019-913 du 30 août 2019,DECRET,R334-42,Décret n°2019-913 du 30 août 2019,DECRET,,,0
R742-22,LEGIARTI000032808852,2016-07-01,,Décret n°2016-884 du 29 juin 2016,DECRET,R334-43,Décret n°2016-884 du 29 juin 2016,DECRET,,,0
R742-23,LEGIARTI000044929960,2022-01-01,,Décret n°2021-1888 du 29 décembre 2021,DECRET,R334-44,Décret n°2021-1888 du 29 décembre 2021,DECRET,,,0
R742-24,LEGIARTI000032808856,2016-07-01,,Décret n°2016-884 du 29 juin 2016,DECRET,R334-45,Décret n°2016-884 du 29 juin 2016,DECRET,,,0
R742-25,LEGIARTI000032808858,2016-07-01,,Décret n°2016-884 du 29 juin 2016,DECRET,R334-46,Décret n°2016-884 du 29 juin 2016,DECRET,,,0
R742-26,LEGIARTI000039066300,2020-01-01,,Décret n°2019-913 du 30 août 2019,DECRET,R334-47,Décret n°2019-913 du 30 août 2019,DECRET,,,0
R742-27,LEGIARTI000032808864,2016-07-01,,Décret n°2016-884 du 29 juin 2016,DECRET,R334-48,Décret n°2016-884 du 29 juin 2016,DECRET,,,0
R742-28,LEGIARTI000039066293,2020-01-01,,Décret n°2019-913 du 30 août 2019,DECRET,R334-49,Décret n°2019-913 du 30 août 2019,DECRET,,,0
R742-29,LEGIARTI000032808868,2016-07-01,,Décret n°2016-884 du 29 juin 2016,DECRET,R334-50,Décret n°2016-884 du 29 juin 2016,DECRET,,,0
R742-3,LEGIARTI000032808808,2016-07-01,,Décret n°2016-884 du 29 juin 2016,DECRET,R334-30,Décret n°2016-884 du 29 juin 2016,DECRET,,,0
R742-30,LEGIARTI000032808870,2016-07-01,,Décret n°2016-884 du 29 juin 2016,DECRET,R334-51,Décret n°2016-884 du 29 juin 2016,DECRET,,,0
R742-31,LEGIARTI000039066285,2020-01-01,,Décret n°2019-913 du 30 août 2019,DECRET,R334-52,Décret n°2019-913 du 30 août 2019,DECRET,,,0
R742-32,LEGIARTI000032808874,2016-07-01,,Décret n°2016-884 du 29 juin 2016,DECRET,R334-53,Décret n°2016-884 du 29 juin 2016,DECRET,,,0
R742-33,LEGIARTI000039345319,2020-01-01,,Décret n°2019-966 du 18 septembre 2019,DECRET,R334-54,Décret n°2019-966 du 18 septembre 2019,DECRET,,,0
R742-34,LEGIARTI000032808878,2016-07-01,,Décret n°2016-884 du 29 juin 2016,DECRET,R334-54,Décret n°2016-884 du 29 juin 2016,DECRET,,,0
R742-35,LEGIARTI000032808880,2016-07-01,,Décret n°2016-884 du 29 juin 2016,DECRET,R334-54,Décret n°2026-683 du 27 juillet 2026,DECRET,,,0
R742-36,LEGIARTI000032808882,2016-07-01,,Décret n°2016-884 du 29 juin 2016,DECRET,R334-55,Décret n°2016-884 du 29 juin 2016,DECRET,,,0
R742-37,LEGIARTI000032808884,2016-07-01,,Décret n°2016-884 du 29 juin 2016,DECRET,R334-56,Décret n°2016-884 du 29 juin 2016,DECRET,,,0
R742-38,LEGIARTI000032808886,2016-07-01,,Décret n°2016-884 du 29 juin 2016,DECRET,R334-57,Décret n°2016-884 du 29 juin 2016,DECRET,,,0
R742-39,LEGIARTI000032808888,2016-07-01,,Décret n°2016-884 du 29 juin 2016,DECRET,R334-58,Décret n°2016-884 du 29 juin 2016,DECRET,,,0
R742-4,LEGIARTI000032808810,2016-07-01,,Décret n°2016-884 du 29 juin 2016,DECRET,R334-31,Décret n°2026-683 du 27 juillet 2026,DECRET,,,0
R742-40,LEGIARTI000044929954,2022-01-01,,Décret n°2021-1888 du 29 décembre 2021,DECRET,R334-59,Décret n°2021-1888 du 29 décembre 2021,DECRET,,,0
R742-41,LEGIARTI000032808892,2016-07-01,,Décret n°2016-884 du 29 juin 2016,DECRET,R334-60,Décret n°2016-884 du 29 juin 2016,DECRET,,,0
R742-42,LEGIARTI000032808894,2016-07-01,,Décret n°2016-884 du 29 juin 2016,DECRET,R334-61,Décret n°2016-884 du 29 juin 2016,DECRET,,,0
R742-43,LEGIARTI000032808896,2016-07-01,,Décret n°2016-884 du 29 juin 2016,DECRET,R334-62,Décret n°2016-884 du 29 juin 2016,DECRET,,,0
R742-44,LEGIARTI000039066281,2020-01-01,,Décret n°2019-913 du 30 août 2019,DECRET,R334-63,Décret n°2019-913 du 30 août 2019,DECRET,,,0
R742-45,LEGIARTI000039066276,2020-01-01,,Décret n°2019-913 du 30 août 2019,DECRET,R334-64,Décret n°2019-913 du 30 août 2019,DECRET,,,0
R742-46,LEGIARTI000039066272,2020-01-01,,Décret n°2019-913 du 30 août 2019,DECRET,R334-65,Décret n°2019-913 du 30 août 2019,DECRET,,,0
R742-47,LEGIARTI000039066269,2020-01-01,,Décret n°2019-913 du 30 août 2019,DECRET,R334-66,Décret n°2019-913 du 30 août 2019,DECRET,,,0
R742-48,LEGIARTI000044929950,2022-01-01,,Décret n°2021-1888 du 29 décembre 2021,DECRET,R334-67,Décret n°2021-1888 du 29 décembre 2021,DECRET,,,0
R742-49,LEGIARTI000032808908,2016-07-01,,Décret n°2016-884 du 29 juin 2016,DECRET,R334-68,Décret n°2016-884 du 29 juin 2016,DECRET,,,0
R742-5,LEGIARTI000039066327,2020-01-01,,Décret n°2019-913 du 30 août 2019,DECRET,R334-32,Décret n°2019-913 du 30 août 2019,DECRET,,,0
R742-50,LEGIARTI000032808910,2016-07-01,,Décret n°2016-884 du 29 juin 2016,DECRET,R334-69,Décret n°2016-884 du 29 juin 2016,DECRET,,,0
R742-51,LEGIARTI000032808912,2016-07-01,,Décret n°2016-884 du 29 juin 2016,DECRET,R334-70,Décret n°2016-884 du 29 juin 2016,DECRET,,,0
R742-52,LEGIARTI000032808914,2016-07-01,,Décret n°2016-884 du 29 juin 2016,DECRET,R334-71,Décret n°2016-884 du 29 juin 2016,DECRET,,,0
R742-53,LEGIARTI000034671797,2018-01-01,,Décret n°2017-896 du 9 mai 2017,DECRET,R334-72,Décret n°2017-896 du 9 mai 2017,DECRET,,,0
R742-54,LEGIARTI000032808920,2016-07-01,,Décret n°2016-884 du 29 juin 2016,DECRET,L332-6-1,LOI n°2014-366 du 24 mars 2014,LOI,JORFDOLE000027617351,14,1
R742-55,LEGIARTI000032808922,2016-07-01,,Décret n°2016-884 du 29 juin 2016,DECRET,R334-73,Décret n°2016-884 du 29 juin 2016,DECRET,,,0
R742-55-1,LEGIARTI000038481629,2019-05-18,,Décret n°2019-455 du 16 mai 2019,DECRET,R742-55-1,Décret n°2019-455 du 16 mai 2019,DECRET,,,0
R742-56,LEGIARTI000032808926,2016-07-01,,Décret n°2016-884 du 29 juin 2016,DECRET,R334-74,Décret n°2016-884 du 29 juin 2016,DECRET,,,0
R742-56-1,LEGIARTI000038481766,2019-05-18,,Décret n°2019-455 du 16 mai 2019,DECRET,R742-56-1,Décret n°2019-455 du 16 mai 2019,DECRET,,,0
R742-57,LEGIARTI000032808928,2016-07-01,,Décret n°2016-884 du 29 juin 2016,DECRET,R334-75,Décret n°2016-884 du 29 juin 2016,DECRET,,,0
R742-6,LEGIARTI000032808814,2016-07-01,,Décret n°2016-884 du 29 juin 2016,DECRET,R334-32,Décret n°2016-884 du 29 juin 2016,DECRET,,,0
R742-7,LEGIARTI000032808816,2016-07-01,,Décret n°2016-884 du 29 juin 2016,DECRET,R334-32,Décret n°2016-884 du 29 juin 2016,DECRET,,,0
R742-8,LEGIARTI000039066323,2020-01-01,,Décret n°2019-913 du 30 août 2019,DECRET,R334-33,Décret n°2019-913 du 30 août 2019,DECRET,,,0
R742-9,LEGIARTI000034671806,2018-01-01,,Décret n°2017-896 du 9 mai 2017,DECRET,R334-34,Décret n°2017-896 du 9 mai 2017,DECRET,,,0
R743-1,LEGIARTI000034671778,2018-01-01,,Décret n°2017-896 du 9 mai 2017,DECRET,R334-76,Décret n°2017-896 du 9 mai 2017,DECRET,,,0
R743-2,LEGIARTI000032808934,2016-07-01,,Décret n°2016-884 du 29 juin 2016,DECRET,R334-77,Décret n°2016-884 du 29 juin 2016,DECRET,,,0
R752-2,LEGIARTI000045919452,2022-06-17,,Décret n°2022-890 du 14 juin 2022,DECRET,R752-2,Décret n°2022-890 du 14 juin 2022,DECRET,,,0
R761-1,LEGIARTI000032808944,2016-07-01,,Décret n°2016-884 du 29 juin 2016,DECRET,R331-8-1,Décret n°2016-884 du 29 juin 2016,DECRET,,,0
R771-1,LEGIARTI000053623149,2026-04-01,,Décret n°2026-96 du 16 février 2026,DECRET,R771-1,Décret n°2026-683 du 27 juillet 2026,DECRET,,,0
R771-2,LEGIARTI000051166545,2025-07-01,,Décret n°2025-125 du 12 février 2025,DECRET,R771-2,Décret n°2025-125 du 12 février 2025,DECRET,,,0
R771-3,LEGIARTI000035190997,2017-07-15,,Décret n°2017-1166 du 12 juillet 2017,DECRET,R771-3,Décret n°2017-1166 du 12 juillet 2017,DECRET,,,0
R771-4,LEGIARTI000035191040,2017-07-15,,Décret n°2017-1166 du 12 juillet 2017,DECRET,R771-4,Décret n°2017-1166 du 12 juillet 2017,DECRET,,,0
R771-5,LEGIARTI000035191052,2017-07-15,,Décret n°2017-1166 du 12 juillet 2017,DECRET,R771-5,Décret n°2017-1166 du 12 juillet 2017,DECRET,,,0
R771-6,LEGIARTI000039066382,2020-01-01,,Décret n°2019-966 du 18 septembre 2019,DECRET,R771-6,Décret n°2019-966 du 18 septembre 2019,DECRET,,,0
R811-1,LEGIARTI000032808958,2016-07-01,,Décret n°2016-884 du 29 juin 2016,DECRET,R411-1,Décret n°2016-884 du 29 juin 2016,DECRET,,,0
R811-2,LEGIARTI000032808960,2016-07-01,,Décret n°2016-884 du 29 juin 2016,DECRET,R411-2,Décret n°2016-884 du 29 juin 2016,DECRET,,,0
R811-3,LEGIARTI000032808962,2016-07-01,,Décret n°2016-884 du 29 juin 2016,DECRET,R411-3,Décret n°2016-884 du 29 juin 2016,DECRET,,,0
R811-4,LEGIARTI000032808964,2016-07-01,,Décret n°2016-884 du 29 juin 2016,DECRET,R411-4,Décret n°2016-884 du 29 juin 2016,DECRET,,,0
R811-5,LEGIARTI000032808966,2016-07-01,,Décret n°2016-884 du 29 juin 2016,DECRET,R411-5,Décret n°2016-884 du 29 juin 2016,DECRET,,,0
R811-6,LEGIARTI000032808968,2016-07-01,,Décret n°2016-884 du 29 juin 2016,DECRET,R411-6,Décret n°2016-884 du 29 juin 2016,DECRET,,,0
R811-7,LEGIARTI000032808970,2016-07-01,,Décret n°2016-884 du 29 juin 2016,DECRET,R411-7,Décret n°2016-884 du 29 juin 2016,DECRET,,,0
R812-1,LEGIARTI000032808974,2016-07-01,,Décret n°2016-884 du 29 juin 2016,DECRET,R431-1,Décret n°2016-884 du 29 juin 2016,DECRET,,,0
R812-2,LEGIARTI000032808976,2016-07-01,,Décret n°2016-884 du 29 juin 2016,DECRET,R431-2,Décret n°2016-884 du 29 juin 2016,DECRET,,,0
R812-3,LEGIARTI000032808978,2016-07-01,,Décret n°2016-884 du 29 juin 2016,DECRET,R431-3,Décret n°2016-884 du 29 juin 2016,DECRET,,,0
R822-18,LEGIARTI000053731469,2026-03-31,,Décret n°2026-215 du 28 mars 2026,DECRET,R122-1,Décret n°2026-215 du 28 mars 2026,DECRET,,,0
R822-19,LEGIARTI000035208432,2017-07-15,,,,R132-4,Décret n°2016-884 du 29 juin 2016,DECRET,,,0
R822-20,LEGIARTI000035208424,2017-07-15,,,,R132-5,Décret n°2016-884 du 29 juin 2016,DECRET,,,0
R822-21,LEGIARTI000035208416,2017-07-15,,,,R132-6,Décret n°2016-884 du 29 juin 2016,DECRET,,,0
R822-28,LEGIARTI000035208403,2017-07-15,,Décret n°2017-1166 du 12 juillet 2017,DECRET,R534-13,Décret n°2017-1166 du 12 juillet 2017,DECRET,,,0
R822-29,LEGIARTI000035208396,2017-07-15,,Décret n°2017-1166 du 12 juillet 2017,DECRET,R534-14,Décret n°2017-1166 du 12 juillet 2017,DECRET,,,0
R822-30,LEGIARTI000053731461,2026-03-31,,Décret n°2026-215 du 28 mars 2026,DECRET,R534-15,Décret n°2026-215 du 28 mars 2026,DECRET,,,0
R822-31,LEGIARTI000035208378,2017-07-15,,,,R534-16,Décret n°2016-884 du 29 juin 2016,DECRET,,,0
R822-32,LEGIARTI000053731451,2026-03-31,,Décret n°2026-215 du 28 mars 2026,DECRET,R534-17,Décret n°2026-215 du 28 mars 2026,DECRET,,,0
R823-1,LEGIARTI000032809108,2016-07-01,,Décret n°2016-884 du 29 juin 2016,DECRET,R823-1,Décret n°2016-884 du 29 juin 2016,DECRET,,,0
R823-10,LEGIARTI000049239025,2024-03-07,,Décret n°2024-170 du 4 mars 2024,DECRET,R823-10,Décret n°2024-170 du 4 mars 2024,DECRET,,,0
R823-11,LEGIARTI000049239034,2024-03-07,,Décret n°2024-170 du 4 mars 2024,DECRET,R823-11,Décret n°2024-170 du 4 mars 2024,DECRET,,,0
R823-13,LEGIARTI000049239173,2025-05-26,,Décret n°2024-170 du 4 mars 2024,DECRET,R823-13,Décret n°2024-170 du 4 mars 2024,DECRET,,,0
R823-15,LEGIARTI000049239059,2024-03-07,,Décret n°2024-170 du 4 mars 2024,DECRET,R823-15,Décret n°2024-170 du 4 mars 2024,DECRET,,,0
R823-16,LEGIARTI000033978873,2017-02-04,,Décret n°2017-125 du 1er février 2017,DECRET,R823-16,Décret n°2017-125 du 1er février 2017,DECRET,,,0
R823-18,LEGIARTI000038905857,2019-08-01,,Décret n°2019-798 du 26 juillet 2019,DECRET,R823-18,Décret n°2019-798 du 26 juillet 2019,DECRET,,,0
R823-19,LEGIARTI000049239065,2024-03-07,,Décret n°2024-170 du 4 mars 2024,DECRET,R823-19,Décret n°2024-170 du 4 mars 2024,DECRET,,,0
R823-2,LEGIARTI000049238976,2025-11-20,,Décret n°2024-170 du 4 mars 2024,DECRET,R823-2,Décret n°2024-170 du 4 mars 2024,DECRET,,,0
R823-3,LEGIARTI000032809112,2016-07-01,,Décret n°2016-884 du 29 juin 2016,DECRET,R823-3,Décret n°2016-884 du 29 juin 2016,DECRET,,,0
R823-4,LEGIARTI000049238979,2024-03-07,,Décret n°2024-170 du 4 mars 2024,DECRET,R823-4,Décret n°2024-170 du 4 mars 2024,DECRET,,,0
R823-5,LEGIARTI000049238989,2024-03-07,,Décret n°2024-170 du 4 mars 2024,DECRET,R823-5,Décret n°2024-170 du 4 mars 2024,DECRET,,,0
R823-6,LEGIARTI000049238995,2024-03-07,,Décret n°2024-170 du 4 mars 2024,DECRET,R823-6,Décret n°2024-170 du 4 mars 2024,DECRET,,,0
R823-7,LEGIARTI000049239001,2024-03-07,,Décret n°2024-170 du 4 mars 2024,DECRET,R823-7,Décret n°2024-170 du 4 mars 2024,DECRET,,,0
R823-8,LEGIARTI000049239010,2024-03-07,,Décret n°2024-170 du 4 mars 2024,DECRET,R823-8,Décret n°2024-170 du 4 mars 2024,DECRET,,,0
R823-9,LEGIARTI000049239019,2024-03-07,,Décret n°2024-170 du 4 mars 2024,DECRET,R823-9,Décret n°2024-170 du 4 mars 2024,DECRET,,,0
